regla,costo_pp
piso,12.300913904895893
piso,1.3904516695310898
piso,23.365746914595718
piso,27.72384055577335
piso,8.804527811265729
piso,34.51501078575186
piso,4.565203805495455
piso,28.217248248620376
piso,35.57430283489682
piso,6.07775285619454
piso,23.118533002604025
piso,22.452697276597156
piso,21.49346465989388
piso,8.389001676520746
piso,8.42168441680029
piso,5.718430532165897
piso,29.698534724906047
piso,16.46843381490859
piso,41.59225926584222
piso,15.728998981024578
piso,25.51760795465445
piso,16.551846693129967
piso,9.204721657361702
piso,9.6286841705443
piso,-1.1883654167803348
piso,4.453379864693696
piso,0.2497174090323684
piso,8.779146187002084
piso,30.209906741490002
piso,41.59225926584222
piso,34.25800196981712
piso,28.393065498229486
piso,23.470922755041958
piso,6.927243789462834
piso,13.276895216152052
piso,19.99889547532373
piso,41.59225926584222
piso,3.8432838829383753
piso,21.059255552788336
piso,12.315032392520386
piso,36.41045856877718
piso,9.455210610418652
piso,9.90515037838029
piso,4.057831384618016
piso,24.797464843985708
piso,19.740868309436
piso,23.60949120615443
piso,14.709054263597654
piso,22.078377914691483
piso,0.09788578815266291
piso,58.33211161176977
piso,7.136338218759497
piso,0.08332241115325267
piso,4.002494623939357
piso,26.075089758481962
piso,8.46080611378055
piso,13.242702611152835
piso,15.597886893859503
piso,11.858655506639582
piso,38.14835809520822
piso,27.60798822037893
piso,7.334354554017675
piso,22.57915040323988
piso,10.840455698952267
piso,6.509396275453039
piso,24.437972592093814
piso,34.87555407961109
piso,33.117824375824846
piso,20.33093064555831
piso,39.45511265570896
piso,9.092625164881563
piso,5.250669872645064
piso,29.2063071220916
piso,25.716474387889342
piso,1.2816579226415215
piso,41.59225926584222
piso,3.4926184159633555
piso,17.99663731999994
piso,14.092781706379022
piso,16.833896281233084
piso,11.697309703571035
piso,0.6397560419769244
piso,46.45309207680776
piso,15.50759788783369
piso,20.386424293074732
piso,29.203705942006675
piso,28.273833425207464
piso,17.12479353724392
piso,6.041018684848742
piso,12.627638990237067
piso,26.25662334355894
piso,38.92685055004299
piso,17.34570343837809
piso,17.31548576294396
piso,10.367349107038448
piso,8.37050904151615
piso,9.455210610418652
piso,37.444935261105414
piso,32.27212328316244
piso,12.756551959200536
piso,27.114394352298966
piso,13.041978502576491
piso,39.08601619919345
piso,19.12941439026814
piso,19.287322286041352
piso,15.689488736740165
piso,15.123348831737115
piso,15.45493398503648
piso,26.7608029799677
piso,9.14159611932619
piso,15.078023684613907
piso,25.052085740555064
piso,23.05410774294878
piso,46.45309207680776
piso,5.718430532165897
piso,17.480640046493278
piso,10.684507805610366
piso,5.718430532165897
piso,22.924676879165574
piso,14.091136766568258
piso,15.92585909534414
piso,50.43118493233592
piso,39.09883854019971
piso,12.923725163035282
piso,22.079775493555232
piso,0.9953162690880868
piso,10.551449806734636
piso,28.217248248620376
piso,14.068153556400919
piso,19.429763278114542
piso,-0.8798682287611603
piso,23.470922755041958
piso,20.574363803675833
piso,2.9388671775254505
piso,17.360847176468397
piso,15.15646334756513
piso,10.430112193833029
piso,27.165225677579365
piso,41.59225926584222
piso,19.054483104707675
piso,4.730156522823137
piso,21.594235753356127
piso,28.217248248620376
piso,6.8265368264947
piso,19.728397323831626
piso,13.864715123327166
piso,24.422593612688836
piso,23.470922755041958
piso,9.762155776795002
piso,16.13131151431173
piso,36.195269005418254
piso,22.222117705446507
piso,14.423521441058075
piso,17.967391539933473
piso,12.80427815269205
piso,36.86691771030735
piso,28.78011725232732
piso,11.545015250453506
piso,4.653593809800838
piso,41.32832123956636
piso,6.041018684848742
piso,27.25544979549872
piso,20.87441885236445
piso,10.220975376424324
piso,19.069141893393283
piso,5.718430532165897
piso,8.804527811265729
piso,25.712989850467814
piso,11.571430973475927
piso,5.36739579515626
piso,43.72453692147318
piso,3.7610925533058115
piso,26.85884847825657
piso,8.517684836094762
piso,10.070971672213158
piso,12.502505367267847
piso,12.105110216533642
piso,20.51414274701542
piso,6.037521844292915
piso,18.625728653084984
piso,12.755858662660579
piso,28.217248248620376
piso,18.142874158595234
piso,7.931069245793498
piso,17.566029148385287
piso,-8.161293147000448
piso,5.718430532165897
piso,23.760138539886277
piso,22.59353722477322
piso,9.887564208059096
piso,28.217248248620376
piso,24.34118144927062
piso,7.582591279639628
piso,32.402783412103254
piso,22.639128176647528
piso,67.08103030989663
piso,23.379760653065663
piso,12.817836597277555
piso,28.273833425207464
piso,43.583299166741305
piso,2.8621980549287995
piso,29.932604329025537
piso,48.04419645855755
piso,19.50171640227476
piso,6.041018684848742
piso,6.799074863049448
piso,9.169662240651078
piso,14.600394314161203
piso,6.041018684848742
piso,-5.090271278754432
piso,12.923725163035282
piso,12.81103328305917
piso,25.75479685003268
piso,28.638069901570475
piso,23.846456281337638
piso,22.677375553634672
piso,24.355992359057698
piso,12.634507888069635
piso,6.9325005706903475
piso,5.718430532165897
piso,17.25390643915432
piso,28.217248248620376
piso,11.324451479398522
piso,50.07453594737432
piso,27.88378415962265
piso,23.139670372547737
piso,6.902405616055174
piso,4.480300224956557
piso,11.471495848418556
piso,6.041018684848742
piso,2.078348351642001
piso,7.676922731332891
piso,3.7995265021837143
piso,13.257295862978925
piso,21.51435452617363
piso,18.816603630342964
piso,29.420395579085024
piso,10.04477014358509
piso,67.11784093056534
piso,28.217248248620376
piso,6.698451396642358
piso,13.070890655807377
piso,8.452972414551807
piso,28.217248248620376
piso,4.943608956430823
piso,14.750579196662972
piso,2.667997427695612
piso,24.70208941524261
piso,-0.6860474688904494
piso,22.29216198828279
piso,32.47080367444391
piso,4.3960674505111985
piso,28.217248248620376
piso,6.243163995700285
piso,1.434065575450183
piso,17.364356052710416
piso,18.173707615799863
piso,9.776945567570705
piso,10.94276374462677
piso,4.928082848706716
piso,-2.4627153276090885
piso,19.268897957992948
piso,38.39795791620952
piso,25.05362789999418
piso,33.35824780922183
piso,37.94216832294164
piso,16.826198412397943
piso,1.0186964941782506
piso,10.663668433438357
piso,20.61406103702219
piso,12.160161542274505
piso,11.825017607152489
piso,8.072773340850926
piso,41.59225926584222
piso,12.717313443962553
piso,9.045237712863852
piso,37.760470750908716
piso,28.217248248620376
piso,0.0821487423201761
piso,23.981563708923314
piso,19.722471887094528
piso,23.470922755041958
piso,15.119589064440863
piso,41.241687607640685
piso,48.935931070342775
piso,10.907302924311434
piso,2.101902384749743
piso,3.9581843875505784
piso,16.28267365887197
piso,17.64148818782605
piso,22.813882731105494
piso,12.249134936420747
piso,12.565122065532265
piso,14.208426879825486
piso,7.685031994058411
piso,12.218249719431885
piso,-10.273970746861693
piso,29.201313025544184
piso,25.275027315274357
piso,53.19817092842296
piso,14.584534562349805
piso,39.69271532479483
piso,9.064914011204262
piso,41.59225926584222
piso,20.561884489338546
piso,13.686427164028226
piso,11.437951068788799
piso,29.846546644110795
piso,16.08935265823961
piso,23.11550822296564
piso,2.1967275229570316
piso,30.703290346507806
piso,41.59225926584222
piso,-0.43395765436358147
piso,5.718430532165897
piso,16.527700965318527
piso,41.50712107589503
piso,12.29908540012763
piso,23.470922755041958
piso,26.056424052359706
piso,19.24659707023173
piso,24.763701474393162
piso,8.197389495340301
piso,28.217248248620376
piso,12.600430243397764
piso,20.22376505579406
piso,28.90858434134499
piso,5.306670156824134
piso,29.052904214318133
piso,33.36346854624672
piso,7.00970819633887
piso,28.217248248620376
piso,6.358556041440688
piso,27.5384789871191
piso,23.727216110101534
piso,25.901960208238563
piso,5.718430532165897
piso,20.47559381207782
piso,19.30073500914785
piso,25.361806923485332
piso,8.292744551298735
piso,0.8470372529068682
piso,2.2211018604276767
piso,14.986808800861407
piso,4.723740501474305
piso,12.650472657732625
piso,25.086719188994167
piso,23.470922755041958
piso,5.43558322666613
piso,28.217248248620376
piso,24.782892970808955
piso,9.455210610418652
piso,-1.072738207677948
piso,41.59225926584222
piso,12.944337677902595
piso,25.08563974457607
piso,6.4799406985948105
piso,28.466748565390056
piso,25.26349681414628
piso,17.69494146178556
piso,10.510392297060456
piso,2.6447634957033506
piso,14.296154445491304
piso,4.632739511836248
piso,5.25323283696344
piso,28.217248248620376
piso,31.019911463038063
piso,41.59225926584222
piso,31.933072742982937
piso,21.326005043484187
piso,8.076876546247336
piso,14.415732773432444
piso,33.35561889275378
piso,16.76286385912269
piso,10.737604855144657
piso,10.75949771578566
piso,4.415209105805706
piso,17.49151312824493
piso,10.837333963808637
piso,7.790818251953702
piso,20.104845659357974
piso,5.718430532165897
piso,41.59225926584222
piso,5.253785548965784
piso,11.827635534729497
piso,8.810851091773664
piso,44.74207671969961
piso,1.578480714153474
piso,41.59225926584222
piso,28.217248248620376
piso,24.585720178839953
piso,4.653192844684795
piso,16.94674613688607
piso,11.654961809355214
piso,30.06786540368229
piso,27.373540354561644
piso,28.217248248620376
piso,18.625129198154955
piso,17.8740887661041
piso,13.692666062454917
piso,30.83516352546396
piso,8.982466498888964
piso,3.5628299085174397
piso,49.40533560019731
piso,29.542468878160243
piso,22.828154641338493
piso,9.615698969547982
piso,16.209479050687325
piso,14.92260038924047
piso,7.376043943335686
piso,12.759294442957225
piso,10.12706803340514
piso,33.408632017621855
piso,36.742083360809865
piso,10.65145542780348
piso,28.217248248620376
piso,12.817836597277555
piso,18.781388223619278
piso,19.080321690282997
piso,13.261582271265404
piso,14.094388331658081
piso,7.478340135862971
piso,4.562864096490582
piso,17.890553804137244
piso,32.16866848512965
piso,31.971617149314604
piso,39.00615908962266
piso,22.908391002839814
piso,25.273705776358323
piso,11.875443724168978
piso,20.079548879043063
piso,12.132242008195293
piso,33.81426559883407
piso,1.583166131119862
piso,-5.368099870857712
piso,2.27473030906149
piso,25.095269837885358
piso,8.050349005219083
piso,25.08025335225956
piso,16.258737360555276
piso,28.287864805092443
piso,40.625954726901384
piso,6.749773742360965
piso,27.108435881758595
piso,9.699664690357146
piso,8.874034959302502
piso,19.538993058760703
piso,17.414064704394995
piso,25.66729691542813
piso,33.711847611937905
piso,32.47167744649546
piso,6.41707416579318
piso,42.20854057212841
piso,24.89556852700472
piso,17.7703889883297
piso,27.551399444323366
piso,6.1821750098315364
piso,17.110136888291237
piso,8.804527811265729
piso,13.8852261425094
piso,17.110848752584463
piso,29.20204301337329
piso,23.606025854440094
piso,0.09788578815266291
piso,2.8774139990106473
piso,51.53700043570972
piso,3.051511914144278
piso,24.067515161836827
piso,10.362348238280694
piso,23.205847612549025
piso,21.00793301378161
piso,30.474400042381088
piso,19.28951801768197
piso,5.5312100621091265
piso,5.718430532165897
piso,26.21949477241744
piso,28.217248248620376
piso,8.814097617135364
piso,24.476754866408644
piso,13.704769779061499
piso,6.203170639406008
piso,7.413494108313112
piso,29.445466951437037
piso,22.648851511995737
piso,5.718430532165897
piso,-0.29390623045295605
piso,25.81808630532132
piso,28.217248248620376
piso,40.34178119010956
piso,25.92024463178719
piso,38.69087499685242
piso,8.804527811265729
piso,52.53599823391928
piso,-23.40870615799733
piso,41.94659698590879
piso,5.735397664075559
piso,6.979979553373661
piso,22.50367862030741
piso,1.103097192905822
piso,13.30217390259012
piso,28.139702179940297
piso,10.525725828974508
piso,28.299234058431722
piso,12.335666441219217
piso,0.2497174090323684
piso,29.700658957573435
piso,41.59225926584222
piso,-1.2064725506870433
piso,13.194552146471539
piso,26.99950112034024
piso,17.373978479424814
piso,29.24793786984501
piso,-4.555499135422325
piso,25.615121772351614
piso,23.470922755041958
piso,30.43613987510987
piso,15.772494701377848
piso,28.687631172321183
piso,13.026652778292258
piso,36.4178859263145
piso,14.57883132220228
piso,-3.0888597030177545
piso,14.01986986658641
piso,25.378786349554062
piso,34.47812756570507
piso,55.31935848151222
piso,9.853064548646595
piso,4.723740501474305
piso,28.217248248620376
piso,41.59225926584222
piso,5.205989336230665
piso,10.161215916193855
piso,47.497818908580584
piso,9.253745106693657
piso,27.197352298146328
piso,9.902386310748913
piso,25.163984450845224
piso,14.932745661490166
piso,18.978377749175568
piso,-3.572832790472402
piso,24.63964699089196
piso,17.240011600874894
piso,34.227925873701516
piso,22.840382712812545
piso,3.8749663793311795
piso,28.273833425207464
piso,10.813001218767104
piso,21.09977709570274
piso,2.0576410862440886
piso,23.379760653065663
piso,18.542827677006144
piso,41.59225926584222
piso,16.896839907313122
piso,12.00767385754753
piso,11.22470908723776
piso,7.837750560940315
piso,13.036820116258308
piso,43.4673208211595
piso,1.5809780415886099
piso,16.43009909087121
piso,29.760544728076287
piso,28.582462040190116
piso,6.830105185367064
piso,24.674373705566754
piso,38.747070421311406
piso,5.718430532165897
piso,34.33823766954374
piso,41.59225926584222
piso,22.92658215692409
piso,5.718430532165897
piso,33.26966712200343
piso,24.01525788403407
piso,16.894626199527508
piso,28.217248248620376
piso,5.972897313818271
piso,16.734788500167518
piso,41.446525564857886
piso,18.84761392046539
piso,36.82369895701812
piso,19.949762848065077
piso,26.97560799988683
piso,26.047172113603743
piso,15.545890635962456
piso,22.04608797586993
piso,10.394544317150412
piso,41.59225926584222
piso,1.551423346080738
piso,14.605214829091429
piso,7.424176257233639
piso,3.2218596725847926
piso,37.50530266680057
piso,28.217248248620376
piso,18.088616704584105
piso,21.87447135437026
piso,10.223864053608366
piso,15.289398239283681
piso,28.184742800354456
piso,28.217248248620376
piso,28.386393338980632
piso,19.50649680891059
piso,13.937080909919363
piso,13.365034007058574
piso,7.624175522437215
piso,-0.13357822091448757
piso,34.51501078575186
piso,5.718430532165897
piso,1.6533804550684206
piso,12.775060190712617
piso,14.562421141903325
piso,24.650836038089707
piso,17.52350787804281
piso,27.006599496667704
piso,7.212165329967402
piso,18.87624768447429
piso,17.12002676620472
piso,10.107908223043482
piso,29.29373504163646
piso,6.897335045786002
piso,23.905570400420185
piso,20.22974955158746
piso,5.721075129363074
piso,14.3026195951371
piso,44.22728582745481
piso,18.153308765119426
piso,55.64356570490292
piso,19.29938650158629
piso,18.04971777606187
piso,13.68997094023079
piso,12.121197301753451
piso,30.01375759830833
piso,23.379760653065663
piso,2.328996217161783
piso,26.01389467878663
piso,11.45741297607541
piso,5.244998179345384
piso,-0.738156084784003
piso,14.51913660605939
piso,20.029758688244193
piso,34.51501078575186
piso,26.04311836394846
piso,23.761591133376236
piso,28.463889033024326
piso,20.323935807785155
piso,10.406941561707871
piso,6.929005218284101
piso,1.3522891304045936
piso,12.470768512104069
piso,9.617343191415983
piso,8.698801806267475
piso,8.838515484567711
piso,31.379985619620054
piso,19.08700218069339
piso,-0.5765052635046564
piso,26.627467835280516
piso,16.99447867682624
piso,21.100715393212976
piso,26.644244063457712
piso,28.217248248620376
piso,9.41139522361414
piso,8.101919759660081
piso,8.425187318421589
piso,24.606173910878226
piso,25.519515994300377
piso,21.58302351677448
piso,10.965645730882635
piso,39.9430434776306
piso,13.7006120841217
piso,27.10061787681117
piso,40.04835780965232
piso,28.217248248620376
piso,28.217248248620376
piso,-2.6647894002581607
piso,2.962907136050519
piso,32.873023690632074
piso,22.348990861545847
piso,31.338442053099016
piso,16.90331342265583
piso,34.29562436156872
piso,28.3790609649055
piso,19.130826785446644
piso,30.090773697619078
piso,5.718430532165897
piso,24.616763154364474
piso,41.51248751648098
piso,28.217248248620376
piso,31.121702621019985
piso,29.734698589998466
piso,9.475656249666976
piso,2.771233101335424
piso,26.136759391215847
piso,9.96563040305658
piso,41.59225926584222
piso,15.509718743328271
piso,17.229331742585032
piso,21.297054690150198
piso,0.09788578815266291
piso,30.106018023683333
piso,35.514877345694806
piso,21.522725741936387
piso,28.217248248620376
piso,3.486373957650435
piso,19.41108588798045
piso,12.188277095693078
piso,19.880659573754112
piso,9.078128927100426
piso,28.217248248620376
piso,16.55667881936409
piso,22.301554934621358
piso,18.00323582719683
piso,20.740024402162717
piso,13.403843782353174
piso,14.809991346022745
piso,19.886174853104
piso,42.04827286842996
piso,16.123079861597667
piso,23.470922755041958
piso,28.217248248620376
piso,18.69340077739072
piso,8.651386121648263
piso,11.706074946643197
piso,24.803964599649508
piso,41.59225926584222
piso,6.041018684848742
piso,21.52572895835869
piso,28.245466092006378
piso,12.407326924944794
piso,32.47028045067005
piso,38.46524521774766
piso,21.523197421972817
piso,41.59225926584222
piso,27.76127127204344
piso,2.9764386024167866
piso,4.427105705989964
piso,22.472183617543774
piso,12.304176295957813
piso,20.772941263018517
piso,5.718430532165897
piso,28.217248248620376
piso,20.77002545017226
piso,8.353547974050567
piso,8.993627171202
piso,24.126038174635312
piso,21.469182381924657
piso,13.674768543877391
piso,25.662024108247095
piso,8.746863655079263
piso,7.20690215947799
piso,13.310844880092843
piso,25.746089573739674
piso,28.001634368644957
piso,1.7381426909815145
piso,8.492651983901078
piso,28.9497874322012
piso,15.754453840933547
piso,8.712806132892737
piso,18.614283533178046
piso,5.369510864313898
piso,44.86090665733941
piso,0.5764342901919406
piso,10.649053678831955
piso,20.805345662160356
piso,18.477691660622455
piso,15.824016470578318
piso,8.116220434340505
piso,28.35995844581447
piso,28.772205352551673
piso,26.26876941097184
piso,10.159311499736102
piso,7.877172875404725
piso,5.118023981617137
piso,46.38209683225174
piso,41.59225926584222
piso,54.13995381596028
piso,13.295640217481285
piso,27.531580341634477
piso,31.327528415305284
piso,-4.186769836223037
piso,12.923725163035282
piso,27.93577680856998
piso,49.349667387041116
piso,8.035567412009993
piso,28.41269445571728
piso,20.951235695433933
piso,17.415932862218185
piso,29.425044869407422
piso,23.470922755041958
piso,9.812522773168064
piso,23.470922755041958
piso,1.7638764458351774
piso,5.24107145559678
piso,20.367253715553566
piso,19.162185545215472
piso,16.7667709658615
piso,19.221156118253468
piso,10.367349107038448
piso,38.47715411231404
piso,36.36589145087186
piso,13.424278002015466
piso,-1.4435067633351117
piso,20.486911302629075
piso,12.691367920759532
piso,24.28059583983897
piso,27.601773237025018
piso,8.596289299128168
piso,22.19944671988332
piso,21.367519996773133
piso,40.868538285273374
piso,3.6814422989825735
piso,9.466871582808956
piso,52.399281073315926
piso,27.75370536202171
piso,12.77369679271021
piso,-5.022688713909806
piso,34.46456734433313
piso,8.818709550040582
piso,11.40314960312998
piso,39.492055045187
piso,41.59225926584222
piso,18.515300046287898
piso,26.603507012253136
piso,11.239089764024534
piso,86.42722145538913
piso,59.04720136887227
piso,18.408112364643436
piso,23.41647265259529
piso,41.59225926584222
piso,5.718430532165897
piso,1.337154425244047
piso,6.041018684848742
piso,2.836589598746375
piso,31.718594604345828
piso,16.99288024786545
piso,9.871048628564228
piso,24.278787157160366
piso,22.29477724459519
piso,31.567011178747716
piso,29.172104951306153
piso,7.155330845477503
piso,6.631682431386476
piso,23.123898698516477
piso,29.626056694416448
piso,17.471295934020304
piso,15.01154484605568
piso,19.023458901627798
piso,15.886515533879987
piso,36.07629253625395
piso,18.88179534141785
piso,19.846722420841047
piso,9.028225145501578
piso,9.182033775831599
piso,19.84580859693148
piso,5.718430532165897
piso,12.458697234119764
piso,11.524946197238561
piso,17.82958130014489
piso,39.81537096270367
piso,13.990243853687156
piso,28.217248248620376
piso,34.49781162983933
piso,21.620735045343253
piso,8.062442139326475
piso,41.59225926584222
piso,16.76286385912269
piso,32.76743577665692
piso,20.207538255617187
piso,28.992164423612998
piso,34.893029882434476
piso,17.61885681312907
piso,28.217248248620376
piso,41.59225926584222
piso,9.455210610418652
piso,5.217451423680419
piso,28.217248248620376
piso,27.813094112887484
piso,-2.5052071757419636
piso,26.22709918345061
piso,28.217248248620376
piso,25.269310021140367
piso,10.98879998815816
piso,20.091116409491573
piso,27.36873971843532
piso,9.104646627947277
piso,41.59225926584222
piso,5.95902321945847
piso,4.723740501474305
piso,20.464796744097313
piso,10.237871512237163
piso,13.535284943809177
piso,18.271771579012896
piso,26.225622855076438
piso,10.634115529577226
piso,2.613250193983463
piso,54.32241261698463
piso,13.85938685365602
piso,20.390005375248176
piso,41.44908727772905
piso,22.653501279929912
piso,22.69295641725726
piso,6.685181094281001
piso,32.71440216422236
piso,31.38097204104888
piso,20.64007648552564
piso,28.685213896603923
piso,26.79562013691451
piso,8.620365701561838
piso,-5.966104140023476
piso,17.37682737897276
piso,24.083917349466553
piso,39.36924405560984
piso,41.59225926584222
piso,31.455723474586527
piso,8.95344806157652
piso,19.381523578337557
piso,33.51552806727713
piso,17.159692809630712
piso,12.019949377425409
piso,7.964115569622421
piso,10.142348016365265
piso,33.42758029269521
piso,8.110889655654052
piso,30.931010324288266
piso,10.848271583065427
piso,20.631120217528753
piso,21.482872170418233
piso,12.413124536393427
piso,14.812614457048035
piso,20.550942905059124
piso,18.301126721519378
piso,8.511663396771652
piso,20.54280655023273
piso,17.166184003711905
piso,7.685995227217979
piso,36.923216224432906
piso,16.476222868985026
piso,44.455791772347766
piso,29.211338436180267
piso,21.13209270151104
piso,20.115956718834905
piso,28.217248248620376
piso,21.2617976473223
piso,26.682383602393077
piso,16.725061365718762
piso,12.774785823944622
piso,18.092873011300025
piso,9.43178651928367
piso,20.316883685687912
piso,2.8504535359614946
piso,9.344580545692072
piso,26.78354554996899
piso,19.59738213022717
piso,8.620309904213496
piso,23.99221372517195
piso,39.785750604951566
piso,22.829639525306188
piso,4.912071187582567
piso,41.59225926584222
piso,36.887444701292225
piso,6.701622776534744
piso,18.53837418071449
piso,23.817543978846366
piso,9.247742773190314
piso,-1.1777377931266875
piso,19.202892359352063
piso,-7.538107817991091
piso,18.611428562245603
piso,28.303239172673877
piso,41.59225926584222
piso,24.01239615053563
piso,28.84617658818467
piso,44.65682348725342
piso,26.948731244623247
piso,22.78660418427325
piso,22.137315160419767
piso,28.217248248620376
piso,33.0183504200791
piso,17.605831684764773
piso,14.937962882563948
piso,28.217248248620376
piso,-2.47672666711094
piso,15.389761753235497
piso,22.966514119616765
piso,-8.251797290068662
piso,14.38515807852454
piso,21.83181920290711
piso,38.17047723309122
piso,2.185363765479953
piso,12.904899223801847
piso,4.261748286431066
piso,23.931809533903213
piso,34.744812136982276
piso,49.871385460423376
piso,32.93385576854482
piso,20.840799039451618
piso,20.64598502976719
piso,23.085593545439576
piso,36.35646167906537
piso,28.801542862780405
piso,21.26544119706757
piso,6.70563907271664
piso,5.718430532165897
piso,13.789848646327629
piso,5.185492080817888
piso,15.17532780918469
piso,33.045680136085394
piso,0.13771698517350828
piso,36.641819820967456
piso,21.94754247254368
piso,34.51501078575186
piso,41.59225926584222
piso,28.217248248620376
piso,-6.520572858955442
piso,22.71076563781307
piso,14.940891119869203
piso,5.41996735780812
piso,40.99837071493296
piso,41.59225926584222
piso,29.323171001733918
piso,19.47839491548229
piso,12.817836597277555
piso,28.217248248620376
piso,19.726019369329162
piso,4.818754059086228
piso,15.697741265004472
piso,10.392434849341248
piso,12.425953781640686
piso,15.137625111150355
piso,4.0678282715734815
piso,16.51634529106546
piso,27.4343280154136
piso,13.75518278139809
piso,7.1353451295467885
piso,3.9612175180743003
piso,22.934779635663848
piso,11.812776976734241
piso,5.718430532165897
piso,27.541960705701317
piso,12.069812170240324
piso,10.804361801107964
piso,3.0026792461936624
piso,10.671448999128753
piso,13.785204174766907
piso,16.285734358697333
piso,5.531209448366758
piso,2.9259621493600285
piso,46.53713604434302
piso,8.786040690316277
piso,11.808378425807152
piso,10.73543238471457
piso,18.640332305241934
piso,26.932115684311707
piso,8.916162650302017
piso,30.637750894151484
piso,6.002701020477219
piso,15.90734206725224
piso,20.721093358255317
piso,6.249130846467388
piso,11.490957779737698
piso,31.675445834638317
piso,17.577412779801005
piso,10.851871362705623
piso,12.787334690706032
piso,5.240704332354751
piso,15.682663029667566
piso,13.852858219059883
piso,20.905616813241146
piso,8.798085444087489
piso,10.303503553308369
piso,30.62014929201249
piso,28.217248248620376
piso,41.59225926584222
piso,29.256542985768764
piso,41.59225926584222
piso,6.067917796689026
piso,7.697926250679532
piso,12.858066199876262
piso,16.76286385912269
piso,31.691989351972193
piso,18.328881529691188
piso,17.311876208072263
piso,1.6831398240852113
piso,21.823694740072284
piso,27.879917070752434
piso,41.59225926584222
piso,15.618484603169748
piso,0.33293747884621805
piso,30.070693705751793
piso,6.041018684848742
piso,-20.796806936651446
piso,32.41694868749493
piso,5.718430532165897
piso,1.9446125917708557
piso,-6.661915738587587
piso,3.5213478258659503
piso,7.698801716652337
piso,23.470922755041958
piso,25.922029174759608
piso,2.2626824045371974
piso,13.560175486823578
piso,5.101699871531173
piso,3.471177456214569
piso,-8.725306342958937
piso,5.718430532165897
piso,16.370749854008327
piso,5.718430532165897
piso,15.750389678904874
piso,25.11233178506862
piso,15.111892459285325
piso,10.70628599798158
piso,26.256250747150546
piso,9.622031745657278
piso,6.760412076918176
piso,28.217248248620376
piso,28.217248248620376
piso,5.063223438895781
piso,5.0131505386235675
piso,10.69274818062822
piso,8.617249094616962
piso,17.34131127834557
piso,3.4597769515852583
piso,11.618042499217228
piso,13.356885999008261
piso,25.504092596263316
piso,-0.8402061185519338
piso,36.02130054496767
piso,14.595664456148661
piso,17.891836878939003
piso,1.5730094234240655
piso,-6.791914205102079
piso,-1.601775831797525
piso,15.194703148697752
piso,8.344947874274332
piso,10.838434014056153
piso,13.043952039208339
piso,36.18311607960756
piso,18.98708891317382
piso,48.66700438300451
piso,23.470922755041958
piso,30.584351168029556
piso,34.713791943078085
piso,12.192446221950949
piso,48.094582435192535
piso,12.169749727118372
piso,9.882213324904331
piso,13.018302467575815
piso,44.42183799965809
piso,16.51747401051272
piso,27.54107694692669
piso,2.1375037670656516
piso,24.034861569421494
piso,4.048816661168009
piso,12.808877251529093
piso,16.12238360047359
piso,17.2141087127887
piso,23.16958482459759
piso,12.923725163035282
piso,41.59225926584222
piso,18.082136723708242
piso,3.3974227949506774
piso,7.174108092036002
piso,19.174474248305764
piso,6.077649670005325
piso,14.305177615160304
piso,23.892039300685585
piso,41.59225926584222
piso,33.780605259927434
piso,41.59225926584222
piso,6.326468394479434
piso,6.423588594427598
piso,17.253438118617492
piso,28.217248248620376
piso,18.841258345479652
piso,44.14166358154541
piso,17.211970688580557
piso,13.652800708075219
piso,12.923725163035282
piso,18.009173146779013
piso,31.25536078220289
piso,15.304232856795563
piso,23.140353509424504
piso,20.041177400502065
piso,28.217248248620376
piso,31.05521698577909
piso,38.99707067577663
piso,45.84316258078491
piso,5.71654875486598
piso,35.07620716788915
piso,14.233217760887062
piso,28.217248248620376
piso,21.65565444502854
piso,18.34320039706614
piso,23.778088059577307
piso,36.255798576601705
piso,26.027438789829425
piso,10.250163914766986
piso,9.795484997441427
piso,18.06260490772442
piso,13.11798763371601
piso,16.72215401934267
piso,6.258564532739985
piso,11.476430623662637
piso,28.217248248620376
piso,17.019254339538726
piso,36.45009195801037
piso,20.74402291273023
piso,19.34031729287802
piso,7.3779652588593425
piso,8.53426249306095
piso,14.584110557816054
piso,24.104230588235744
piso,7.723801070687397
piso,15.524049046342835
piso,18.23279642462401
piso,2.4489661648581684
piso,48.76015187424147
piso,11.721113789148173
piso,22.81903704440954
piso,24.2635915949845
piso,17.56600582237371
piso,28.273833425207464
piso,12.817836597277555
piso,5.370821994714858
piso,4.457893355125675
piso,21.44318362538491
piso,28.105661415916504
piso,27.506443109127822
piso,34.497504750001596
piso,26.473381955441365
piso,10.573272264423206
piso,10.352350538025101
piso,26.213185506274073
piso,6.873526148858233
piso,23.470922755041958
piso,28.217248248620376
piso,12.37170924532488
piso,13.272032454373427
piso,18.11533154678795
piso,5.590140032626456
piso,4.742903164034029
piso,12.54683244967698
piso,16.861313206640393
piso,28.217248248620376
piso,26.45827956017652
piso,5.416471812134849
piso,28.217248248620376
piso,16.285734358697333
piso,42.13746070662398
piso,28.217248248620376
piso,26.011801741822914
piso,0.09788578815266291
piso,31.93077548917418
piso,22.971010759797394
piso,14.612718181980533
piso,24.957633344148668
piso,24.76614499258374
piso,26.19642120292194
piso,28.217248248620376
piso,23.470922755041958
piso,20.461097515699844
piso,14.406719522002675
piso,44.916511136209756
piso,16.96994506024314
piso,26.85884847825657
piso,16.490342236421085
piso,28.217248248620376
piso,14.172836764464837
piso,27.38244705992765
piso,25.212048868747438
piso,28.217248248620376
piso,28.217248248620376
piso,24.1568764685534
piso,25.497518655676476
piso,14.281581743013572
piso,36.98264619229823
piso,13.995455796190438
piso,14.800846195707006
piso,23.60578091406975
piso,11.839258427180543
piso,28.217248248620376
piso,20.588492338993625
piso,17.11196668509478
piso,3.905460984093301
piso,8.09064283417178
piso,20.582455597550354
piso,28.59137986785565
piso,22.5405312475238
piso,27.90913799032031
piso,12.632534386498829
piso,41.59225926584222
piso,17.028823855374785
piso,28.129429528465955
piso,45.76284402130306
piso,21.702425871541276
piso,46.085945669782745
piso,24.32748572302299
piso,11.974362928828231
piso,15.264385761621257
piso,46.45309207680776
piso,16.106140671668868
piso,23.100829015201363
piso,17.81667271358687
piso,17.754962698720632
piso,25.459142852289595
piso,41.59225926584222
piso,6.578941700641483
piso,22.232981875333955
piso,7.391038697071672
piso,14.132554465084146
piso,18.99274235000955
piso,16.76286385912269
piso,10.156366300804542
piso,16.996380257643516
piso,-3.912750331275694
piso,18.565230421413936
piso,27.207609187979354
piso,41.59225926584222
piso,7.058275619531185
piso,11.91811377165395
piso,31.23540638595359
piso,9.841552598445368
piso,42.57595211582381
piso,22.460790118974295
piso,46.421374265592654
piso,8.37899042478818
piso,13.694965381896317
piso,14.13089955330269
piso,14.435329516960426
piso,20.985830463258527
piso,2.9889466640102835
piso,41.59225926584222
piso,19.53957750386113
piso,21.465291950438072
piso,19.05881955236215
piso,23.379760653065663
piso,28.217248248620376
piso,23.702056910012303
piso,7.683847976181402
piso,18.10864346540488
piso,44.65945383410214
piso,8.62643584227456
piso,28.273833425207464
piso,43.877973942872
piso,29.704663020780377
piso,45.35481869648641
piso,16.106427285425973
piso,18.523238811620104
piso,28.217248248620376
piso,26.996606300891578
piso,14.270989119798493
piso,6.338739992098419
piso,13.06261630829999
piso,7.943282945732677
piso,41.9991227808038
piso,33.63441377515311
piso,14.203313876795121
piso,27.87738535224371
piso,9.173614822097909
piso,12.526508321968022
piso,6.527367984499788
piso,24.262748018497703
piso,4.166596394189237
piso,14.709607485745124
piso,11.229310485975375
piso,28.5957581442182
piso,5.040181830770507
piso,0.772352192639425
piso,13.273924568918737
piso,27.122825997021383
piso,18.77636859254598
piso,24.221321601110258
piso,28.217248248620376
piso,17.800187491555896
piso,5.029970372204362
piso,29.034276464536536
piso,43.59899688750482
piso,48.486421863749804
piso,14.522814880818547
piso,11.451374639543799
piso,16.896968462748106
piso,8.572469295880648
piso,29.38747988806756
piso,11.750677242485263
piso,20.52122952382902
piso,9.455210610418652
piso,26.93905697418282
piso,12.537023727590935
piso,16.740928389961752
piso,15.696830791610184
piso,39.453684168379645
piso,22.78050790285193
piso,14.543180083254349
piso,5.718430532165897
piso,21.888597259674082
piso,31.352055972579997
piso,41.59225926584222
piso,23.1451464041619
piso,14.886777659670813
piso,28.217248248620376
piso,16.46730407803998
piso,28.217248248620376
piso,24.982397161962446
piso,26.77406444973244
piso,23.84812538716028
piso,17.818970501804
piso,3.0526295923345215
piso,14.42032690679589
piso,15.58860963140809
piso,2.471128274039147
piso,8.126380381969645
piso,41.59225926584222
piso,36.510678693207275
piso,17.91449174732207
piso,28.58157034977963
piso,28.217248248620376
piso,11.931685197745878
piso,28.217248248620376
piso,28.217248248620376
piso,4.580973361034291
piso,19.66988414686185
piso,10.824024961913326
piso,9.890464483101692
piso,41.59225926584222
piso,5.843060045982318
piso,3.7828450721815843
piso,20.899775377855857
piso,11.773741862994136
piso,-0.8906902216525348
piso,22.3825166082972
piso,7.306588289985383
piso,9.649426903913373
piso,23.240735425169
piso,-3.001520262711521
piso,14.623286480528929
piso,28.217248248620376
piso,9.208514998024153
piso,27.04694293197003
piso,26.244062570655224
piso,10.883227929199645
piso,20.19159995761992
piso,10.257378732026812
piso,4.303743319089581
piso,23.014893082653742
piso,27.950440956324673
piso,9.455210610418652
piso,7.924255218439602
piso,9.901684077126372
piso,-1.3442995421344195
piso,12.923725163035282
piso,15.4730806280994
piso,10.4812539001631
piso,26.65878418535459
piso,32.00494420287625
piso,21.438420658702896
piso,23.17254299981193
piso,13.38737107964294
piso,19.88975121860277
piso,26.729662549531042
piso,17.7070532191401
piso,32.680030959980066
piso,18.269184017961614
piso,28.818802933168563
piso,20.360183487536677
piso,16.353204152823132
piso,33.60385834321258
piso,22.05674334150174
piso,5.21015820456614
piso,15.76304051707844
piso,26.079937120126615
piso,22.504339417322306
piso,25.115680320373457
piso,8.000270482022565
piso,13.402239962235551
piso,12.923725163035282
piso,13.769698028314814
piso,-0.16827030651707098
piso,41.59225926584222
piso,13.080280833878621
piso,37.779902518180684
piso,22.50367862030741
piso,20.02382707569779
piso,19.410885810085475
piso,5.517748824646884
piso,32.10719719702786
piso,20.792179979698645
piso,40.591140611873215
piso,36.0264905373173
piso,4.650682980455567
piso,28.217248248620376
piso,24.402832681994102
piso,40.105342966440304
piso,27.15162719839209
piso,25.307957077746234
piso,29.362067221432554
piso,32.0060221088858
piso,32.434467692538924
piso,8.804527811265729
piso,10.187907802574081
piso,8.195499332493284
piso,11.89185589115267
piso,36.818344743217054
piso,28.30971548547181
piso,41.59225926584222
piso,8.396896707964885
piso,11.471971769389011
piso,9.455210610418652
piso,22.949001327655605
piso,26.72979582538133
piso,20.164194963890523
piso,20.50328998158022
piso,5.729397783493417
piso,26.818863286191686
piso,12.547018505845475
piso,52.909531842155566
piso,17.83426184637209
piso,12.047482652773223
piso,19.5165186386401
piso,23.470922755041958
piso,13.480293856703707
piso,5.017548537979799
piso,7.695327076250025
piso,25.33264329560696
piso,23.470922755041958
piso,8.131614520856878
piso,4.63781161964314
piso,20.10030051850189
piso,38.86647916039534
piso,22.755666464013014
piso,46.25717167794892
piso,7.06810922322807
piso,11.3826909716342
piso,8.804527811265729
piso,24.285305996284844
piso,23.470922755041958
piso,22.076034600838177
piso,2.342643619699958
piso,14.197079867312357
piso,28.217248248620376
piso,12.880854078499283
piso,22.687036533226035
piso,20.921819874910774
piso,19.153879342906997
piso,12.396836052642524
piso,28.217248248620376
piso,24.906665558721308
piso,17.46807937748498
piso,16.921085184123363
piso,10.972406531972467
piso,14.348932828282845
piso,2.468605383277067
piso,10.598876035933147
piso,17.74330956534753
piso,22.20895072884477
piso,19.595183198672462
piso,4.647453303293947
piso,0.7443085650149506
piso,28.217248248620376
piso,44.14312915340349
piso,3.572349220229021
piso,10.461132433483177
piso,30.903245847999916
piso,40.483159166777185
piso,7.298532007907288
piso,34.31643110925084
piso,43.91171478721435
piso,40.67136884632281
piso,5.951423262045708
piso,4.723740501474305
piso,30.751731855445954
piso,27.54430505047982
piso,16.013207309374657
piso,28.217248248620376
piso,21.09061451405807
piso,9.00849015948728
piso,5.91031349978024
piso,28.217248248620376
piso,39.35102741703857
piso,-0.8586204537586406
piso,18.24990683224772
piso,4.788549577398582
piso,3.840032689894901
piso,4.723740501474305
piso,36.99143364321542
piso,5.363769485863301
piso,36.45602733617025
piso,10.682418067378197
piso,25.748882361156976
piso,6.787569961206685
piso,11.913537666982577
piso,26.251882995569197
piso,56.10200957458618
piso,2.977871503043361
piso,32.73445668618238
piso,13.287800571475138
piso,13.504478236773142
piso,22.115798395582686
piso,22.860341202514746
piso,21.20420759339199
piso,22.327414424320434
piso,-3.4104230068038532
piso,31.010099370434418
piso,9.178154997190635
piso,34.862763483201945
piso,12.579878554195112
piso,22.97662048091449
piso,8.804527811265729
piso,18.18657288704466
piso,7.0251091749369055
piso,28.217248248620376
piso,30.817731351006316
piso,23.470922755041958
piso,22.20831208587486
piso,9.16294227249752
piso,31.86492807710326
piso,28.141145609726003
piso,14.009636522616953
piso,16.95127896304911
piso,20.182997999476783
piso,41.520347030824524
piso,24.505989213568746
piso,16.76286385912269
piso,28.217248248620376
piso,23.470922755041958
piso,10.44511831129552
piso,27.73071428898357
piso,15.98964889201051
piso,11.633712011982912
piso,19.373401643360168
piso,18.366753336114506
piso,12.133216589534479
piso,29.49797224839237
piso,29.94310468770509
piso,25.05772299131661
piso,46.45309207680776
piso,12.760489253467998
piso,0.2497174090323684
piso,8.415064519819726
piso,14.066452859042379
piso,15.434678838022975
piso,43.96807960351885
piso,11.871613927164471
piso,19.734995897158225
piso,10.773777773240024
piso,6.041018684848742
piso,28.217248248620376
piso,17.694388185436026
piso,18.776335728784733
piso,12.78930725329751
piso,8.664860519486272
piso,11.204534276328326
piso,17.301864374944387
piso,26.887480099298998
piso,5.718430532165897
piso,9.455210610418652
piso,12.777074963274494
piso,9.451910004939679
piso,30.94771964333207
piso,9.08462318474681
piso,18.13327375273792
piso,38.548648582992804
piso,9.752947096821373
piso,21.313819090103436
piso,28.217248248620376
piso,30.927442243873983
piso,28.692514390751846
piso,10.417612194612325
piso,24.05647337102935
piso,21.453772532905944
piso,26.977429075981153
piso,6.041018684848742
piso,7.67136295119899
piso,28.217248248620376
piso,9.455210610418652
piso,6.4152143038632925
piso,50.274559627723846
piso,29.477687734897028
piso,17.868490595283436
piso,29.047054490125923
piso,31.88880809829435
piso,-2.1296238858727445
piso,4.811581538436038
piso,25.391560844263385
piso,24.622454366175816
piso,-10.926849232196778
piso,24.941873470379317
piso,9.708393407659944
piso,4.910730657839957
piso,23.91899752997839
piso,18.844864750127254
piso,9.502882282105162
piso,10.600320599604874
piso,23.31026171307822
piso,41.59225926584222
piso,13.827286079488621
piso,16.59276141884105
piso,11.898372159356008
piso,41.59225926584222
piso,16.754558271768836
piso,25.00620055583951
piso,27.277232208413025
piso,13.060411675313466
piso,57.41692062100772
piso,21.761602370763278
piso,28.217248248620376
piso,4.723740501474305
piso,16.330733471231284
piso,18.926418940355425
piso,42.37670740014805
piso,20.46385540521105
piso,29.15145767863001
piso,16.76286385912269
piso,19.92558789021053
piso,10.398565981836239
piso,36.99710573408757
piso,0.08696956731666372
piso,17.357315318848478
piso,28.273833425207464
piso,39.27281523295074
piso,27.507040171962394
piso,28.217248248620376
piso,42.43943722571917
piso,41.59225926584222
piso,11.633168783369886
piso,34.08981859383209
piso,7.474813537028302
piso,40.50021591533777
piso,-2.9640087330938814
piso,-2.28417708056865
piso,23.04462190931673
piso,7.965310486252353
piso,13.880738821322037
piso,3.858857574963892
piso,10.507564497260912
piso,34.96185579667854
piso,28.217248248620376
piso,21.976127024719716
piso,16.92569248070597
piso,40.54229788153221
piso,19.264635011570697
piso,29.15213641225627
piso,14.08658255720454
piso,5.374615674994798
piso,9.409733707772695
piso,31.524200940168644
piso,19.8744908528089
piso,33.28020538768563
piso,4.2167860211540065
piso,41.59225926584222
piso,35.90377173009469
piso,8.148053330592898
piso,42.18186961552508
piso,6.273895282599362
piso,7.92305263181281
piso,22.178894604724164
piso,4.562032854768194
piso,4.945826150294708
piso,15.612730518169382
piso,22.159486896839088
piso,2.3515578930060066
piso,41.59225926584222
piso,26.413414525839187
piso,13.980419745874073
piso,27.187668761418216
piso,22.340113510302828
piso,-0.31767190924587574
piso,15.256510270977763
piso,20.878183118651684
piso,21.92880703153415
piso,22.68819223126972
piso,7.242643538566029
piso,9.927850492431677
piso,5.313983829327595
piso,16.925821579373856
piso,13.348272106696157
piso,5.848593493809551
piso,30.13175405846189
piso,13.909530240361434
piso,21.30362898157845
piso,19.57013731892694
piso,15.082546592505054
piso,13.063947573612221
piso,24.32163048809518
piso,19.973018265335952
piso,39.00371943690446
piso,36.489671354371225
piso,23.470922755041958
piso,9.453289481768845
piso,6.61513208908644
piso,41.59225926584222
piso,11.405851399392608
piso,7.258650462918082
piso,22.97701401360448
piso,20.68444767229145
piso,10.893238980223385
piso,41.59225926584222
piso,18.701390433494435
piso,36.32735260178208
piso,-0.2603479166801925
piso,19.38861750616733
piso,14.518039508147806
piso,30.98566273472887
piso,9.247563580515106
piso,10.367349107038448
piso,22.491681564275968
piso,5.512861875640618
piso,39.887630045181474
piso,19.506512277327538
piso,12.923725163035282
piso,24.400914341268187
piso,18.81100762430623
piso,32.1374708179726
piso,9.800081760547474
piso,5.438802012550936
piso,18.74051394415721
piso,19.714363069900177
piso,14.131982301262891
piso,15.38548667151598
piso,9.79386183439388
piso,24.65888819298634
piso,3.589902511600851
piso,8.445855141059832
piso,13.953971774726238
piso,19.01009916934049
piso,16.76286385912269
piso,6.795786280655847
piso,12.901046407999651
piso,19.1024977279612
piso,19.072791960226574
piso,28.903393154501966
piso,14.504947298378234
piso,5.595890968450901
piso,28.217248248620376
piso,25.797927816375356
piso,24.40270484808307
piso,16.57888375283494
piso,2.505338159652215
piso,33.82892227062746
piso,11.463091432761363
piso,26.752284587626107
piso,14.81515844207415
piso,7.374222856005829
piso,7.210958366872511
piso,2.346002338417419
piso,2.9516624978122685
piso,10.763326107103065
piso,23.525550103439052
piso,13.410926345650175
piso,23.198971613921703
piso,50.38411450963154
piso,9.321192533888013
piso,14.147873481764584
piso,8.807186204661143
piso,11.102582076615185
piso,23.773510348956517
piso,14.15169398380527
piso,20.120779970598758
piso,11.289754489236437
piso,23.470922755041958
piso,12.68885951111891
piso,16.25582777287107
piso,41.59225926584222
piso,6.109222160869288
piso,21.833250675180672
piso,-3.801681357764175
piso,9.114971290653584
piso,33.1799455403921
piso,0.5333307943012011
piso,14.923701234653187
piso,12.685863742630076
piso,20.293690831242262
piso,6.001899838223146
piso,46.45309207680776
piso,21.612290514468757
piso,29.421621303861166
piso,23.010566964881562
piso,17.8756298152313
piso,17.421518770748236
piso,10.782156794129039
piso,7.17762068881036
piso,25.373622452771194
piso,41.59225926584222
piso,34.74630364197815
piso,3.199098564407765
piso,6.493074797713638
piso,29.064741029246164
piso,8.925009719868848
piso,19.264778960186323
piso,28.217248248620376
piso,25.58889064552494
piso,8.804527811265729
piso,8.831965696774668
piso,7.012657453729232
piso,21.04772252862739
piso,37.57509456960726
piso,9.275906524569422
piso,16.816310607533236
piso,34.94591773660191
piso,8.658184015982906
piso,11.879389147915909
piso,27.151905292093925
piso,4.660351743013846
piso,15.460463205553765
piso,3.0103775418863776
piso,0.7418838135552219
piso,27.7814557218906
piso,21.56109326650979
piso,12.91165289266949
piso,15.981930851383886
piso,10.442984200865158
piso,5.718430532165897
piso,27.061205372339536
piso,7.920114965712544
piso,10.185742380463791
piso,27.386783514945513
piso,12.771119599699876
piso,19.99667055419834
piso,5.718430532165897
piso,43.68814877578697
piso,29.60933207908556
piso,17.991232456853325
piso,20.538413129034016
piso,7.065957074508611
piso,16.97958493215772
piso,5.890997260258968
piso,17.08743172575884
piso,19.435957244697867
piso,15.455649709282959
piso,27.76174383499006
piso,31.915700917811574
piso,20.10144848643254
piso,17.35431538381651
piso,29.12479535334316
piso,14.833385750132289
piso,21.053547046917597
piso,36.30052062395686
piso,5.944098510094076
piso,34.509922175021536
piso,21.694070717015123
piso,29.437547233817128
piso,12.550493033735998
piso,6.883824090137736
piso,28.6221987174017
piso,6.959120015489351
piso,28.45266519922407
piso,24.477965671635072
piso,17.722510879934017
piso,23.470922755041958
piso,8.323851001387727
piso,18.646692155633392
piso,13.973444500330846
piso,41.59225926584222
piso,6.529041952402559
piso,10.392222212658297
piso,11.722148399567756
piso,23.470922755041958
piso,5.83311777999207
piso,1.0151647609711434
piso,28.169945593952516
piso,6.827162762789651
piso,9.615773967379383
piso,12.610280078160674
piso,27.815950740284755
piso,25.64992033787219
piso,18.053268614231044
piso,31.14634144073909
piso,22.032463535214262
piso,22.434522583853
piso,11.873687724059788
piso,15.191049928427681
piso,8.00826166397901
piso,18.529598723578466
piso,9.233868250993126
piso,2.2115220632024757
piso,5.718430532165897
piso,26.392769892326704
piso,7.891231056971892
piso,9.9248399626487
piso,26.25155806730366
piso,41.59225926584222
piso,3.802417331200725
piso,-5.25639268023721
piso,23.470922755041958
piso,24.031385030352325
piso,12.341279493464018
piso,24.90655639410051
piso,19.103977040988653
piso,18.83724935389328
piso,10.53850567023824
piso,21.13345131344495
piso,20.29057968533987
piso,21.574853190077704
piso,7.991477729854846
piso,19.14083173939467
piso,28.58305099441263
piso,14.90617823987952
piso,14.477535624428073
piso,23.45165209944814
piso,36.86746493564708
piso,2.3802637837200713
piso,7.756029798243924
piso,32.385302014789104
piso,-9.673907534315273
piso,19.449660456165276
piso,-1.3737371694791722
piso,12.58137685871754
piso,5.242883861387515
piso,12.629142413975147
piso,24.145856647959384
piso,8.016867448455434
piso,6.839646975654579
piso,29.371435425915028
piso,29.12747448353137
piso,30.81141030121286
piso,11.554733685336128
piso,14.377647559263007
piso,7.35796634104342
piso,25.583696684591484
piso,19.570284774899484
piso,24.923368000602142
piso,23.36225057057739
piso,-0.4715807011087758
piso,-13.756990637632448
piso,22.037613251056086
piso,16.84813568575061
piso,6.575620835774654
piso,12.604485144635724
piso,5.9292569915900595
piso,18.473780749876077
piso,6.334925216079945
piso,0.6002355988363961
piso,24.31356225950758
piso,8.641830250625615
piso,28.217248248620376
piso,13.0957947423461
piso,17.457047789311474
piso,7.247048283989721
piso,25.335513985867575
piso,19.164121646051303
piso,19.748760090818585
piso,29.00021056057045
piso,-0.10580178477610502
piso,18.948825920798495
piso,19.42006803458456
piso,13.076171836498695
piso,17.231414580690373
piso,34.14022935690855
piso,44.98553501236464
piso,28.217248248620376
piso,40.30679629478928
piso,19.998520680673025
piso,18.103042697902172
piso,23.470922755041958
piso,46.85377541014948
piso,8.784726688152066
piso,38.29069600970987
piso,19.18416273835717
piso,-0.1627222358668412
piso,6.826485614203537
piso,2.646103855920301
piso,10.829059882345572
piso,17.944787096528692
piso,20.248023091633605
piso,20.181234100208645
piso,18.909047575508087
piso,35.44763178394108
piso,15.298348009439078
piso,1.964393943918985
piso,3.146084927465753
piso,19.127374617255487
piso,23.470922755041958
piso,37.932086157108344
piso,13.010111090120402
piso,24.54168747600063
piso,5.718430532165897
piso,15.951132899938369
piso,28.447984779472858
piso,28.217248248620376
piso,6.1056571164926465
piso,22.00529379149141
piso,5.718430532165897
piso,15.827532715764736
piso,28.217248248620376
piso,11.659549321200856
piso,27.438893096516637
piso,15.509683317123969
piso,8.940435762246013
piso,8.031203127885188
piso,16.732670833282825
piso,6.209644901513234
piso,23.470922755041958
piso,15.26026875462847
piso,17.67488936045465
piso,4.432882861612164
piso,16.8370202303366
piso,26.783945684727094
piso,10.235694150637077
piso,28.174762784669593
piso,12.177020967616258
piso,19.425471468023293
piso,1.9058158295556238
piso,28.405288294620455
piso,18.602828231630852
piso,19.594879964814748
piso,12.442241357404916
piso,19.685711095814895
piso,20.09518550633802
piso,16.632188318282793
piso,16.071103943874874
piso,2.9971224052587786
piso,15.700528823027282
piso,3.960708811678515
piso,22.842810224594913
piso,32.60835244564393
piso,32.733511708351756
piso,1.0510332675293332
piso,23.39127365382174
piso,28.273833425207464
piso,12.262472802788071
piso,23.513542468858105
piso,40.663461827239075
piso,12.720283430931234
piso,28.273833425207464
piso,10.275319850443898
piso,14.898571941509143
piso,25.914256993267305
piso,6.5897430982776894
piso,24.744421012177607
piso,16.67529594746078
piso,20.61887116844425
piso,34.51501078575186
piso,41.684003583456786
piso,31.257493693666127
piso,15.488228815271654
piso,17.823359708158428
piso,27.42366093281149
piso,27.304030524491218
piso,41.59225926584222
piso,16.92753296917211
piso,17.6973622429502
piso,47.87532079226211
piso,6.7367742462971725
piso,21.857279001072037
piso,-9.22183463251487
piso,-0.7975774285593706
piso,25.874826059684608
piso,24.288246644542212
piso,13.654189979670228
piso,23.886115672776388
piso,18.781983994151453
piso,28.217248248620376
piso,14.254702070375425
piso,13.1958040223624
piso,46.44962701353903
piso,7.469817132727252
piso,5.972320241395979
piso,28.132741772148872
piso,46.89392588536625
piso,19.88535171555035
piso,34.525723632552015
piso,26.78921778087937
piso,28.217248248620376
piso,24.60905516405244
piso,37.2733586181482
piso,20.991207633078833
piso,28.217248248620376
piso,4.207832792125243
piso,17.377000552935407
piso,5.416567433182373
piso,20.16521481653082
piso,13.087666918052431
piso,25.65302836987755
piso,9.96263344267958
piso,12.270864914313817
piso,29.782639006900013
piso,23.053197113374814
piso,14.068354688333272
piso,25.65197181542562
piso,7.680166383794829
piso,11.84681230960729
piso,24.382263689650397
piso,33.11935894145759
piso,17.196231776295544
piso,16.29675484641988
piso,11.090496677982076
piso,6.041018684848742
piso,27.51431198351806
piso,14.586592831589318
piso,29.50648926737296
piso,48.563133909538905
piso,14.731904306980038
piso,6.305755059981677
piso,10.300758822695876
piso,21.63261339416074
piso,3.81601616433509
piso,8.1122739945253
piso,41.59225926584222
piso,22.062634524661885
piso,9.484278899048126
piso,8.93606888009353
piso,12.32867229897443
piso,15.111319431946935
piso,15.806300836029708
piso,10.615657701483961
piso,10.871215886258456
piso,14.381223599884274
piso,5.280978646805101
piso,27.996975822857053
piso,11.67891577148028
piso,27.427835550160818
piso,2.9259621493600285
piso,16.182359412326253
piso,28.273833425207464
piso,13.967080807004063
piso,13.042930163478484
piso,41.46011441658042
piso,41.59225926584222
piso,51.35709183370993
piso,24.58559840174328
piso,11.28764691538693
piso,23.091904867984002
piso,29.251929738590874
piso,42.822870043857364
piso,31.139874672065094
piso,10.026761708363875
piso,14.363007477383594
piso,9.631831504572453
piso,13.86456248020731
piso,9.270881036598855
piso,17.60637011627171
piso,4.257650704092675
piso,42.80823790147765
piso,48.85082092908226
piso,9.277605871310723
piso,7.17790458252805
piso,6.041018684848742
piso,26.628602741721565
piso,-1.080479792435618
piso,23.270646594715295
piso,41.59225926584222
piso,31.1966219130678
piso,4.559621490099364
piso,27.32631365188246
piso,25.77583407779247
piso,6.87429200675822
piso,5.839734231652516
piso,21.060477038696558
piso,20.575177596435456
piso,3.3824076575277973
piso,20.63411954411183
piso,2.9691472061239788
piso,7.37718924541535
piso,33.14913904177037
piso,9.900908850841606
piso,13.545690660202014
piso,1.0085707453905135
piso,12.239436791740378
piso,41.59225926584222
piso,13.99082380859651
piso,9.470858792025162
piso,6.607341021229063
piso,21.54217455141798
piso,25.611440456117094
piso,8.431224603235666
piso,15.941971936798671
piso,0.42314081785934654
piso,11.611773626323018
piso,5.718430532165897
piso,28.217248248620376
piso,13.080891518455484
piso,30.281160090556615
piso,3.906943892914505
piso,29.38747988806756
piso,6.7923528602844785
piso,28.217248248620376
piso,30.987631247314663
piso,18.687643247683905
piso,9.86927865905962
piso,9.455210610418652
piso,44.12060816873398
piso,11.841815728408722
piso,8.392031146091306
piso,16.05319865601157
piso,5.791136830417165
piso,17.137702450445346
piso,9.793186552229361
piso,14.042049672512057
piso,4.248794793547983
piso,10.033964949646945
piso,13.846005499024571
piso,32.88050343081446
piso,28.217248248620376
piso,21.25963227171428
piso,24.49564467633152
piso,-0.47283467484899866
piso,41.59225926584222
piso,8.341140000159463
piso,12.448933463333244
piso,23.542468520344904
piso,5.718430532165897
piso,11.487362088052844
piso,12.738398669450856
piso,27.134840644762058
piso,41.59225926584222
piso,19.82854432206469
piso,9.618919458604068
piso,42.46210742561591
piso,28.217248248620376
piso,17.723823939103557
piso,6.701974022487467
piso,29.645558847010456
piso,3.9438542653950304
piso,17.021703458608293
piso,9.460036910562286
piso,7.071060188442413
piso,31.606521844448743
piso,9.455210610418652
piso,34.22358529081888
piso,33.087199445557715
piso,1.1894799308768356
piso,14.89129328992117
piso,28.217248248620376
piso,6.955529082777567
piso,26.65027990406099
piso,20.95707106891387
piso,14.227763287094508
piso,17.455819060753264
piso,11.881656898234262
piso,14.027056661184067
piso,12.735221362577764
piso,10.396957622770032
piso,7.373075451267286
piso,33.39871035068087
piso,13.583084352944264
piso,14.673112974099901
piso,40.43023837631811
piso,12.923725163035282
piso,15.435706572220532
piso,41.59225926584222
piso,11.155306996260883
piso,20.283496855801953
piso,27.486354629577093
piso,39.89803941235981
piso,16.343197939810405
piso,22.829460986707417
piso,27.55809335276934
piso,9.12112978759836
piso,28.217248248620376
piso,20.511623101745457
piso,38.56730824832974
piso,19.623191778448557
piso,5.635774474973476
piso,13.40301956040937
piso,5.718430532165897
piso,28.217248248620376
piso,10.178988628982989
piso,6.956405226372353
piso,42.49425053888931
piso,29.367757159458396
piso,10.506919514445002
piso,33.58604298439798
piso,23.76163407088654
piso,5.718430532165897
piso,4.073540641669271
piso,2.9178770154005162
piso,22.04438819060539
piso,28.217248248620376
piso,12.955896166290582
piso,5.718430532165897
piso,19.162185545215472
piso,11.162419384724021
piso,21.682243959664316
piso,29.78235469620052
piso,23.979686937911858
piso,15.32307207505237
piso,22.222441387560476
piso,12.596835023700992
piso,0.6173938081332375
piso,12.923725163035282
piso,24.710511647159162
piso,21.785856889632615
piso,8.446460926405619
piso,5.890295602036022
piso,4.993955910048598
piso,5.01434392911253
piso,0.7847642128163912
piso,14.545889039851412
piso,3.605766262177279
piso,12.989875671346486
piso,35.9427313866302
piso,41.59225926584222
piso,26.71052693744569
piso,14.274406820375507
piso,6.737206698558018
piso,34.32944449322104
piso,5.94581283188611
piso,8.07389007932764
piso,6.555222602165411
piso,38.90312843181461
piso,15.476682745249782
piso,18.9848042044964
piso,10.636256178658488
piso,16.527700965318527
piso,28.169191971999506
piso,21.650032197413083
piso,38.16897226137643
piso,19.309309785126104
piso,53.050900666560516
piso,21.00410603403693
piso,17.4010436371028
piso,10.19373638088017
piso,15.419582655092622
piso,17.313244165018716
piso,11.373347220120621
piso,20.582971784134774
piso,12.313347008180564
piso,8.126427786400647
piso,6.7925523350757855
piso,31.342042036580775
piso,26.915200291220742
piso,-6.541295266564218
piso,13.834572436919013
piso,8.15947548837903
piso,25.689512074099675
piso,9.286606543697374
piso,13.256102227097522
piso,19.564125759492246
piso,29.504542018650604
piso,33.513583398489224
piso,16.33076370205615
piso,51.81309486653358
piso,32.67460146705685
piso,41.59225926584222
piso,4.007103924608724
piso,36.8169295120531
piso,24.944945958671006
piso,10.228489522480345
piso,32.973288121408594
piso,-1.0125780716201405
piso,18.64158219532044
piso,13.587916681701806
piso,18.55251219310915
piso,28.217248248620376
piso,49.427345471440034
piso,17.999538713949793
piso,23.92874154476534
piso,11.730492136089365
piso,22.46514834161686
piso,41.59225926584222
piso,14.954486524004418
piso,24.886486592372602
piso,12.926628332901213
piso,13.297334440349818
piso,5.127933551871244
piso,23.565247218595786
piso,48.610660443410694
piso,41.59225926584222
piso,6.304597677864132
piso,19.127140991093093
piso,27.408046386371254
piso,41.59225926584222
piso,35.67576536637069
piso,23.470922755041958
piso,17.659495941120127
piso,8.385239216878016
piso,18.118094667349595
piso,25.497109876371905
piso,17.173275831990352
piso,18.774214481500785
piso,-6.633670491068577
piso,9.482399614722148
piso,6.103171439601551
piso,12.280104013354398
piso,26.944914279759235
piso,0.09788578815266291
piso,24.551583672902133
piso,23.883057461163016
piso,24.13153924133784
piso,11.349273328063925
piso,19.811666048961072
piso,15.779677057956153
piso,23.470922755041958
piso,12.923725163035282
piso,26.275134429591883
piso,20.523773124023982
piso,12.537254922790009
piso,9.988987609631984
piso,27.12388603869911
piso,39.845787369136886
piso,28.682483955024217
piso,15.728364821414708
piso,11.28919755697817
piso,21.787825860112587
piso,11.08956180940478
piso,23.365790049855807
piso,24.211470894389954
piso,15.618617023859604
piso,10.430432466631423
piso,10.764135557122101
piso,5.718430532165897
piso,11.264220720575512
piso,23.46337210759508
piso,21.169827515464988
piso,14.712123225902761
piso,11.064870056550813
piso,18.905070390942225
piso,19.12250425673512
piso,41.59225926584222
piso,41.59225926584222
piso,25.075232957954952
piso,13.319327930885283
piso,28.217248248620376
piso,25.438883703030978
piso,20.04056431544321
piso,27.188818658899628
piso,27.00626523507321
piso,14.323127637835608
piso,16.847277282051465
piso,23.641859577404723
piso,23.973771593901617
piso,5.718430532165897
piso,22.45722174858691
piso,28.217248248620376
piso,19.67251725441601
piso,13.350436940207278
piso,41.59225926584222
piso,41.59225926584222
piso,8.804527811265729
piso,4.039858945522012
piso,15.364903237608507
piso,18.8814662214593
piso,24.912504185026396
piso,24.97595593303621
piso,7.114791707144952
piso,10.824339110653035
piso,28.217248248620376
piso,5.860871263354839
piso,11.73323075920274
piso,21.525467447492264
piso,21.866035545072492
piso,21.901937676979898
piso,14.32264317011047
piso,16.392884311021394
piso,33.67234589824941
piso,17.165214397265572
piso,22.16997891267085
piso,8.645734846400632
piso,22.94311358336738
piso,1.2368909236573744
piso,37.4972205281066
piso,14.0623466681004
piso,18.32656909319009
piso,17.836103188505483
piso,22.582734875825672
piso,12.730879438366472
piso,42.83803000865378
piso,-8.693752286505397
piso,32.68386759216162
piso,24.445012882472117
piso,20.24938736695392
piso,17.926302692874273
piso,20.28272811207934
piso,17.220792543932284
piso,12.428570038738718
piso,0.5141183255861437
piso,13.370861516285615
piso,6.041018684848742
piso,5.582527500793089
piso,24.03677876536454
piso,23.60055987421311
piso,28.943784899857718
piso,13.162676012194474
piso,18.63304057481523
piso,28.217248248620376
piso,22.590222061582853
piso,-1.0589951511035034
piso,13.637928055109573
piso,7.590513981914637
piso,11.078837847502342
piso,31.677956030395027
piso,42.71023154279525
piso,15.908111049504402
piso,5.718430532165897
piso,15.043156183461814
piso,36.359521280775795
piso,54.62843926564458
piso,6.492615091216702
piso,20.03095342525424
piso,-2.7016220938022917
piso,16.972565439457775
piso,58.447982695667
piso,-0.029753087448103344
piso,7.318095918839851
piso,46.54027288533722
piso,8.590003374332822
piso,25.45554349760645
piso,23.604065977180923
piso,15.512391418290283
piso,22.372189380454756
piso,27.319347859001518
piso,7.664370531317055
piso,19.05530711394887
piso,34.286437889789
piso,19.46053385454323
piso,21.542925230663723
piso,16.351757651349686
piso,2.1571519972499287
piso,-33.875105705485
piso,22.539010935071026
piso,19.478070895804443
piso,14.022793500468755
piso,6.370495458032299
piso,41.59225926584222
piso,13.475824433289873
piso,32.7943172682233
piso,6.582916274929751
piso,31.264422494093047
piso,24.355173983319645
piso,7.14541599020504
piso,35.07156486747191
piso,9.510165183780295
piso,20.580417402966123
piso,12.949107298298678
piso,25.58227045476784
piso,12.190765991513608
piso,21.404954800906594
piso,10.148047758299539
piso,14.860106743533596
piso,32.84850503850847
piso,18.02217411034266
piso,7.136128701654321
piso,5.718430532165897
piso,0.8125370590734482
piso,-8.352281917804216
piso,13.762600838313531
piso,-1.0263647066438342
piso,10.39417881797544
piso,23.096361215669546
piso,18.112663465923706
piso,2.1006563082172747
piso,12.299331132937619
piso,41.59225926584222
piso,22.977228732894538
piso,1.7255495838269574
piso,14.62511454554376
piso,17.608537992998485
piso,23.66692695606545
piso,9.973066604119097
piso,17.69401429410271
piso,28.291659709048144
piso,5.021028900835822
piso,23.812960907582557
piso,19.917742629881264
piso,12.409764595561402
piso,-7.901081955643652
piso,28.217248248620376
piso,41.59225926584222
piso,28.151081077574204
piso,-3.2836783222499166
piso,16.29267610209475
piso,32.808956697512045
piso,25.765233411128552
piso,25.230656299074127
piso,19.25703697087322
piso,37.522336344359374
piso,34.62792560550281
piso,18.83658114295821
piso,0.6951529455464733
piso,7.619397182904564
piso,5.718430532165897
piso,25.390726345055505
piso,9.812522773168064
piso,15.372412909019895
piso,21.17532034909575
piso,41.59225926584222
piso,25.552222243610988
piso,16.76286385912269
piso,-1.0641739203633094
piso,10.978292790032418
piso,3.6839751489775807
piso,15.132744440297131
piso,2.8854447417036244
piso,33.713170082436015
piso,2.055337098975163
piso,13.859900359556843
piso,11.51932246954468
piso,5.49078112922412
piso,13.901955128435596
piso,5.653655021171944
piso,9.04158872550207
piso,12.612147761272041
piso,-7.799740434136293
piso,22.306216502156005
piso,23.65687680598676
piso,14.874783804709013
piso,11.330635416991463
piso,10.355229460003956
piso,10.273278282596987
piso,2.696433692252498
piso,21.67551087985473
piso,3.1569599858000563
piso,23.651884635039465
piso,12.198264257893499
piso,2.182611297913062
piso,7.907652590474856
piso,30.696419402127304
piso,5.399305294343115
piso,29.450884098088427
piso,22.55696574057837
piso,26.24538004144179
piso,39.19368444238307
piso,12.817836597277555
piso,7.946592667281127
piso,25.7501483186116
piso,5.718430532165897
piso,28.217248248620376
piso,41.59225926584222
piso,23.63618611023719
piso,28.217248248620376
piso,23.732402644160967
piso,9.539696099811735
piso,21.34365027384466
piso,23.470922755041958
piso,14.441895807194616
piso,16.76286385912269
piso,30.802722790673386
piso,16.187424926218608
piso,17.133416979986183
piso,9.730049467935164
piso,28.271150112906398
piso,17.140252244829213
piso,13.965986757616466
piso,44.82035694642054
piso,30.72998498684878
piso,10.896842466395395
piso,19.967568753087562
piso,41.59225926584222
piso,14.372704575304107
piso,24.56533174669795
piso,7.924384425969744
piso,-2.7873270203410794
piso,19.335207916028008
piso,27.538415097186174
piso,23.470922755041958
piso,26.479847364957966
piso,-2.697431708984621
piso,1.346488856944772
piso,29.69672548338742
piso,12.132445355056355
piso,16.76286385912269
piso,26.831733197094266
piso,18.881223667955293
piso,7.990764082081004
piso,34.74305402303979
piso,4.7355578501328655
piso,19.916661535198756
piso,35.08245962823404
piso,41.59225926584222
piso,20.295581449120846
piso,23.359476846680916
piso,5.718430532165897
piso,-1.6597723875020787
piso,20.59297939317308
piso,23.068854395856864
piso,0.2497174090323684
piso,18.844725854412726
piso,-0.145903654677082
piso,7.9790525550887725
piso,33.490776911047845
piso,41.434812247649866
piso,26.570631674223698
piso,13.66939192469987
piso,-1.6987069306008795
piso,46.45309207680776
piso,41.31894829673974
piso,20.125470801102107
piso,22.4937590246147
piso,36.552497618234604
piso,7.002272257919273
piso,39.54929116943697
piso,15.28603271553619
piso,13.452535440719938
piso,8.0404779993817
piso,15.098891703842565
piso,14.078480438277197
piso,17.684211034327845
piso,14.708279801996849
piso,11.480458979398644
piso,28.217248248620376
piso,19.36663869459928
piso,20.04320877572676
piso,12.103732971908832
piso,43.118466677611586
piso,5.486374288650153
piso,27.43094414478908
piso,19.01690537613181
piso,13.281477101780382
piso,29.608771555389744
piso,18.15140149560104
piso,2.718439856307331
piso,-1.8032814323269752
piso,23.470922755041958
piso,41.59225926584222
piso,1.4202764762020204
piso,41.55668794125853
piso,6.714129778748545
piso,45.270145543981414
piso,41.59225926584222
piso,29.452743548714345
piso,10.265529564358955
piso,44.17514726002389
piso,15.33913801166722
piso,41.59225926584222
piso,39.15744366949006
piso,17.91499513158865
piso,15.829728963679468
piso,19.120452951518395
piso,36.17648882149922
piso,28.88934500183611
piso,5.718430532165897
piso,23.952479024269667
piso,27.345456598057893
piso,28.279979368976814
piso,13.336767501652469
piso,3.8533436297683465
piso,12.824648622605672
piso,9.285848371005645
piso,6.983051561619025
piso,4.080937957669661
piso,5.718430532165897
piso,22.06937532891842
piso,25.259780649346887
piso,18.230692808634853
piso,13.958968743777355
piso,14.599258795085646
piso,27.30056284735094
piso,17.002143185330475
piso,18.13701101374372
piso,8.826131545243632
piso,6.394860790253731
piso,18.74581591219824
piso,3.2375977879406825
piso,5.212725593704648
piso,13.386918950096781
piso,5.718430532165897
piso,41.59225926584222
piso,41.59225926584222
piso,20.05205441974732
piso,36.15210997503113
piso,21.750068230756135
piso,11.648855914510136
piso,9.455210610418652
piso,30.294259699082595
piso,13.60890951198892
piso,41.890334609837886
piso,5.718430532165897
piso,12.511503936471646
piso,3.606217693215452
piso,10.392362027072144
piso,21.183021102365185
piso,5.019933780264196
piso,19.031862196581038
piso,28.217248248620376
piso,9.673503691878093
piso,20.61717428900438
piso,40.31799496651851
piso,16.725334033251272
piso,2.676881201557535
piso,-0.09576963042245978
piso,11.374378998784952
piso,24.471035039326505
piso,9.605803342852504
piso,20.103236582190842
piso,16.235794803309346
piso,7.217764770095769
piso,29.39369808219785
piso,18.856269385831894
piso,12.424723773110792
piso,17.347912969170398
piso,39.26753288800645
piso,16.569199577337535
piso,41.13880181032702
piso,25.335267730097264
piso,25.87448278332043
piso,20.896496638941464
piso,2.699510770785607
piso,4.99721887221396
piso,4.990463932387135
piso,28.273833425207464
piso,15.819223604330102
piso,48.278702911012815
piso,22.504745474548926
piso,9.455210610418652
piso,5.718430532165897
piso,14.689948633407578
piso,3.4968702913026117
piso,23.470922755041958
piso,16.16733122030871
piso,42.46187241405674
piso,2.069440452254634
piso,-0.12781190073636317
piso,27.863076495432495
piso,-1.6784994545672616
piso,23.627186731221393
piso,15.475906327751666
piso,19.52524867998038
piso,27.721349756338597
piso,9.385022379504848
piso,2.8513013276317167
piso,48.228682131522646
piso,6.5101247756425895
piso,42.55299202891941
piso,28.217248248620376
piso,6.041018684848742
piso,27.418035046182077
piso,33.29176400960316
piso,11.748918291804088
piso,28.217248248620376
piso,13.496961797501372
piso,10.225142275892619
piso,20.8700616038451
piso,33.930234024683
piso,35.35387391119356
piso,11.696562449260007
piso,13.9828338362322
piso,20.464290661931628
piso,30.78870572491297
piso,-2.9356298292389615
piso,15.691329220986594
piso,13.872679141655976
piso,30.269771393747448
piso,14.585425006533681
piso,15.348137562300757
piso,10.730582649986363
piso,28.623395527868745
piso,21.058785463449325
piso,28.273833425207464
piso,7.594203735878313
piso,29.38747988806756
piso,41.59225926584222
piso,3.828071850338466
piso,12.084720938093296
piso,21.5055331082713
piso,35.74601208709722
piso,7.519516655200209
piso,13.575502116792237
piso,14.928796732308092
piso,12.817836597277555
piso,26.395109293751283
piso,13.818034167948866
piso,4.717589831162172
piso,28.273833425207464
piso,17.615974294039805
piso,8.59624220858095
piso,13.121117846945719
piso,23.988005573929595
piso,26.533617244335606
piso,4.644142090083414
piso,15.2565732454912
piso,8.99714060740948
piso,10.7591283280133
piso,41.59225926584222
piso,1.5504114378307898
piso,28.660250702876787
piso,41.59225926584222
piso,28.217248248620376
piso,34.48586449524236
piso,-5.1399029155627
piso,9.793711010869687
piso,21.597817430359733
piso,24.44408231287003
piso,8.128873096695678
piso,6.041018684848742
piso,21.99080171414223
piso,45.47478187602526
piso,11.138426544301527
piso,19.76940458267684
piso,18.658682832212957
piso,39.91597140014604
piso,51.153138327087966
piso,14.578800475090791
piso,21.693497180064767
piso,12.687218051589921
piso,19.154961369118496
piso,22.019443489397904
piso,24.72730255422675
piso,25.82246161470887
piso,35.18069452164785
piso,21.115769518474757
piso,15.518357420224671
piso,10.296830136250401
piso,34.94872438942763
piso,33.333792932003156
piso,12.591182859883322
piso,36.158851590620486
piso,21.772762572168357
piso,28.217248248620376
piso,11.993851350220119
piso,9.512039182819777
piso,11.896374540376375
piso,9.144720445795972
piso,14.710309708519208
piso,9.900494540760207
piso,25.369192122788007
piso,41.34056526663468
piso,25.516435361221724
piso,25.07493820769735
piso,8.804527811265729
piso,3.6737174602416323
piso,12.773781227401205
piso,24.17775900743162
piso,23.470922755041958
piso,19.12987371157
piso,23.022250775170704
piso,18.51189482333735
piso,16.288646136033936
piso,10.32033813909765
piso,28.217248248620376
piso,26.85884847825657
piso,5.718430532165897
piso,12.462730692691826
piso,10.98315518868771
piso,27.964698380804965
piso,2.8116525771811673
piso,9.545079443542903
piso,45.04669196397359
piso,-0.4102449900928562
piso,10.604161030410486
piso,12.64067489560674
piso,19.425465137363517
piso,15.044473902535715
piso,12.925898151226145
piso,26.198224532023517
piso,4.962863784395188
piso,7.337317886012373
piso,20.22878709284688
piso,17.57343598537695
piso,14.612436115049077
piso,16.96389929000004
piso,2.3487176442349433
piso,9.148779224763203
piso,34.51501078575186
piso,22.341722287068812
piso,5.718430532165897
piso,17.119095088047853
piso,23.470922755041958
piso,8.99100920119762
piso,28.217248248620376
piso,5.718430532165897
piso,15.655662907926038
piso,7.223816687090068
piso,8.653101093835236
piso,0.09788578815266291
piso,23.134911676145343
piso,1.014000706078888
piso,19.75264306629283
piso,15.984792882000542
piso,19.165486874243243
piso,26.811108195640443
piso,13.851998741945405
piso,9.268678698928223
piso,27.089349770376003
piso,27.79015859385181
piso,9.305720654618233
piso,-0.07096879976900006
piso,22.090449956800008
piso,11.855333458512495
piso,11.667222995151693
piso,41.59225926584222
piso,39.2220025465581
piso,64.08374913588901
piso,8.45065921897097
piso,11.743518734187063
piso,16.02513670161665
piso,28.922012742858485
piso,9.357264079344985
piso,8.83266869432534
piso,-0.017572109886820897
piso,2.395171526217643
piso,51.00101348234711
piso,40.32152323169165
piso,22.602504930004642
piso,14.538353702313945
piso,8.767717802660414
piso,21.0513833378406
piso,24.996172767539292
piso,22.24084574828369
piso,7.070748605571819
piso,41.59225926584222
piso,14.373153188516753
piso,15.543201616769986
piso,9.768371501999207
piso,32.13936203671859
piso,24.749263803180632
piso,2.9259621493600285
piso,5.365505791685732
piso,12.344880498050559
piso,1.0701029525809203
piso,25.508839160370012
piso,21.124342633752224
piso,17.87689569707429
piso,3.901862025319014
piso,18.49880572339313
piso,16.73477360259539
piso,17.850643213406148
piso,2.461634849657779
piso,19.280569458258334
piso,18.019619098606967
piso,25.439957962882588
piso,8.83536348528795
piso,1.4933352720980952
piso,16.29621600416995
piso,25.79922578113184
piso,19.86443657657835
piso,7.046889437515902
piso,29.318179937254317
piso,20.21125976458771
piso,41.59225926584222
piso,23.47923255720925
piso,28.217248248620376
piso,22.434991768547174
piso,13.529304914785257
piso,40.16587320681305
piso,9.795533085905683
piso,29.724762136899763
piso,28.478901830732095
piso,5.757690562066231
piso,15.977605918714733
piso,25.855393550969797
piso,4.481041464905877
piso,-3.566741190776068
piso,8.994475355216158
piso,26.64088953037862
piso,10.489580027687484
piso,30.404230398748446
piso,14.543326636131027
piso,-0.7255393215243489
piso,16.46100489397235
piso,30.62134605998631
piso,14.077319142206179
piso,24.278333350428994
piso,14.017637801721872
piso,5.718430532165897
piso,22.06503039172427
piso,1.2103018268238008
piso,6.076462769915025
piso,28.527395025423473
piso,6.041018684848742
piso,16.46730407803998
piso,13.26239144203143
piso,41.59225926584222
piso,5.718430532165897
piso,11.087330523968753
piso,9.09454687407434
piso,-3.904661263834819
piso,9.918063095523566
piso,30.380454421961645
piso,4.893450254425091
piso,33.62789524113252
piso,31.0849315951399
piso,15.325943771349259
piso,36.32312226376826
piso,32.25352382566702
piso,16.449749113483204
piso,23.697165388968997
piso,29.222327131694236
piso,30.870703655970686
piso,3.9836798368350745
piso,20.869259471162604
piso,27.064821710557
piso,9.684874394274768
piso,5.344257958082865
piso,6.554283497428792
piso,33.7854789133071
piso,34.79017702179525
piso,11.066114223698897
piso,33.61419564055219
piso,17.13805863031742
piso,18.36263449132791
piso,29.385287722158782
piso,9.542628104612572
piso,18.828498577224707
piso,4.6365158964369435
piso,28.217248248620376
piso,10.346674184896631
piso,9.638664491144343
piso,0.8488335764544441
piso,39.7799156487711
piso,17.775227293522768
piso,21.790141261726138
piso,14.146730429086386
piso,3.4241235426731853
piso,26.59863609665376
piso,5.214319643867293
piso,15.048869280567057
piso,12.69862573486169
piso,6.041018684848742
piso,38.498610767432794
piso,2.0619961292597244
piso,19.12517426610757
piso,25.425167315593132
piso,6.658004241421001
piso,28.217248248620376
piso,28.43068564399278
piso,1.3346950138418023
piso,28.217248248620376
piso,5.718430532165897
piso,11.53099244665401
piso,55.25834026437684
piso,41.59225926584222
piso,23.491094970580416
piso,28.217248248620376
piso,21.220069734602486
piso,19.58790918623743
piso,15.87673714585678
piso,31.29255160255735
piso,12.923725163035282
piso,38.175973856415354
piso,22.25010517893484
piso,9.337959960231057
piso,39.11774777960342
piso,48.005548674250534
piso,18.881223667955293
piso,36.18311607960756
piso,7.250031195482909
piso,20.096741718968158
piso,17.363531201852545
piso,15.447068598628144
piso,27.024462777225523
piso,27.729068379379562
piso,21.053913618190244
piso,46.45309207680776
piso,36.74089045795023
piso,14.685678237630606
piso,25.936384244750222
piso,41.59225926584222
piso,34.891081316588334
piso,17.3471322091157
piso,16.52018638539574
piso,23.470922755041958
piso,11.819437732738125
piso,8.917703114262043
piso,33.01585725076224
piso,16.76286385912269
piso,51.058079383050384
piso,16.295880796603555
piso,17.25380142901194
piso,22.68972828404778
piso,23.470922755041958
piso,7.331804505850648
piso,25.079041409329083
piso,17.038655949996652
piso,6.238279153589987
piso,18.16869369104328
piso,4.161701414968566
piso,13.910687431913837
piso,26.48172028205331
piso,33.41189457744906
piso,14.875730648670139
piso,5.67739908627094
piso,26.126563636046352
piso,15.859380700831615
piso,17.270006147523674
piso,7.797573011745262
piso,18.983574691764616
piso,21.77059309126703
piso,41.59225926584222
piso,41.59225926584222
piso,24.043164311294717
piso,28.125406645070793
piso,1.7065176782783409
piso,13.28864031892909
piso,17.356630602589306
piso,9.054456281321666
piso,25.04687596112456
piso,19.3177947643113
piso,3.0119061611907583
piso,21.353933336929977
piso,9.368337727122622
piso,31.512585465666
piso,10.690198651278848
piso,11.615790334287567
piso,20.638060634219848
piso,15.177214202463961
piso,2.9512772722771974
piso,6.943031635590335
piso,8.13828573853781
piso,43.01444633587095
piso,31.366563264027427
piso,19.899724187734424
piso,26.939732549064367
piso,28.42481971467501
piso,9.455210610418652
piso,33.80293682463045
piso,13.529151515717096
piso,41.59225926584222
piso,25.18904539367228
piso,9.542178601653163
piso,17.64274245938413
piso,10.218496842623015
piso,2.768155266106409
piso,18.195108078018652
piso,41.59225926584222
piso,8.348292755473441
piso,13.531681159585318
piso,9.170095777241505
piso,5.242451541526538
piso,39.74239348434075
piso,28.34761987128347
piso,5.718430532165897
piso,17.85120618723186
piso,9.85793339133747
piso,23.338508116856914
piso,22.54518066460991
piso,10.462357810793232
piso,23.45165209944814
piso,5.757358217333475
piso,20.2729322024218
piso,14.689528621416093
piso,53.86594382933168
piso,18.639902764119597
piso,1.7788433931963388
piso,7.073024982685139
piso,23.470922755041958
piso,14.71822682529751
piso,12.915739409742088
piso,-3.8960837343358756
piso,21.534123482593927
piso,27.93375584012434
piso,17.80862170457076
piso,41.54699331560503
piso,2.7215471756234955
piso,46.860374171706475
piso,25.362047932511757
piso,7.0364549838809465
piso,43.690195842745496
piso,28.217248248620376
piso,22.37889460245076
piso,24.677713285068627
piso,14.78360039682558
piso,16.237262209258652
piso,9.42095201108506
piso,40.16317490977301
piso,21.221610334685938
piso,28.217248248620376
piso,41.59225926584222
piso,34.180940172080284
piso,8.34901245238806
piso,25.108118620854427
piso,19.95138131993317
piso,28.217248248620376
piso,11.640589501794096
piso,4.922957766017411
piso,10.562822886813073
piso,6.901800453190332
piso,41.59225926584222
piso,5.718430532165897
piso,50.08847007745993
piso,20.890174190366494
piso,8.292588749798014
piso,21.070234459145333
piso,3.521023004078394
piso,4.135867742257049
piso,16.930081207834323
piso,10.382113484228238
piso,6.041018684848742
piso,45.052837384887745
piso,11.60559488276074
piso,12.331043674022602
piso,28.056655898969662
piso,19.386859103559683
piso,26.460339496368924
piso,6.678513308571765
piso,28.217248248620376
piso,26.288725844598716
piso,16.138868739320223
piso,19.108155801708616
piso,19.58335222613683
piso,8.723707843311491
piso,16.19022320723782
piso,12.09913649344796
piso,28.217248248620376
piso,45.63996545236093
piso,29.898792027863628
piso,7.69216263601159
piso,14.228854460554308
piso,17.138073257654398
piso,6.215652289819817
piso,3.262713567366027
piso,56.25152697612981
piso,21.558225637570104
piso,23.470922755041958
piso,25.204952592495445
piso,41.99310559454976
piso,8.940662495034024
piso,12.923725163035282
piso,12.68366313497581
piso,7.562153774371394
piso,28.217248248620376
piso,28.217248248620376
piso,9.889893954894479
piso,23.83619658985461
piso,11.602674052814166
piso,16.801068450742097
piso,28.217248248620376
piso,32.71705973223985
piso,41.59225926584222
piso,17.279136887792447
piso,16.484211489953804
piso,33.161412429818114
piso,17.804799581226007
piso,27.222003784516
piso,5.718430532165897
piso,34.64837237921359
piso,43.02450802827731
piso,6.974109778679827
piso,13.980039556635116
piso,3.966583206202423
piso,50.59441416897308
piso,25.246067204685385
piso,6.263006775454927
piso,24.51164667149697
piso,14.759767216787534
piso,15.429368451397252
piso,46.45309207680776
piso,26.450368317073547
piso,12.378293238301818
piso,10.836624276051875
piso,8.701262370568674
piso,23.517376801680467
piso,-2.45428528428302
piso,21.531120024713157
piso,5.98834419118115
piso,43.29812583582362
piso,41.59225926584222
piso,41.59225926584222
piso,41.59225926584222
piso,29.6515605805741
piso,15.035551195415554
piso,21.24432981319051
piso,3.2391302363153907
piso,19.95573996842117
piso,45.04217846933074
piso,23.53977196501471
piso,41.59225926584222
piso,28.488182008769837
piso,6.027356377856141
piso,14.533502963346967
piso,-6.163667262402472
piso,16.66826417591367
piso,6.041018684848742
piso,2.5284202615406093
piso,26.174225497553884
piso,-1.1257889997584591
piso,10.810311429897212
piso,6.041018684848742
piso,16.304534837857254
piso,9.856848400904061
piso,5.864435902177134
piso,2.7387655527784105
piso,16.89821245685712
piso,13.111879543918882
piso,27.740568210716397
piso,14.336380176221809
piso,12.377079914359722
piso,22.86373729513581
piso,20.673904517792728
piso,28.8060109192925
piso,19.098271994165806
piso,41.59225926584222
piso,12.330977670287503
piso,6.90884602297881
piso,11.896925536820756
piso,22.388723490930463
piso,25.667020624957935
piso,31.38383104184337
piso,11.680157459655893
piso,9.141137480493677
piso,21.139487827395588
piso,40.1384549554614
piso,2.3350925338556427
piso,21.239581565851772
piso,12.5330902127053
piso,19.525813613266397
piso,16.76286385912269
piso,27.196184172281555
piso,21.586562306298696
piso,23.72140696287648
piso,21.406643774302147
piso,18.617795972262275
piso,3.0486303526106484
piso,23.305902881751518
piso,39.770998255001054
piso,3.969097295123314
piso,14.753709220459799
piso,6.041018684848742
piso,16.79800269870224
piso,18.793230232106772
piso,15.144895107055834
piso,27.8972981997601
piso,38.64761767537861
piso,10.559470240607748
piso,13.61984366755211
piso,45.293097480564704
piso,18.1614151462008
piso,19.319134113507474
piso,10.592646687423745
piso,39.27552404805401
piso,28.217248248620376
piso,8.015941100068623
piso,4.723740501474305
piso,13.434440286471915
piso,23.61083856692472
piso,6.854833971686225
piso,2.6112715058717484
piso,27.5183211025221
piso,7.257247675128009
piso,35.14377072267199
piso,33.592985132129606
piso,8.190889839870398
piso,30.820624674536745
piso,4.5467696550364645
piso,26.68308947370921
piso,-3.435551943174331
piso,4.902607480779775
piso,20.03374114394503
piso,41.59225926584222
piso,9.062907738305404
piso,10.936410933572894
piso,8.604684678329754
piso,22.025395964096038
piso,11.642707042056122
piso,28.217248248620376
piso,12.753680165431557
piso,28.217248248620376
piso,20.70346497134835
piso,20.541868455396852
piso,5.873559102423331
piso,13.983755782544026
piso,41.59225926584222
piso,24.817841212898806
piso,25.16768424853536
piso,16.98394102624561
piso,4.859573432583386
piso,23.489433672564196
piso,11.040419560850822
piso,28.639346879979154
piso,24.206591472982396
piso,34.89300767490755
piso,-4.142633413507402
piso,20.46120558233885
piso,13.470320325922636
piso,41.59225926584222
piso,4.0006463297525885
piso,20.425217799066253
piso,7.177121505604167
piso,35.988976354940284
piso,4.669245561420587
piso,27.764191086880107
piso,29.382618801315232
piso,41.59225926584222
piso,34.31573329722486
piso,35.83890849427325
piso,-7.676103979655058
piso,15.544205215812813
piso,6.238363115576107
piso,5.718430532165897
piso,2.7131552179255225
piso,18.778784795261807
piso,2.627427369931623
piso,4.641096895373842
piso,35.14942774249721
piso,7.778248561520229
piso,18.471144850040655
piso,41.79944207550426
piso,24.9303820083141
piso,12.923725163035282
piso,19.28513014169915
piso,11.705864359391448
piso,18.951898504023656
piso,30.678431540625684
piso,23.862087642383223
piso,7.0215462999987155
piso,7.744520590597714
piso,1.7551420932254702
piso,41.59225926584222
piso,8.409996477638293
piso,15.637845273582185
piso,17.162851036583415
piso,28.217248248620376
piso,22.969415247807422
piso,12.898917323153047
piso,24.007826264858245
piso,4.98943780275658
piso,-0.9090615377664646
piso,19.160565087837433
piso,20.82900260335273
piso,19.44825662187646
piso,10.843042523074264
piso,28.217248248620376
piso,48.38473355583252
piso,18.549954244841693
piso,12.059895541571986
piso,16.391906111392185
piso,41.17290996265035
piso,15.334640770568653
piso,41.59225926584222
piso,26.739061696003176
piso,14.029405166134158
piso,28.217248248620376
piso,24.979830181782425
piso,-3.218939171328161
piso,39.46861994567759
piso,12.300000784879606
piso,12.03695366238222
piso,0.8575316223118135
piso,12.857370897788911
piso,8.387830602777747
piso,25.540254085505797
piso,18.770440818361568
piso,12.879740527286332
piso,34.077452000441234
piso,29.262088084308658
piso,-2.7150137916121198
piso,25.311879596879592
piso,2.48879003841298
piso,41.59225926584222
piso,46.45309207680776
piso,33.94369894618392
piso,25.281195485553077
piso,7.611289856056724
piso,20.036475708246538
piso,5.718430532165897
piso,7.321136689409946
piso,26.039129401797357
piso,8.547179778452453
piso,22.84041752152961
piso,41.59225926584222
piso,50.207018099451986
piso,23.470922755041958
piso,13.090001279151986
piso,46.45309207680776
piso,41.59225926584222
piso,5.300500576297162
piso,22.724072441644296
piso,10.098072185161367
piso,30.30754252929906
piso,37.99399329609325
piso,9.154993374704922
piso,13.214444202781328
piso,8.037302540313075
piso,3.9627092613795156
piso,41.59225926584222
piso,6.357725776632339
piso,7.7938070379226065
piso,41.59225926584222
piso,4.980942719766657
piso,29.092613289375947
piso,10.986067767176033
piso,15.230240089267832
piso,2.9721484822067046
piso,24.836118014873886
piso,16.7242530103594
piso,6.199321460203078
piso,24.160952565865166
piso,13.669872670715277
piso,25.21667214325667
piso,16.47343335548246
piso,17.563625428404595
piso,-1.7922688779447915
piso,25.563767960584983
piso,24.517373659518093
piso,4.25725483390198
piso,7.878994219880475
piso,28.273833425207464
piso,9.224790170277908
piso,37.37483586154484
piso,14.222487252218418
piso,15.031350561504242
piso,36.68139179760301
piso,26.37582994575862
piso,17.99306821584288
piso,28.217248248620376
piso,-3.111859032578068
piso,41.59225926584222
piso,23.470922755041958
piso,7.018270437595953
piso,16.970763203967422
piso,37.08897130598787
piso,12.737268930117086
piso,43.639526691615686
piso,20.018985228858032
piso,30.82060952788188
piso,38.867646370009034
piso,28.571486347892527
piso,9.988024085222037
piso,15.211080712030412
piso,23.81751423265652
piso,22.143106591229134
piso,11.432522398318534
piso,10.507540885247757
piso,28.217248248620376
piso,37.85840482718197
piso,23.43219781989221
piso,25.39624525101688
piso,7.777450259691343
piso,22.36343874081934
piso,5.718430532165897
piso,12.964736183141268
piso,2.6544563161004398
piso,21.74647333510309
piso,28.217248248620376
piso,41.59225926584222
piso,18.971887101126473
piso,6.294824322991177
piso,10.431502683942838
piso,0.6540871208789989
piso,14.509234246294156
piso,12.380867638836456
piso,37.58065681900666
piso,20.173332531685716
piso,14.15284948165777
piso,27.20256164984778
piso,22.803418385753627
piso,50.576656416025976
piso,9.20425795785842
piso,13.433837833278982
piso,11.030813830755315
piso,17.08867419104524
piso,30.19641087224163
piso,20.693657075187577
piso,36.138492407928645
piso,37.90186282874374
piso,22.062735765017848
piso,-1.859050593561573
piso,6.196206667003135
piso,23.379760653065663
piso,23.470922755041958
piso,7.282111069907571
piso,10.59034101031382
piso,17.235841735492265
piso,17.670938318305616
piso,17.716740987795298
piso,26.448229490794418
piso,2.7250420709132195
piso,41.59225926584222
piso,26.559696460945315
piso,-3.7267207449522832
piso,12.245252631485748
piso,20.241011238332508
piso,4.233579972060553
piso,18.724367595751733
piso,20.296520905347727
piso,5.718430532165897
piso,31.85598803590888
piso,32.51304426271692
piso,2.001058635223929
piso,29.927499811001223
piso,5.718430532165897
piso,20.818775333659012
piso,2.9513610328304685
piso,29.64080934378419
piso,21.46980591372707
piso,12.121524995444
piso,13.79713344991731
piso,4.992982955438108
piso,23.470922755041958
piso,7.712852885783383
piso,10.713196205335374
piso,5.554465064927916
piso,25.754117393204858
piso,18.318576733354554
piso,39.118938691006335
piso,8.871964684599298
piso,21.814052425272678
piso,12.646183740736404
piso,21.059255552788336
piso,29.938888969422138
piso,31.850968140962888
piso,10.434521817543917
piso,13.996142684637913
piso,41.59225926584222
piso,24.773456615574062
piso,15.568160026997601
piso,5.718430532165897
piso,25.816346953062276
piso,10.793748447022056
piso,41.251286536323974
piso,4.277739703007266
piso,12.616529393432629
piso,9.844125978811302
piso,13.595472833826427
piso,4.854193817386987
piso,-0.5689449290869453
piso,17.369345142385818
piso,-2.0974231823811085
piso,15.27089498658938
piso,13.383593024901641
piso,22.345707336350994
piso,13.065338629055589
piso,26.058079313202676
piso,12.921723481491721
piso,28.513050765116922
piso,11.316058794170768
piso,59.94859329356497
piso,23.282625486457942
piso,34.94785754235474
piso,21.35693267800636
piso,15.208089081089193
piso,14.709427125718689
piso,1.1614620550250532
piso,10.682529507441064
piso,34.098752463101015
piso,7.841179749716076
piso,17.0411159134787
piso,9.403531671995768
piso,4.086192587272208
piso,16.670217455793
piso,19.531541182356538
piso,41.59225926584222
piso,33.220377396109015
piso,11.412316599360505
piso,8.804527811265729
piso,11.717392205097156
piso,34.563587219735716
piso,17.786724176342084
piso,28.217248248620376
piso,7.8275747826403785
piso,46.20082070330269
piso,12.6249641033362
piso,13.741640833874925
piso,19.490912537910997
piso,6.182306272882454
piso,23.85560421250883
piso,5.718430532165897
piso,20.36267124848621
piso,11.416807136159868
piso,24.515600621000733
piso,10.263075224508633
piso,8.667951355618353
piso,23.992103585762713
piso,-11.149652725176207
piso,1.0205523389356097
piso,38.27056712423342
piso,30.06169735568416
piso,1.9567179775759724
piso,23.470922755041958
piso,5.718430532165897
piso,36.78767040530173
piso,25.027918736140442
piso,28.217248248620376
piso,23.431679744277357
piso,5.086792899987436
piso,1.3999616067054133
piso,7.672144622803834
piso,21.84180147288204
piso,14.136614737383567
piso,9.589478475689116
piso,23.012139331976698
piso,5.845800842756765
piso,28.217248248620376
piso,53.00025765005876
piso,8.294985688154277
piso,28.217248248620376
piso,27.495816699924713
piso,29.597059048687658
piso,8.75997054281179
piso,4.723740501474305
piso,29.705493075776523
piso,46.67315788863
piso,39.090879501275076
piso,10.244146721408342
piso,6.672545530876839
piso,6.041018684848742
piso,28.217248248620376
piso,36.47711107919098
piso,27.499238250344483
piso,20.140254196273034
piso,4.613018272505087
piso,17.277411103865802
piso,17.093269289432556
piso,53.171745379557755
piso,7.797236964991927
piso,4.571674324584407
piso,30.371244489890792
piso,10.734622822755057
piso,32.45724053340635
piso,15.754928878363028
piso,27.688712121779503
piso,19.15607261769745
piso,12.177501344616438
piso,40.85510211207324
piso,21.9855629795781
piso,6.041018684848742
piso,29.103988842765972
piso,7.68358386191299
piso,34.8051018951701
piso,23.470922755041958
piso,21.575166717023276
piso,7.682561998600779
piso,15.261840574432405
piso,4.478314487855317
piso,43.30689579411828
piso,3.3180063026185813
piso,11.681470845824926
piso,16.881684890928874
piso,26.300133816192318
piso,27.948250028030984
piso,41.59225926584222
piso,21.364440084095214
piso,12.233349397981952
piso,31.721823812489358
piso,11.046592197614835
piso,27.919946818542996
piso,16.695288960438713
piso,35.85698929105639
piso,33.83472350273764
piso,28.57657905868638
piso,-2.2302583643239116
piso,14.225743891440024
piso,6.0313813880309874
piso,-1.289471100315276
piso,12.562393961677799
piso,6.177138695980511
piso,12.888790715378807
piso,14.488226793877113
piso,-1.6581604720428578
piso,39.252015036710496
piso,28.217248248620376
piso,22.830906082801604
piso,28.145705297789746
piso,2.7024978518908727
piso,16.243813333522606
piso,6.051075016010143
piso,-9.069734212881597
piso,13.280511067248902
piso,41.59225926584222
piso,10.216662105696962
piso,38.763897780930236
piso,17.222389820963492
piso,20.55526157582015
piso,19.329033367666383
piso,5.718430532165897
piso,19.260503088532822
piso,-5.015054841713762
piso,22.981481215776224
piso,28.43204787611655
piso,18.79293945250463
piso,13.279585885460799
piso,33.51494963433594
piso,18.103048115004896
piso,11.098956263340366
piso,13.996809950929979
piso,26.12772208363139
piso,28.98430366048943
piso,20.19628820202819
piso,29.797273730044616
piso,6.041018684848742
piso,32.412611150560934
piso,29.38334047612021
piso,13.481920283297356
piso,7.969568160036489
piso,31.304832283799488
piso,28.217248248620376
piso,7.011278998609249
piso,35.81468110748438
piso,15.164853955230218
piso,16.574771639570905
piso,22.821857650863976
piso,33.43897624346186
piso,7.6382264289512
piso,16.538046764471314
piso,34.51501078575186
piso,2.8475153184858826
piso,20.620186643110305
piso,43.15543812470393
piso,12.597412850627387
piso,25.85018424262109
piso,4.968144165371724
piso,25.548937952230766
piso,28.217248248620376
piso,26.974302543138673
piso,-0.8321618791641061
piso,2.109279485363502
piso,8.115296962380182
piso,3.850930212989101
piso,10.244661395696774
piso,25.301172601745115
piso,7.713566778907155
piso,12.130503838410146
piso,32.85929111455508
piso,15.948230604119406
piso,12.288195851486483
piso,7.985295653465707
piso,5.158098423043356
piso,18.839871987553124
piso,15.439396910503067
piso,41.59225926584222
piso,28.217248248620376
piso,5.718430532165897
piso,28.217248248620376
piso,33.555820060745134
piso,25.831016875567204
piso,20.954517907541547
piso,12.520844362847871
piso,9.53846410914182
piso,12.865653305674174
piso,2.254186744848763
piso,41.59225926584222
piso,38.60642229783768
piso,7.2962054859427194
piso,6.041018684848742
piso,0.09788578815266291
piso,41.59225926584222
piso,20.539537654718977
piso,26.27175788410718
piso,23.17261508441565
piso,35.84511708502707
piso,19.82814004666029
piso,26.6475099753813
piso,0.670553630430093
piso,9.788663986926238
piso,10.407754602518104
piso,20.028580709549736
piso,3.4197606130151215
piso,16.412145640895194
piso,25.20402021328334
piso,14.449776336262698
piso,22.251798212545438
piso,28.217248248620376
piso,3.8338947663598244
piso,12.227649681480424
piso,13.58189562732175
piso,5.907955963773204
piso,4.578680786065381
piso,28.217248248620376
piso,8.674992895460743
piso,5.32205886204844
piso,53.45748251737725
piso,28.928480824017576
piso,12.927058910627798
piso,16.285734358697333
piso,28.273833425207464
piso,13.618733192100718
piso,12.134504063501673
piso,38.36858928975193
piso,13.090168174555838
piso,13.837112278976305
piso,13.679386286799812
piso,10.038590887794108
piso,12.461907091068625
piso,2.2714040538419633
piso,10.016752947660002
piso,26.36385926080105
piso,10.074218112906607
piso,21.033321786220107
piso,24.945401664703958
piso,4.849076899436122
piso,29.81078459255474
piso,28.217248248620376
piso,-1.1204646236253168
piso,31.27323238289086
piso,13.563844551952764
piso,53.76239152262718
piso,16.934197959468012
piso,7.220372106026218
piso,16.76286385912269
piso,5.886093169999884
piso,32.73777272688313
piso,20.54101052048578
piso,21.805532386072855
piso,13.042313089451829
piso,15.400956438651491
piso,19.66699367281739
piso,20.866778042511246
piso,7.079031429753013
piso,28.217248248620376
piso,12.415661282172618
piso,28.217248248620376
piso,41.59225926584222
piso,9.235098507457739
piso,9.846616206921377
piso,31.440329467647963
piso,6.041018684848742
piso,20.745275487037773
piso,46.7628267769219
piso,27.316460200799007
piso,37.49828187631125
piso,26.987042188804832
piso,29.38747988806756
piso,17.99193705840889
piso,5.718430532165897
piso,60.881227965686655
piso,26.795393550225953
piso,33.71969494004831
piso,24.871200295811935
piso,8.795737995991427
piso,29.41445460154306
piso,11.22451801318778
piso,7.566871638127393
piso,5.718430532165897
piso,29.43978591201475
piso,27.072156326431738
piso,21.21894024360913
piso,41.59225926584222
piso,24.15291036605608
piso,14.666756942777015
piso,28.3038069579729
piso,-8.210068370809665
piso,29.49169323859269
piso,7.008303572437002
piso,31.9934046782993
piso,13.164864614141747
piso,16.165549673733736
piso,8.222638511122415
piso,18.80321494879029
piso,24.16688366122922
piso,32.44496601408709
piso,13.736973211251758
piso,45.2090003042042
piso,23.218529603924832
piso,30.07630620574624
piso,13.113607538244466
piso,19.522304472776185
piso,41.063808126095005
piso,26.191041441550244
piso,16.1573207465181
piso,18.574156738221713
piso,41.59225926584222
piso,8.892872335436032
piso,15.612360744664699
piso,6.306492099330319
piso,23.690887337807943
piso,15.745394349355045
piso,2.855459665242832
piso,36.78520402026542
piso,46.34784552981483
piso,9.584589269626974
piso,3.9267787799574627
piso,41.84107536766535
piso,25.455419437482384
piso,21.579557066926846
piso,16.76286385912269
piso,1.48016679950016
piso,15.658155385484562
piso,23.32359361147489
piso,28.84706088185405
piso,20.566294631240222
piso,23.470922755041958
piso,27.829537771353863
piso,30.98802158503886
piso,20.516451978139226
piso,19.088294089544444
piso,7.896588342175126
piso,5.037939467082531
piso,10.485539518906517
piso,10.480395806533116
piso,30.411609637450443
piso,35.08949756924933
piso,36.483202113202815
piso,14.17140402802277
piso,20.17231230386458
piso,15.969555849864802
piso,12.05415110746586
piso,28.217248248620376
piso,41.59225926584222
piso,3.0383593474333948
piso,21.991221956215078
piso,26.349948606936515
piso,4.031680641277635
piso,11.89185589115267
piso,6.5847090370955375
piso,5.937207981466108
piso,22.026384743516214
piso,31.680406683274686
piso,3.1300563146999805
piso,27.428329414316433
piso,41.59225926584222
piso,23.470922755041958
piso,9.224214274491915
piso,18.143736941619593
piso,16.411394966763957
piso,27.759810107280824
piso,9.038482214661837
piso,29.15039392515394
piso,26.134868251322985
piso,11.368293662063355
piso,11.828161485963019
piso,0.3160367128536512
piso,11.675212373526422
piso,31.994360938101174
piso,41.59225926584222
piso,6.882670118921341
piso,41.59225926584222
piso,14.928372530792167
piso,19.631472097103476
piso,40.3373352318571
piso,41.59225926584222
piso,18.49538787381817
piso,28.217248248620376
piso,23.392743400096517
piso,39.70488137277268
piso,37.858918215196155
piso,20.710479644667057
piso,18.505130057957707
piso,10.37777565017941
piso,4.121354957014867
piso,14.148218415800951
piso,1.0825846731605804
piso,21.533691954117916
piso,28.217248248620376
piso,12.737890494786242
piso,46.13273348477642
piso,13.703076096278632
piso,13.915866374187114
piso,0.8400458066799343
piso,11.323297780428042
piso,14.877278756667911
piso,5.474545644254292
piso,29.492050815316027
piso,2.985986909626792
piso,16.555760619616823
piso,23.563789139073577
piso,9.390573621212184
piso,27.30257211765228
piso,28.217248248620376
piso,3.945170306435686
piso,21.974124241432524
piso,6.0380274359894015
piso,28.217248248620376
piso,11.89185589115267
piso,13.103796759946839
piso,6.148409345495942
piso,0.23863860164781148
piso,20.965304521022997
piso,22.76407207879092
piso,12.219937272528503
piso,17.45834791175693
piso,28.288285455859462
piso,28.217248248620376
piso,14.680578531619348
piso,23.401435722488383
piso,28.217248248620376
piso,19.576759569404235
piso,27.618476358958098
piso,34.49179977923764
piso,7.171459249453305
piso,18.633850880950664
piso,5.718430532165897
piso,48.636011301924675
piso,14.695056800380435
piso,6.630643941255343
piso,29.78673643875469
piso,23.470922755041958
piso,19.240263500706444
piso,9.05103296590195
piso,28.65127687301996
piso,9.146367472698081
piso,20.975107446788943
piso,0.7692508338269066
piso,28.217248248620376
piso,10.078933072915518
piso,22.59831770159424
piso,8.448459666120712
piso,28.217248248620376
piso,23.306845195853064
piso,28.64626195832183
piso,3.6810195242939603
piso,6.041018684848742
piso,35.03832371344784
piso,29.65130843554182
piso,28.893026833637325
piso,23.33569314286372
piso,-7.51003097844306
piso,14.259183974491641
piso,27.22550896310714
piso,41.59225926584222
piso,41.59225926584222
piso,20.994519105324393
piso,11.429691666989816
piso,15.634115668671356
piso,22.810141965811127
piso,25.608915354584983
piso,9.455210610418652
piso,16.372911978768776
piso,17.57049413072518
piso,17.47682830372126
piso,13.259283001093314
piso,9.325165387038293
piso,15.179087526282531
piso,3.3106536893247496
piso,4.8954263472269055
piso,29.25884731008064
piso,2.8580364756958687
piso,56.81890992724088
piso,38.56584874884448
piso,38.53862947063589
piso,16.803902250147672
piso,12.888595583804774
piso,15.60429671981205
piso,10.00405556370394
piso,35.01113471807464
piso,15.414924406476604
piso,41.59225926584222
piso,8.384376491771395
piso,28.010255588424336
piso,5.718430532165897
piso,7.7952163914014605
piso,20.053592869209602
piso,8.804527811265729
piso,19.18762997987593
piso,2.970348195577488
piso,19.6710274868777
piso,12.52110166896081
piso,0.7903928647772007
piso,31.116228072673625
piso,5.864851911360525
piso,3.462649984147803
piso,28.217248248620376
piso,10.336627388141872
piso,15.819524102373428
piso,7.230791626159827
piso,12.66480939673671
piso,8.720113111760641
piso,14.398290094071765
piso,11.134667326299287
piso,36.96203890130383
piso,28.105760306535842
piso,20.02373362787
piso,12.66469089768323
piso,16.3740365730483
piso,9.451781790999746
piso,8.523133761579516
piso,4.8667053730242715
piso,25.46470298982968
piso,14.78852433430018
piso,23.236261175050398
piso,16.051753124639777
piso,11.391221117119276
piso,41.59225926584222
piso,5.718430532165897
piso,29.350630410246346
piso,8.90994505394005
piso,29.89776085336682
piso,-3.0137071039365804
piso,41.59225926584222
piso,20.693473804811056
piso,24.23004973068499
piso,11.918348459612416
piso,39.50795116171197
piso,9.498347995799694
piso,23.298491757585428
piso,25.473351385839393
piso,15.053559183721665
piso,19.101754857649855
piso,1.6681680519099906
piso,19.946998763828372
piso,25.515447847207405
piso,14.105677627729651
piso,13.408905079849598
piso,35.450152191947915
piso,40.771842033611264
piso,0.15335087189136676
piso,0.09203088114213553
piso,14.039767815745563
piso,13.301439725596452
piso,29.38747988806756
piso,42.34685755302567
piso,25.475714539668637
piso,10.185954942315977
piso,19.915876658539243
piso,11.383124760977893
piso,12.089151622119854
piso,21.369268714850655
piso,23.585514700404488
piso,24.657500268556632
piso,12.305420766814269
piso,32.93982007123103
piso,3.6742719249261757
piso,34.04477301030462
piso,27.313069943234314
piso,10.1956278811979
piso,18.538913970608917
piso,38.94384994275628
piso,10.553444772046028
piso,6.593599219766277
piso,16.901589317724476
piso,23.017608526965883
piso,6.2448915237806935
piso,6.884052280267106
piso,16.322827342738357
piso,24.77731697331769
piso,6.041018684848742
piso,26.97294560575274
piso,10.15134629279293
piso,14.105518680081829
piso,41.59225926584222
piso,28.722799744590645
piso,38.52645423262568
piso,22.562178846656032
piso,4.686827305783936
piso,23.768007344707787
piso,23.801736085275138
piso,23.470922755041958
piso,28.609187336254728
piso,16.564868227944164
piso,14.76984911679975
piso,16.180162250005527
piso,28.273833425207464
piso,51.53770304572174
piso,12.923725163035282
piso,29.09719674469944
piso,22.399921737544403
piso,12.035503307195006
piso,13.973444500330846
piso,37.31200038864807
piso,6.4778631825756605
piso,51.85084110707774
piso,41.59225926584222
piso,22.529703504530918
piso,68.8597308781048
piso,21.622874865605613
piso,13.688444740955386
piso,17.815989159563227
piso,17.477577844959256
piso,3.462649984147803
piso,43.76436221823048
piso,13.835395927897443
piso,28.506842723471102
piso,19.298435971069296
piso,18.06846069817505
piso,3.9166154743993653
piso,10.441934396312735
piso,8.546890511645477
piso,17.401448582256094
piso,20.755814262749993
piso,34.38336182097186
piso,17.357580638677295
piso,24.80513800746662
piso,24.035496635713727
piso,25.431010263849352
piso,13.161886396020762
piso,6.041018684848742
piso,21.836488431403733
piso,14.663417308563398
piso,12.100241941451205
piso,11.473100343138388
piso,27.997204180682633
piso,27.71748629785793
piso,11.043358751062094
piso,0.02584046658822281
piso,26.657491640921094
piso,12.763657812297534
piso,46.64548343103068
piso,12.253134863564718
piso,5.718430532165897
piso,23.440520191255697
piso,24.626549533368134
piso,34.16465007418314
piso,30.005783817923536
piso,17.95175230446493
piso,21.61440295181758
piso,27.297079775605248
piso,13.286459115971837
piso,1.757834505079181
piso,23.096081597088634
piso,14.53408276277328
piso,16.60722822873555
piso,13.444409875207231
piso,30.04271175499088
piso,35.853708467988675
piso,6.219931986075045
piso,24.85365734681235
piso,21.409507474324375
piso,6.7530218351208315
piso,9.048353466051552
piso,31.759219304301034
piso,22.50367862030741
piso,24.024062845784442
piso,41.59225926584222
piso,24.83111395823865
piso,9.820891823213262
piso,20.200368335003116
piso,-2.6350891226555095
piso,24.9198471666353
piso,41.59225926584222
piso,11.36328211876043
piso,5.097620267832048
piso,11.634295685032537
piso,17.926901463591772
piso,11.856128491494179
piso,15.882518956144631
piso,19.05276038012069
piso,19.60973193899802
piso,28.273833425207464
piso,19.609697750082322
piso,19.405111145388588
piso,5.828081052399781
piso,27.47053538943829
piso,7.706210340305852
piso,25.327726622486967
piso,41.59225926584222
piso,14.012073554047122
piso,12.431798715331466
piso,23.327849318342466
piso,18.170940741980534
piso,5.718430532165897
piso,20.92172236698424
piso,23.452856960843004
piso,3.555744300379726
piso,18.606204929126147
piso,5.2457729455898106
piso,3.5848918331962576
piso,22.223695966588043
piso,41.59225926584222
piso,18.386573953134068
piso,5.718430532165897
piso,18.816603630342964
piso,24.107642675930265
piso,28.217248248620376
piso,12.817836597277555
piso,5.718430532165897
piso,10.267066415339565
piso,14.949283334047369
piso,8.204920124972137
piso,28.217248248620376
piso,42.904255534605326
piso,3.85773684859565
piso,47.533227775820585
piso,14.3503799270966
piso,15.202484068365486
piso,6.766420505950599
piso,14.329443109202721
piso,16.367964820039617
piso,23.914250229124878
piso,6.486521154640834
piso,16.494200887690802
piso,26.003417733453638
piso,25.479181274328955
piso,9.608649241021983
piso,20.177000110256984
piso,10.89056630487466
piso,35.724392397729375
piso,11.651191135807649
piso,15.683241103775924
piso,14.91558904887147
piso,2.306177378501517
piso,10.222415438990652
piso,14.694107388318622
piso,23.470922755041958
piso,3.901010975840191
piso,27.072014902594187
piso,14.276494670110317
piso,9.309148692604596
piso,17.75217150192052
piso,6.4661106625699905
piso,23.470922755041958
piso,30.048829202072657
piso,11.55749575014463
piso,3.1480287883317803
piso,16.475080679379705
piso,11.025356474632675
piso,7.4499126249689684
piso,32.294915681950975
piso,23.470922755041958
piso,19.287905749874902
piso,8.297864433261903
piso,18.363282574726792
piso,12.886307869418157
piso,23.570466074797203
piso,3.014991243498022
piso,41.59225926584222
piso,21.30607632613797
piso,32.41396444266198
piso,26.748645950482917
piso,7.422328224935337
piso,16.501014440184058
piso,7.39560221632225
piso,26.01626933573684
piso,24.595463706243304
piso,27.476178444043686
piso,25.48015433665651
piso,30.039319467270364
piso,18.484273509672345
piso,22.03695829733655
piso,13.641467466914259
piso,4.047818016523275
piso,21.85130815266255
piso,7.914276954535627
piso,24.695509852597585
piso,19.051199558866074
piso,11.47973972193903
piso,11.451869046806774
piso,7.3846796479747345
piso,12.817836597277555
piso,13.034022630533126
piso,8.532564724617586
piso,-2.8016147779868605
piso,17.972263092753483
piso,20.529388063183184
piso,44.14890590276688
piso,41.59225926584222
piso,-5.938228413880841
piso,12.824627329011019
piso,18.651101010971317
piso,4.620874365522432
piso,24.3201521863581
piso,27.636236679583448
piso,35.6297322153718
piso,28.217248248620376
piso,6.041018684848742
piso,12.842307489800708
piso,28.217248248620376
piso,5.718430532165897
piso,14.22526874638612
piso,7.791104882910593
piso,29.78635187829548
piso,6.350694718003136
piso,30.78912958818105
piso,16.74580781497852
piso,9.748497714473793
piso,15.726928340808822
piso,22.48301217299744
piso,9.966774741915984
piso,-1.522930480270679
piso,20.025721627782023
piso,24.750086953500084
piso,28.217248248620376
piso,18.191280916246445
piso,7.353565574408738
piso,41.59225926584222
piso,22.245479458512072
piso,-4.160074804856917
piso,15.436632436755193
piso,6.024206436442259
piso,41.59225926584222
piso,-10.046362862560487
piso,19.334221406402342
piso,32.81863853312079
piso,12.598016582118499
piso,28.217248248620376
piso,3.7200337891376334
piso,24.984701242158348
piso,3.7983285068046158
piso,13.311444606874122
piso,4.883783689763588
piso,-0.4281722201032956
piso,13.535675442095263
piso,42.50633436654989
piso,-2.5244506243333076
piso,2.292258090154786
piso,23.277124844635555
piso,8.472019110661599
piso,44.570652619487014
piso,19.91094293046678
piso,41.59225926584222
piso,27.01263130751267
piso,3.462649984147803
piso,2.119314667878691
piso,17.165239682865696
piso,17.231414580690373
piso,26.148541932599546
piso,41.59225926584222
piso,12.220699557699744
piso,9.455210610418652
piso,15.225238302592237
piso,11.686285165439013
piso,-0.10814876578266741
piso,25.489755515317558
piso,11.022734108804677
piso,39.94014134708914
piso,15.621711283962458
piso,9.38673524034086
piso,11.66959359294859
piso,9.169368341994822
piso,41.59225926584222
piso,10.220592619297875
piso,13.009180738643167
piso,16.305130417594626
piso,10.100617507271581
piso,15.756048648549292
piso,24.363798181710948
piso,32.68566995240607
piso,32.328252678468615
piso,34.21219340442546
piso,41.59225926584222
piso,25.086659348470008
piso,9.791294792481885
piso,14.250946165386292
piso,18.414633030909823
piso,0.19655035292576173
piso,13.046395445397652
piso,27.96067698501634
piso,8.002610521306575
piso,31.478835928457837
piso,14.610267252563357
piso,0.5807459177193275
piso,25.759311847565392
piso,15.132868799655608
piso,15.266859354064088
piso,14.509630626597403
piso,24.575334376059587
piso,3.81114322872238
piso,21.337595513805297
piso,8.804527811265729
piso,3.497934715976747
piso,9.772569012898579
piso,4.311735719484111
piso,25.194296170809793
piso,48.69530509353059
piso,9.46443013956012
piso,13.930207923717353
piso,35.582728065117664
piso,31.12978162507838
piso,20.544790344971364
piso,13.443995120743057
piso,27.111722262442495
piso,28.217248248620376
piso,8.059827470090397
piso,25.035338180000544
piso,27.96603601705343
piso,36.049266321403906
piso,16.033957399048603
piso,5.760371106022166
piso,19.83054486481899
piso,17.993596124262833
piso,28.217248248620376
piso,31.164763762133376
piso,22.82830168038663
piso,6.4077201675386775
piso,10.007457356221794
piso,19.464740834966477
piso,5.7136782160490895
piso,0.3705607701783853
piso,29.954243898609413
piso,24.44943071780097
piso,16.384352993461814
piso,5.236868639113057
piso,17.600914528805234
piso,28.217248248620376
piso,41.59225926584222
piso,6.469892175262237
piso,28.217248248620376
piso,9.726852516531004
piso,2.077577212888948
piso,25.877838768485084
piso,24.3086263894601
piso,41.59225926584222
piso,14.663403235712046
piso,16.527700965318527
piso,5.718430532165897
piso,28.217248248620376
piso,31.475898406383184
piso,37.15561562941044
piso,17.062825167476724
piso,19.754031683436178
piso,14.145573688443935
piso,42.276286907072006
piso,37.21913292100616
piso,44.39086634991525
piso,5.914870575034481
piso,22.648675882285506
piso,40.254152120182084
piso,14.042049672512057
piso,18.580139459413058
piso,14.774007515150245
piso,37.56046992819557
piso,13.267415813161909
piso,7.783598014477633
piso,28.217248248620376
piso,15.529493124070125
piso,29.2583623010912
piso,26.85884847825657
piso,10.649630975027492
piso,69.21040784264983
piso,41.59225926584222
piso,11.902499143289514
piso,2.4218916562793735
piso,18.949178877891814
piso,8.884868854706784
piso,17.690848790120995
piso,14.279840620787887
piso,14.909882920647455
piso,24.64391698971049
piso,28.217248248620376
piso,-3.05096840762904
piso,15.725111801787628
piso,35.16208815642796
piso,50.47547731236348
piso,14.827167545293985
piso,6.216905349483071
piso,26.579551962513648
piso,21.429464940358535
piso,44.27968744319648
piso,26.052656264113104
piso,40.84373073378542
piso,29.564270941872948
piso,11.636375673888955
piso,17.359981497160824
piso,5.718430532165897
piso,47.840877958735085
piso,22.42207361005284
piso,19.37334173350107
piso,39.68808703743083
piso,32.46364568089479
piso,34.830695811567146
piso,30.315714022934937
piso,7.672144622803834
piso,7.96713087806854
piso,13.959684504820446
piso,7.072406158368549
piso,21.861438756421304
piso,25.875100609370506
piso,27.233573995579064
piso,13.52031578614925
piso,22.983628156524126
piso,21.52431370895791
piso,8.7557585173329
piso,22.236832301659692
piso,18.16150415104014
piso,15.636717152511338
piso,6.150308525532333
piso,17.158088948152695
piso,29.4949957117433
piso,28.217248248620376
piso,15.287187452152406
piso,5.564134630854878
piso,16.062567441120358
piso,31.00016049939438
piso,-4.118184015269066
piso,41.59225926584222
piso,22.07851578853395
piso,35.70389173206987
piso,15.81885766907767
piso,15.261568385874158
piso,36.310593054984565
piso,15.43772092582827
piso,21.495227406543272
piso,17.090813570116392
piso,11.934556374718719
piso,23.352549943629587
piso,34.155247949605894
piso,41.59225926584222
piso,27.603892654235363
piso,9.331646265795746
piso,44.471324443226365
piso,21.47254989474562
piso,14.22371260813582
piso,20.9273215675124
piso,18.466504894083123
piso,8.742674632660098
piso,15.965258097138202
piso,-0.6371302529848855
piso,19.296388519436537
piso,13.562802623456705
piso,22.745423702094513
piso,15.16350515306566
piso,18.878996727615394
piso,26.88745780112931
piso,25.200422153464032
piso,14.824397025172331
piso,24.19776370071527
piso,5.615128524753565
piso,39.34821143090503
piso,15.150674851147805
piso,29.068430978340864
piso,12.715912092622572
piso,11.763096941259343
piso,46.617648442396145
piso,12.719703776179369
piso,19.815384877095376
piso,28.406510714695244
piso,13.182512404307744
piso,50.12047405607167
piso,27.35033303986336
piso,7.63664104780124
piso,28.217248248620376
piso,15.218550156737098
piso,2.210614016417911
piso,5.671109627974058
piso,8.694920940227323
piso,23.765373700969363
piso,8.689113236896295
piso,11.38328779010549
piso,14.690598464696292
piso,13.906167379699363
piso,17.6012181960894
piso,16.76286385912269
piso,29.080089316143066
piso,18.45974858117159
piso,22.71511357321927
piso,5.718430532165897
piso,23.829251846046006
piso,10.458321696820372
piso,20.7474492167538
piso,19.750491307862774
piso,32.29797646858399
piso,16.964434380415028
piso,37.36825147314745
piso,15.343873801613006
piso,9.633204288549491
piso,51.665353637390176
piso,42.55953118831559
piso,28.217248248620376
piso,12.556293954342191
piso,20.204555313930506
piso,16.14619698430848
piso,28.63249016357092
piso,14.721370030582515
piso,21.314164093367015
piso,23.379760653065663
piso,19.137150774960787
piso,21.762086844940143
piso,20.857596816799617
piso,5.718430532165897
piso,2.445416903133668
piso,14.541592304353923
piso,41.59225926584222
piso,13.519079971210912
piso,28.217248248620376
piso,16.46925559533001
piso,8.26967415536981
piso,21.984848278147716
piso,19.50253280798988
piso,30.059749798526113
piso,28.217248248620376
piso,5.5516079440876664
piso,7.784810373732287
piso,38.368577589406236
piso,9.999297735120383
piso,11.882854803003351
piso,11.471943076449186
piso,3.18883671144361
piso,24.829323397213464
piso,10.247784464197785
piso,12.700658130303566
piso,16.468996445713845
piso,15.330386738475731
piso,13.864400267958521
piso,42.04115190289033
piso,-0.8597271525607519
piso,11.70207600860984
piso,14.648664209060625
piso,41.59225926584222
piso,31.46757608503521
piso,4.806383071001519
piso,47.07781183799873
piso,19.44731066188441
piso,-2.9953807885990225
piso,68.09972290978703
piso,28.217248248620376
piso,27.082990671695462
piso,17.376281080357426
piso,19.079599200551534
piso,44.955553676742795
piso,7.229323442151947
piso,18.24408182135082
piso,41.59225926584222
piso,7.8571472796964414
piso,25.28611352544239
piso,16.6285835529407
piso,22.589289870755547
piso,40.7358788416294
piso,29.149263515930237
piso,21.303756458827515
piso,10.460472893168093
piso,15.7514517008692
piso,7.757496525381735
piso,13.058567296861835
piso,28.86731620651495
piso,11.406356259840456
piso,-1.5379845530269165
piso,12.189027863342183
piso,20.148570245153195
piso,2.39968421356036
piso,6.041018684848742
piso,37.4927893900276
piso,14.806665098176254
piso,18.471483555276503
piso,10.235413336571074
piso,15.202154750558861
piso,6.246989056427809
piso,8.836332354926935
piso,30.878540080130424
piso,41.59225926584222
piso,4.879210609750251
piso,27.323107493841658
piso,18.06406277135244
piso,17.947144571432005
piso,40.826700625804314
piso,2.888484877248776
piso,31.498330810755714
piso,12.362164002535492
piso,6.041018684848742
piso,39.00059133308835
piso,38.74734493900274
piso,25.404040015095617
piso,12.288351635367079
piso,18.43970154195933
piso,36.290642250068636
piso,21.54960672559043
piso,7.260743919166157
piso,29.987784807009497
piso,20.832631782719304
piso,16.76286385912269
piso,28.217248248620376
piso,26.2170854000199
piso,28.181700438854506
piso,32.923749140565526
piso,18.181493245922198
piso,41.59225926584222
piso,34.50367691924385
piso,10.24947948173911
piso,16.707187372096534
piso,30.95945725133703
piso,16.071938238315862
piso,-3.6304901309796467
piso,-5.107917920243565
piso,18.049386043966976
piso,12.50449885319962
piso,34.30182619440705
piso,8.292542087842246
piso,25.896531731708873
piso,18.855533411790447
piso,41.59225926584222
piso,13.303124657963238
piso,11.40452054920419
piso,15.058903593886598
piso,12.923725163035282
piso,22.09015978808928
piso,23.54683796148167
piso,34.51501078575186
piso,13.026909184518587
piso,10.363058604972085
piso,41.8235129201068
piso,25.57557528267789
piso,7.091428542652145
piso,28.217248248620376
piso,28.217248248620376
piso,10.522928325983605
piso,28.217248248620376
piso,7.582009938647194
piso,6.60614078274695
piso,23.108317939297564
piso,10.763586701099515
piso,27.752111871598515
piso,23.470922755041958
piso,23.470922755041958
piso,21.715725638921835
piso,37.69488619372293
piso,6.521547703119923
piso,20.217372520548604
piso,19.22485185576268
piso,28.14230625962686
piso,22.314841139959363
piso,18.171786126496748
piso,17.21751213903795
piso,32.07756352550217
piso,7.7472978062812725
piso,5.313964578607133
piso,13.736317695916966
piso,4.822992119169367
piso,23.470922755041958
piso,8.110266089958017
piso,9.711896348389072
piso,5.319012511063015
piso,28.273833425207464
piso,41.59225926584222
piso,13.122989609146352
piso,24.026117093852093
piso,32.41447164606126
piso,12.128249683337478
piso,35.76776514225914
piso,4.351694588427546
piso,14.422760612325636
piso,47.2682522524051
piso,22.630352419523913
piso,5.718430532165897
piso,11.407604361096357
piso,29.38747988806756
piso,-0.6856722323766107
piso,2.1994585528742228
piso,-5.577184166795801
piso,41.59225926584222
piso,5.718430532165897
piso,3.2867357524866136
piso,45.64902029887041
piso,10.016176698228186
piso,9.365698435531812
piso,28.217248248620376
piso,9.455210610418652
piso,14.288934611478776
piso,5.968986418104816
piso,14.533954940840044
piso,12.57121112138282
piso,20.65004790015823
piso,23.577994974519246
piso,40.61217707565965
piso,28.021268172489535
piso,18.131433653426754
piso,25.686144358096897
piso,5.718430532165897
piso,20.589762630323925
piso,39.51706889096972
piso,19.411698260016806
piso,5.718430532165897
piso,9.455210610418652
piso,28.273833425207464
piso,28.14311946709591
piso,21.142336874933786
piso,22.692247062683315
piso,4.527078972364396
piso,28.217248248620376
piso,28.074425847317496
piso,30.50614107930254
piso,8.264523998898321
piso,15.329103006441791
piso,76.68873738166839
piso,6.041018684848742
piso,12.441597105354152
piso,19.183902046549207
piso,31.468704744501487
piso,47.348071270437366
piso,28.217248248620376
piso,5.718430532165897
piso,28.217248248620376
piso,25.97035485493461
piso,5.718430532165897
piso,7.063374328639238
piso,11.255183486954845
piso,13.73656248374413
piso,16.083427452406962
piso,26.754326986084898
piso,25.737991229742075
piso,22.67524027043124
piso,41.59225926584222
piso,8.802248666309808
piso,5.162201650130704
piso,14.576434667744586
piso,50.67787517505573
piso,16.95814177087762
piso,25.827771811858945
piso,23.454023925166865
piso,6.761829901381233
piso,7.274314348185595
piso,10.367349107038448
piso,5.3574084224423
piso,15.81818497093257
piso,21.277536111726402
piso,0.8857677745968351
piso,26.65595129125029
piso,6.578197422140097
piso,11.582501719000394
piso,13.253699264151653
piso,1.3971930858827752
piso,18.516365860200267
piso,23.15625226103445
piso,6.372156977639376
piso,20.97065199998771
piso,28.217248248620376
piso,14.21304149739755
piso,28.217248248620376
piso,18.078612090974765
piso,6.041018684848742
piso,24.239280055716694
piso,17.18625727049501
piso,35.67277017532587
piso,48.7889692290856
piso,41.59225926584222
piso,23.15260627599065
piso,3.0577596350602088
piso,25.866200194751364
piso,1.4810071444781414
piso,5.461512833119242
piso,22.476617981605262
piso,17.18686664674516
piso,2.3429066234960105
piso,11.051939741742324
piso,19.88644637098319
piso,33.4587037049329
piso,14.553097626756607
piso,12.998122122682275
piso,8.565234689212176
piso,-0.11898962812262326
piso,41.59225926584222
piso,22.999390096780758
piso,41.59225926584222
piso,28.30062216017413
piso,8.687707207597239
piso,9.788663986926238
piso,8.06708778488674
piso,22.226191538177844
piso,41.59225926584222
piso,10.781869635809338
piso,7.988848788343672
piso,10.022211236629808
piso,17.253608968978497
piso,-3.0581966440093478
piso,24.07058322874056
piso,34.128791099681145
piso,5.592375468456301
piso,2.45286192727896
piso,3.9471940797997984
piso,41.59225926584222
piso,16.122783993325275
piso,16.383622860023017
piso,14.144436222641266
piso,12.655673405908896
piso,15.08404627841189
piso,30.205941037570415
piso,28.217248248620376
piso,9.618463359366913
piso,10.343624267698814
piso,34.01258018251849
piso,11.38825941980005
piso,22.676854643000823
piso,17.71522381966115
piso,22.916633923032094
piso,9.803940818500067
piso,41.59225926584222
piso,4.376151009331131
piso,15.578693538854038
piso,25.813488810316
piso,1.6086876961600272
piso,41.59225926584222
piso,15.639892017214386
piso,36.75990317766369
piso,46.73836261681568
piso,35.10527852301628
piso,-1.8413741607593792
piso,33.063864105315375
piso,10.040673087154373
piso,41.59225926584222
piso,44.71413950442773
piso,13.478949452254518
piso,16.699451982222314
piso,15.500993818727093
piso,10.109182040999443
piso,38.86048543239924
piso,17.607035808163253
piso,29.639953289609554
piso,28.217248248620376
piso,5.718430532165897
piso,17.032256077697827
piso,20.308136213756356
piso,26.873946060617193
piso,46.849766408153506
piso,15.489717055436891
piso,12.923725163035282
piso,21.14746565055672
piso,36.3551235945937
piso,34.70199547676953
piso,22.964659185261958
piso,39.13132780265758
piso,10.100445977737504
piso,23.454839640673587
piso,30.10895838575025
piso,30.68262026443842
piso,6.560779955728857
piso,30.165233175514338
piso,8.834224595400908
piso,43.618128901914744
piso,28.630702875354054
piso,6.696618666392418
piso,23.09024430235317
piso,4.747628473600329
piso,2.819027758084891
piso,27.438899682117434
piso,24.17149745363245
piso,28.273833425207464
piso,19.038626746492106
piso,7.72299232839897
piso,31.208925480149485
piso,8.538756344187792
piso,10.114062198718287
piso,7.582318133207999
piso,36.51983111576711
piso,22.093665885356305
piso,24.25475716079639
piso,15.650858564437975
piso,-0.8589111111928505
piso,13.44637490903613
piso,2.3293768812191917
piso,40.41671689834945
piso,14.025264384034553
piso,10.720005777897423
piso,3.3836416954290183
piso,44.115760741647094
piso,21.47887084659509
piso,9.110366583981278
piso,20.03658764253994
piso,15.821341240634235
piso,43.58801846964009
piso,14.61491116793583
piso,8.085475856037627
piso,3.430234036662916
piso,5.692207470155508
piso,12.040210908967008
piso,17.360348847742802
piso,10.267287244020462
piso,7.926554368711347
piso,10.072273617024518
piso,26.956347287765748
piso,21.011446121090003
piso,46.45309207680776
piso,28.217248248620376
piso,21.56610168145242
piso,30.29789619231551
piso,-3.5760628853103826
piso,9.49893211686672
piso,8.511081794265374
piso,23.151974876558278
piso,11.598614361443914
piso,22.42686936074716
piso,10.238154292910707
piso,30.565049910216423
piso,41.59225926584222
piso,6.8616728646554215
piso,22.282859689956226
piso,53.557058261969615
piso,12.288603181425572
piso,17.953692389436824
piso,31.244047013418186
piso,17.62924649241464
piso,25.63499839986324
piso,37.072173348505835
piso,22.02812756522363
piso,30.456850506705013
piso,29.568141591112806
piso,15.321243878367753
piso,8.042419872483686
piso,5.718430532165897
piso,5.228522058250884
piso,6.527383911534446
piso,37.744068643694526
piso,5.5381110603900385
piso,40.63377816073768
piso,15.562071236922337
piso,6.276843339963478
piso,-0.4483239024946739
piso,28.217248248620376
piso,41.59225926584222
piso,15.777079601243582
piso,-9.689330580007427
piso,11.814264971509747
piso,7.000555085842364
piso,6.822676314010101
piso,10.178486006388932
piso,32.39021696269704
piso,15.182971314001437
piso,12.923725163035282
piso,4.751503186502837
piso,18.654373324240304
piso,9.532900809434786
piso,23.96092297026462
piso,12.569621475940785
piso,22.9817732743546
piso,7.914545541884244
piso,20.28146314145618
piso,21.61200278994393
piso,9.840122986714128
piso,8.720388616754482
piso,19.844749380846928
piso,11.178134724746268
piso,48.38449835421079
piso,28.217248248620376
piso,9.76162210177125
piso,7.897486077326388
piso,5.167824762517159
observable,-12.511430995768002
observable,1.600685676741942
observable,11.713157202533942
observable,4.894717589797382
observable,27.72384055577335
observable,-0.6650675388728766
observable,34.33770061172379
observable,6.205542375484818
observable,28.217248248620376
observable,35.57430283489682
observable,-0.13676219664489064
observable,-25.8254035933275
observable,23.118533002604025
observable,-3.751549673809307
observable,21.49346465989388
observable,-3.471602353876879
observable,-6.849249736502916
observable,-19.343406087430083
observable,-3.451956343712048
observable,29.698534724906047
observable,-6.4001947877109
observable,-35.196356464546106
observable,7.692938304621166
observable,12.658165581421365
observable,12.76356602443489
observable,-24.147124702597043
observable,-7.378685825795229
observable,-18.120054629228854
observable,-32.42830315132079
observable,-6.563338949179121
observable,-0.7078370661108169
observable,-21.813066304168526
observable,30.209906741490002
observable,29.50882016693459
observable,-30.66413176621151
observable,2.639715282466004
observable,11.960327332272724
observable,-27.137649130782883
observable,2.122945476349103
observable,-4.0561940696824506
observable,2.8800918629518613
observable,-21.85711834010088
observable,21.059255552788336
observable,-18.514028179628827
observable,-35.131177847284675
observable,-19.56739169001711
observable,1.3257652686758936
observable,-15.460769900819693
observable,3.4320332113316088
observable,-4.359088933300958
observable,-13.264267190722133
observable,23.60949120615443
observable,-8.03689273128725
observable,11.048349722516582
observable,-3.0420609219894645
observable,-5.94035187605968
observable,-11.86936966760429
observable,-35.131177847284675
observable,7.44018373608426
observable,-12.288147391037917
observable,-3.189807455721283
observable,11.755816922166717
observable,4.136096967236891
observable,-15.847267460234937
observable,-6.424398313727508
observable,-13.195611893261228
observable,2.1491379935333565
observable,-6.117643018139329
observable,-23.374960714769966
observable,8.230934894719798
observable,24.06850362291064
observable,-35.131177847284675
observable,-28.29193234963807
observable,-4.486174602539162
observable,34.87555407961109
observable,33.117824375824846
observable,-8.03943577010312
observable,-6.153781635514299
observable,9.927041309488382
observable,3.306554415193652
observable,14.1022554648641
observable,7.277418354128851
observable,5.903023944223684
observable,32.23323044115456
observable,3.5345224753767113
observable,7.6796246731882345
observable,14.092781706379022
observable,1.3489085468884943
observable,-15.909031318479993
observable,0.04984599660465827
observable,46.78084591891849
observable,15.50759788783369
observable,-5.1346313855376025
observable,28.451580010352274
observable,-11.269203171225007
observable,-7.516269491872595
observable,-16.10678636902987
observable,-17.767856341032374
observable,14.713091337253182
observable,33.8943382263861
observable,-4.182817879609524
observable,17.31548576294396
observable,6.257189972587751
observable,-6.659151507312899
observable,-12.648226840245137
observable,29.50882016693459
observable,32.27212328316244
observable,8.847706728904381
observable,27.114394352298966
observable,-1.4752012838774364
observable,11.665496838611244
observable,13.39661495539004
observable,19.12941439026814
observable,-3.4929563889730675
observable,9.284979078481603
observable,-13.264267190722133
observable,3.103787220069454
observable,16.07138964980428
observable,1.9480401286080529
observable,4.198223830823711
observable,28.435378111327438
observable,25.052085740555064
observable,-11.20419929918749
observable,-6.442967883306094
observable,-8.45046909508148
observable,17.480640046493278
observable,10.684507805610366
observable,-7.738366531305829
observable,23.87112762129222
observable,5.946349814172969
observable,15.92585909534414
observable,-13.71338852744115
observable,-5.38761031114835
observable,6.7310638045151805
observable,7.294938099491333
observable,-2.405004828487356
observable,-15.208770393739613
observable,28.217248248620376
observable,-10.382026695299196
observable,-23.501227372088383
observable,12.29480246304966
observable,-5.942667807179758
observable,-5.423191112493797
observable,19.429763278114542
observable,-12.373774249388447
observable,-3.3812332025352276
observable,19.36988702359237
observable,17.640744894351947
observable,-4.03642684417338
observable,4.309341619633278
observable,13.729484606645158
observable,10.784234363544865
observable,18.505730152234445
observable,-29.609274099200434
observable,22.58261232782428
observable,8.677252002403746
observable,4.730156522823137
observable,21.781733380042255
observable,-22.931326003980967
observable,28.217248248620376
observable,3.484943078046032
observable,19.728397323831626
observable,14.770308731643667
observable,10.728180464932425
observable,25.052870570633456
observable,8.417865540445813
observable,16.13131151431173
observable,3.042194189920844
observable,22.148692978957698
observable,7.265966912847133
observable,14.36329108040837
observable,11.731270733201061
observable,36.86691771030735
observable,-13.82711579547241
observable,-22.503325108450866
observable,11.545015250453506
observable,-3.285815200906217
observable,-35.815572149785055
observable,38.473251440981414
observable,-9.102352962307336
observable,-7.714196352347669
observable,3.6291611206738184
observable,7.058355203204103
observable,-12.486791389571806
observable,-1.4752012838774364
observable,-13.573774230489843
observable,-5.429023477166284
observable,21.009753063629
observable,-10.3797006598654
observable,-31.48524718289939
observable,-4.006726228388335
observable,1.7852185200658344
observable,8.57923427747178
observable,-25.92405448338323
observable,6.9024464448952605
observable,-17.611139321223735
observable,-0.11186497091668635
observable,3.689050819739159
observable,-10.850127856726843
observable,-15.524621744936962
observable,8.421720273532873
observable,9.381563742717237
observable,20.50150229324055
observable,-12.134637023481377
observable,8.077904658129665
observable,-13.414470634400155
observable,-19.660041232569935
observable,16.592114225629274
observable,3.1726746744951573
observable,23.760138539886277
observable,6.837358987881148
observable,-2.730253485893641
observable,-2.769852224940572
observable,28.217248248620376
observable,-38.59592867359639
observable,3.6532577267182065
observable,12.863268755995726
observable,32.402783412103254
observable,22.639128176647528
observable,14.59592756911119
observable,15.194248645835795
observable,-21.9797687278913
observable,7.376955036502353
observable,-5.5398380812731185
observable,0.013585317514985817
observable,0.415854248547709
observable,26.573204118965975
observable,14.65903445014105
observable,-35.196356464546106
observable,-1.3399706977323067
observable,-7.333295090423508
observable,-0.4805575165421905
observable,-15.909031318479993
observable,3.0353159909487726
observable,-7.098092193172767
observable,12.957175477986539
observable,6.804009570744651
observable,10.566015723739518
observable,23.59319877855086
observable,23.846456281337638
observable,22.677375553634672
observable,-12.791181762578063
observable,11.684989201528772
observable,3.1726746744951573
observable,-21.033516048858935
observable,-19.476390773551056
observable,5.021568311217095
observable,28.217248248620376
observable,-13.264267190722133
observable,-40.56760160857967
observable,35.02769042699507
observable,-45.24120537654004
observable,20.75555781367181
observable,7.236834780912438
observable,-21.692648236730616
observable,-37.451912940340314
observable,2.048419573416571
observable,2.7998957691703574
observable,0.6862468207662564
observable,7.676922731332891
observable,-19.867678271550936
observable,-13.590205061924387
observable,9.162406677602108
observable,14.853300215667065
observable,-32.36676531692275
observable,14.675033436144226
observable,2.017601796112367
observable,48.729022121624624
observable,-14.28228315098864
observable,6.698451396642358
observable,-16.71502503808827
observable,8.452972414551807
observable,-2.5054654565842105
observable,1.506337599918428
observable,-12.604156291505342
observable,-35.131177847284675
observable,14.186542356836028
observable,9.53187177041076
observable,10.066561749791713
observable,-7.275331224178938
observable,-0.8365662342259661
observable,28.217248248620376
observable,-10.802214594590264
observable,14.729375852889003
observable,-17.690936176505566
observable,10.459497723947408
observable,-18.23592187591324
observable,14.138998223297694
observable,9.577902896653745
observable,3.7094105233819064
observable,-8.273001833689197
observable,3.462914983331178
observable,38.39795791620952
observable,-6.959546443553921
observable,11.107731336807113
observable,0.8641125306595887
observable,-10.349341105676203
observable,-30.143314340475957
observable,-11.72432976300507
observable,-4.667613524423553
observable,13.690891325886279
observable,9.27747453093819
observable,5.738033463241732
observable,-7.232520327935821
observable,-50.14133570373189
observable,-4.698165432146306
observable,-0.7570076182043417
observable,-4.520418095742262
observable,5.282426920578165
observable,28.217248248620376
observable,-8.243556861756096
observable,-2.514591463006588
observable,11.960327332272724
observable,-19.672759131395523
observable,-15.909031318479993
observable,9.877051229800205
observable,-4.068093868592615
observable,48.935931070342775
observable,9.438358624446375
observable,4.435962153979467
observable,-25.424580254256934
observable,2.1461707176410605
observable,-10.207243952643408
observable,17.64148818782605
observable,3.5290949577749586
observable,0.536176104188546
observable,-34.55772788183752
observable,12.739888040520697
observable,1.277097503748592
observable,-21.83427162552555
observable,7.685031994058411
observable,12.218249719431885
observable,-8.723770476556092
observable,-11.475187167573731
observable,29.201313025544184
observable,25.275027315274357
observable,-1.5186547655990479
observable,-12.913645833740773
observable,7.844089227515538
observable,8.396163786761669
observable,-35.131177847284675
observable,1.7941118187744909
observable,-3.5285520196362663
observable,18.588588197738755
observable,-8.314880931976154
observable,-1.9302136661873304
observable,-9.174992952487337
observable,11.437076260512246
observable,17.603399839427315
observable,-0.8245500298048158
observable,17.453662316742236
observable,29.50882016693459
observable,8.914321188964024
observable,3.811295579436025
observable,-3.451956343712048
observable,-8.239682005299532
observable,-3.5285520196362663
observable,-0.37102591555229214
observable,-13.697634313929951
observable,-35.131177847284675
observable,14.18325359021897
observable,9.94304332731012
observable,24.763701474393162
observable,18.8620510497027
observable,-9.22043105452044
observable,28.217248248620376
observable,7.673987226626533
observable,16.605632654079905
observable,-6.808279120170102
observable,1.035476399944102
observable,11.960327332272724
observable,0.12940959763863003
observable,-0.2541445493394967
observable,-23.72310795020961
observable,28.217248248620376
observable,-27.987804808278995
observable,27.5384789871191
observable,20.381855048026743
observable,1.1148816436072018
observable,25.901960208238563
observable,-3.451956343712048
observable,12.821223021601824
observable,11.535894349710563
observable,14.722700689658808
observable,8.292744551298735
observable,-14.03613152373775
observable,2.2211018604276767
observable,14.986808800861407
observable,-28.062748676836968
observable,13.096770651512724
observable,25.086719188994167
observable,10.935861413291459
observable,4.981210845767126
observable,-23.07955894313587
observable,28.217248248620376
observable,24.782892970808955
observable,9.131125045575095
observable,-1.072738207677948
observable,-3.1155653659654226
observable,-7.315013324200647
observable,-14.584429864143743
observable,-22.866948149977105
observable,28.466748565390056
observable,1.4894070546435545
observable,17.69494146178556
observable,-24.209476663481567
observable,-7.2067204906388405
observable,-29.891380709297323
observable,14.296154445491304
observable,4.963682722662832
observable,2.250194746388745
observable,28.217248248620376
observable,-13.201005835597135
observable,-18.339248780327022
observable,0.20872410960948162
observable,10.288735063300013
observable,-13.683136617590087
observable,4.11467412990576
observable,-25.353344729922412
observable,-13.798505050040955
observable,-2.514591463006588
observable,6.4276124579311205
observable,8.757284051637338
observable,-6.510167472477246
observable,16.585704844274595
observable,-0.8330693129577682
observable,7.790818251953702
observable,9.007868101006068
observable,3.1726746744951573
observable,-35.131177847284675
observable,1.8535497518028965
observable,0.861275794035965
observable,-21.88959504559881
observable,31.48223693347485
observable,-35.196356464546106
observable,-7.412909848002602
observable,-4.021586072807503
observable,28.217248248620376
observable,-2.195253940612929
observable,4.653192844684795
observable,14.496991734251207
observable,11.280804425823
observable,-2.1955585969522184
observable,20.38779411078282
observable,25.181878720143448
observable,-5.186275364471338
observable,-11.357886960787178
observable,17.8740887661041
observable,13.692666062454917
observable,14.236549841961477
observable,5.413314002344838
observable,-1.7036952837999442
observable,-3.5285520196362663
observable,13.021913426831633
observable,-6.556314008128816
observable,-6.3753707700304645
observable,14.25344767821175
observable,-12.53115976336584
observable,19.657897939423652
observable,-0.3371038940247706
observable,12.759294442957225
observable,-2.1631490668255315
observable,-11.454248170767977
observable,-13.153026071352647
observable,-10.795302267541851
observable,3.4386665416507034
observable,28.217248248620376
observable,-13.957213226954035
observable,8.466422976034593
observable,17.864065090184276
observable,2.0731613814940486
observable,4.295962539565856
observable,-16.077135004886067
observable,-7.518881697200208
observable,14.540157482830995
observable,32.16866848512965
observable,-4.35355929117085
observable,3.1726746744951573
observable,23.468873659741508
observable,24.39170318454078
observable,-20.86823319395573
observable,17.730248890737734
observable,-35.131177847284675
observable,12.132242008195293
observable,33.81426559883407
observable,-4.085463843766412
observable,-2.2323798402237527
observable,2.27473030906149
observable,-10.671695271559688
observable,-51.00507613865051
observable,6.715507892102868
observable,25.08025335225956
observable,16.258737360555276
observable,20.425350762043127
observable,-35.131177847284675
observable,6.9120465272437315
observable,25.8592530322707
observable,11.451068012960786
observable,10.186324633373411
observable,20.715622195184324
observable,10.389819220907114
observable,25.66729691542813
observable,33.711847611937905
observable,32.47167744649546
observable,0.8017778832311695
observable,-25.250406064223085
observable,23.056990397615685
observable,4.734502324707157
observable,23.081096632045693
observable,12.866823834127361
observable,17.110136888291237
observable,-4.391273429847642
observable,6.690590871266
observable,9.241821054516908
observable,14.224211203460268
observable,-14.036241126568495
observable,-11.55722169184238
observable,-0.2357504840787117
observable,9.487259857608299
observable,2.083267292400892
observable,14.321377835975236
observable,4.267436423412918
observable,-15.62879730188591
observable,-34.97074137494407
observable,23.205847612549025
observable,9.062244361048677
observable,8.462742672610467
observable,13.629012863201485
observable,-4.051524804174478
observable,3.1726746744951573
observable,8.622522648714614
observable,28.217248248620376
observable,8.814097617135364
observable,22.67644902581424
observable,2.8808571559431284
observable,-3.613949980406961
observable,6.797921277638341
observable,-11.74101742799859
observable,13.418035554888807
observable,-1.4752012838774364
observable,-0.29390623045295605
observable,-11.966165528549933
observable,5.875100378373688
observable,-12.889628902532124
observable,-15.392798570876042
observable,8.541486212311856
observable,9.799269703906145
observable,-4.118775160059906
observable,-1.4752012838774364
observable,52.53599823391928
observable,-24.622621766941823
observable,29.50882016693459
observable,7.088160535373755
observable,1.852074915661095
observable,-32.4338003058492
observable,18.99932702212268
observable,-1.7470763334164197
observable,29.94333558130473
observable,24.72561748969072
observable,10.525725828974508
observable,26.882576611582753
observable,0.13244964536964776
observable,3.180901828578997
observable,14.362815616392254
observable,-35.131177847284675
observable,0.23218874790704724
observable,-20.254580550722913
observable,-9.685553954972104
observable,14.677669133689953
observable,29.24793786984501
observable,1.1438236929355305
observable,-0.3962525252734883
observable,11.960327332272724
observable,19.046681279567657
observable,15.772494701377848
observable,12.801170919044358
observable,8.862855781231605
observable,-4.404762525932493
observable,4.209445500586884
observable,-15.909031318479993
observable,-7.715120284348509
observable,-5.070960985189032
observable,4.038338676624664
observable,9.071070816522509
observable,34.47812756570507
observable,-5.588215135163665
observable,-35.131177847284675
observable,10.390920381598256
observable,28.217248248620376
observable,41.59225926584222
observable,-35.207162156771965
observable,-3.9273232402254
observable,22.62170197526028
observable,22.477825990931997
observable,-16.544722809925293
observable,18.501480946474903
observable,-29.561437225200148
observable,-7.19560336379611
observable,25.163984450845224
observable,24.182800784520843
observable,18.978377749175568
observable,-4.233778165057367
observable,-35.196356464546106
observable,-31.515452369073905
observable,17.240011600874894
observable,34.227925873701516
observable,22.840382712812545
observable,-1.4317124839883677
observable,27.07061769326964
observable,-35.131177847284675
observable,-35.131177847284675
observable,1.3257652686758936
observable,-5.7139816273314326
observable,14.509648343990445
observable,10.876897478630365
observable,25.21179375017253
observable,-17.05348994341612
observable,9.908171374016849
observable,2.717349943236269
observable,9.351774514631384
observable,3.8256627214191763
observable,-1.7592053494214
observable,0.49060504253306547
observable,26.688304212995284
observable,0.8637495580125831
observable,28.04816012600626
observable,-49.089662799939035
observable,23.089840163586405
observable,3.3403643175486053
observable,-12.669922117387078
observable,-24.665375598771288
observable,-4.698165432146306
observable,-26.340082084439697
observable,15.572713817178307
observable,17.06100774944419
observable,32.23323044115456
observable,6.5324447080147285
observable,-9.353014887916288
observable,-1.7305627669539358
observable,25.88066993749152
observable,16.894626199527508
observable,-26.446188006257852
observable,-1.0915512414286566
observable,-30.170363801252943
observable,-1.3354767302372172
observable,-13.851959104274137
observable,30.391160726706858
observable,-4.869166478430486
observable,26.97560799988683
observable,16.819813342947487
observable,13.112341068871647
observable,-28.24079753253904
observable,8.613523038800064
observable,10.394544317150412
observable,29.50882016693459
observable,4.270162923546906
observable,14.605214829091429
observable,7.4572302310706995
observable,-9.849356315985759
observable,-28.329012030043987
observable,28.217248248620376
observable,10.372684818073497
observable,-30.061623735897413
observable,5.275008480547482
observable,15.289398239283681
observable,-2.1849207526943526
observable,9.647812379953313
observable,28.217248248620376
observable,28.386393338980632
observable,-1.1612616479084292
observable,6.183763931344899
observable,2.408936423181518
observable,-17.343963735824353
observable,-39.70688129668664
observable,20.811744344007522
observable,-7.814731837788679
observable,2.33419155185397
observable,12.082655062333082
observable,-6.924298590685618
observable,0.36518642564189463
observable,-35.131177847284675
observable,9.853979681988568
observable,27.006599496667704
observable,-35.720116335906496
observable,18.87624768447429
observable,-10.59907668100567
observable,3.486689349933969
observable,0.6912640448752949
observable,-13.264267190722133
observable,-4.698165432146306
observable,-19.128200876749645
observable,-7.862166936586689
observable,4.884603971004509
observable,14.3026195951371
observable,8.400820089502137
observable,19.287535352740825
observable,44.29887712397551
observable,-3.509394597310944
observable,10.63054446333076
observable,-48.70385387796018
observable,4.667843272239769
observable,4.841032302314807
observable,30.01375759830833
observable,7.580604810302061
observable,3.1726746744951573
observable,22.102739950413852
observable,-19.648498405314776
observable,-25.019804468958206
observable,5.244998179345384
observable,-2.2093621541585895
observable,-1.1145538897347596
observable,-26.18069711834321
observable,20.029758688244193
observable,-12.282247698282312
observable,13.079684797173197
observable,23.761591133376236
observable,28.463889033024326
observable,-13.318972932184403
observable,8.178434306343352
observable,9.14814197431717
observable,-36.06746223035168
observable,1.3522891304045936
observable,12.470768512104069
observable,-17.860958200866538
observable,-12.068156372636917
observable,-3.277621478681103
observable,8.838515484567711
observable,19.72288956296413
observable,8.684550824715377
observable,-2.536155252779393
observable,21.347422413615202
observable,-5.522229245555432
observable,18.28947269664283
observable,26.644244063457712
observable,28.217248248620376
observable,9.317256827388132
observable,-9.90880143156765
observable,6.901856608340218
observable,6.0709950490423825
observable,-14.999771788084114
observable,21.58302351677448
observable,-3.6119028040600742
observable,-1.3033962227948948
observable,39.9430434776306
observable,11.312155689441505
observable,27.10061787681117
observable,-13.729360795098478
observable,-13.71338852744115
observable,1.522952378812481
observable,19.706151768293935
observable,-20.226113717593165
observable,-1.1135153444607138
observable,30.427956060788553
observable,8.082478663794745
observable,-15.632628107832625
observable,10.388370640180767
observable,6.767518499834113
observable,-14.778956459363346
observable,14.042576424051301
observable,-15.84445066135417
observable,15.096718477249581
observable,30.090773697619078
observable,-4.698165432146306
observable,24.616763154364474
observable,31.760905652451953
observable,28.217248248620376
observable,-17.71649830308145
observable,31.121702621019985
observable,-44.89839187599394
observable,2.5063998991786685
observable,-11.361171593671793
observable,24.60501279268108
observable,-35.131177847284675
observable,-42.67023748747578
observable,15.509718743328271
observable,17.229331742585032
observable,21.297054690150198
observable,-0.11441949128279116
observable,-5.891535021623062
observable,17.922506403445794
observable,-14.308932325017476
observable,1.17892195778313
observable,0.5612965921342639
observable,6.779615553612106
observable,7.013709587971162
observable,12.188277095693078
observable,19.880659573754112
observable,4.257898922865611
observable,28.217248248620376
observable,-20.083098309344848
observable,5.226225437009068
observable,-4.836640001254311
observable,-20.794649631967744
observable,22.639560567781245
observable,-5.091275446084575
observable,2.5071881886434166
observable,4.601754606790465
observable,-0.5156301951755538
observable,0.2782543337630283
observable,16.788616253996523
observable,-8.159563459121543
observable,28.217248248620376
observable,7.301196923787345
observable,-38.797088396050036
observable,-26.98405652958923
observable,23.78367177157483
observable,-35.131177847284675
observable,4.190103053077521
observable,17.835579262907753
observable,26.46122515478848
observable,4.492415246584558
observable,-34.02198951091629
observable,38.46524521774766
observable,18.286754755810964
observable,-35.131177847284675
observable,12.58437847992786
observable,2.9764386024167866
observable,-7.8868468936752585
observable,18.055234900350882
observable,-8.281383821324805
observable,2.312076151783682
observable,3.1726746744951573
observable,28.217248248620376
observable,14.93827990398402
observable,-2.2270977321180885
observable,6.2526743473468755
observable,19.665672614293705
observable,-21.80746539693631
observable,12.369899299821952
observable,-9.509057951262678
observable,0.15399373560733842
observable,-7.564460176209864
observable,1.7669512471321536
observable,22.401854496720475
observable,24.939973229992773
observable,-48.98109115811329
observable,-1.0366715544942728
observable,28.9497874322012
observable,15.754453840933547
observable,7.221819794469764
observable,13.306082407681874
observable,-1.3553803063349634
observable,-0.7121912822034338
observable,2.096504296247459
observable,-28.452527313867648
observable,-26.483372210149557
observable,5.873882474004766
observable,17.764016475704825
observable,7.166765992279189
observable,4.825044226983888
observable,28.35995844581447
observable,2.8323020759186024
observable,22.5678692690081
observable,8.278119318608956
observable,1.6338090951735884
observable,-0.25532167075865697
observable,-22.28386255457294
observable,-29.29935357129445
observable,-0.2597821520301302
observable,-18.43423744290662
observable,13.295640217481285
observable,18.78926285263063
observable,31.713894617802318
observable,-4.174512204459413
observable,-6.0470367379039995
observable,26.79805985926795
observable,-16.209685921912797
observable,1.130119156537912
observable,15.885654812601446
observable,-3.9251561637908217
observable,-28.897319414851875
observable,18.062854516377524
observable,0.68841333925862
observable,-6.499084675611733
observable,-29.26225752966296
observable,11.960327332272724
observable,-0.9936386289447263
observable,-5.340987374238127
observable,16.655872554443096
observable,15.664107551296292
observable,-15.718745602482764
observable,13.40440071712975
observable,9.680708488276291
observable,14.133922640638053
observable,-6.860934810005947
observable,10.047172779079961
observable,-15.909031318479993
observable,9.162448052391603
observable,7.281931477711701
observable,-42.61091167001927
observable,17.67135520897596
observable,-13.264267190722133
observable,-7.379172241586074
observable,1.406883822633076
observable,-35.131177847284675
observable,3.2258963759048243
observable,6.005394309568601
observable,-12.633010416205625
observable,27.75370536202171
observable,10.420042879630675
observable,-7.890725140729316
observable,22.21730232871133
observable,7.644713273541992
observable,-3.839162039506583
observable,20.32600278246268
observable,29.50882016693459
observable,-44.8240335854213
observable,9.680018247225131
observable,26.603507012253136
observable,8.06992431846304
observable,84.60437738310532
observable,49.9181486101222
observable,-15.140120224353481
observable,13.266298278348799
observable,-3.5285520196362663
observable,-8.425218305552562
observable,1.2176463680771743
observable,3.1726746744951573
observable,1.337154425244047
observable,-10.449275669285651
observable,-30.286884882822008
observable,4.426165948044969
observable,16.99288024786545
observable,-8.663087017120663
observable,-42.976790027824194
observable,-26.85521313246717
observable,13.777550841050168
observable,0.19673469674093003
observable,29.046650647930882
observable,8.757897752575182
observable,-0.20384547322811475
observable,0.9949516309039064
observable,23.123898698516477
observable,25.433409761176208
observable,-12.798146107742813
observable,-11.536430653027196
observable,-1.1119817239658714
observable,-18.13035785916052
observable,15.239813885162823
observable,16.953232274551034
observable,14.11061048036155
observable,-12.634810210140824
observable,3.7501155205570624
observable,4.567654091476392
observable,19.84580859693148
observable,3.1726746744951573
observable,11.693819491567826
observable,-2.281473373573717
observable,11.6582389318447
observable,16.282249968940434
observable,-12.440435202924727
observable,12.154443981918128
observable,28.217248248620376
observable,4.335007466085128
observable,-6.630975951215079
observable,-35.104541052053825
observable,-12.913645833740773
observable,11.915249600759182
observable,23.59743898800516
observable,8.921735016904986
observable,12.449392887118705
observable,-1.2558333692281543
observable,-31.191362138592083
observable,16.35022768604575
observable,14.329471122849679
observable,28.217248248620376
observable,2.703822206760864
observable,9.131125045575095
observable,13.181306116013081
observable,28.217248248620376
observable,15.221680034298558
observable,-4.879452435627463
observable,7.7798574811816845
observable,28.217248248620376
observable,25.269310021140367
observable,5.2422312887294265
observable,20.091116409491573
observable,-12.793094531282945
observable,10.257526673491824
observable,-3.5285520196362663
observable,-12.338317138906207
observable,4.723740501474305
observable,-22.07151997543719
observable,10.15885039934954
observable,7.843021390872074
observable,2.478540232574078
observable,9.958156477553516
observable,10.634115529577226
observable,2.7813108680371235
observable,-35.131177847284675
observable,-28.712268992652888
observable,-34.259090239101084
observable,16.458249034719685
observable,25.21179375017253
observable,22.653501279929912
observable,16.61281111009526
observable,-29.951224935879196
observable,32.71440216422236
observable,0.4618061928426398
observable,6.071485915428454
observable,21.392881422532394
observable,28.685213896603923
observable,19.390441524535195
observable,-16.053381826124447
observable,-5.966104140023476
observable,16.50652466767624
observable,-13.264267190722133
observable,-15.909031318479993
observable,-3.5285520196362663
observable,-17.45474317031116
observable,8.95344806157652
observable,3.1726746744951573
observable,17.798664646785213
observable,33.51552806727713
observable,16.25277403938106
observable,-7.69954433848371
observable,9.348469511863433
observable,1.094327809283091
observable,33.42758029269521
observable,-23.35718008366906
observable,31.0302626698431
observable,-20.95283845192366
observable,-20.32983946849467
observable,21.482872170418233
observable,1.776913566803251
observable,-5.161326986699266
observable,20.550942905059124
observable,10.741374078886068
observable,-4.806105139278638
observable,-36.625605801344484
observable,11.057767091385395
observable,-4.211976764226644
observable,38.3499282704433
observable,16.476222868985026
observable,17.477822601334925
observable,-35.131177847284675
observable,21.13209270151104
observable,-5.77194156649703
observable,28.217248248620376
observable,18.239933743448766
observable,21.73917772966898
observable,10.965742246839639
observable,-28.79640608342865
observable,-8.164344884877261
observable,16.611894729222556
observable,9.43178651928367
observable,20.316883685687912
observable,2.7194432377157574
observable,-4.127482717431752
observable,-39.709802473500254
observable,22.6410163891247
observable,19.682436224938005
observable,-34.593666567268556
observable,7.688344342600395
observable,23.99221372517195
observable,4.920943051328064
observable,20.53441227031023
observable,11.016746051905123
observable,-13.264267190722133
observable,20.189312100447697
observable,29.319162477123516
observable,-11.561489186435569
observable,3.637371281092183
observable,21.654542129357502
observable,25.56593928943911
observable,-30.67600997552109
observable,-14.8045700484853
observable,-33.64645831460705
observable,-4.698165432146306
observable,-11.703372374719578
observable,15.538755148958083
observable,24.37718234106583
observable,11.229907581624365
observable,-35.131177847284675
observable,8.157029217425492
observable,28.84617658818467
observable,-7.546605574440147
observable,26.948731244623247
observable,-13.899258104139756
observable,2.0769914948183255
observable,18.189600015778694
observable,28.217248248620376
observable,33.0183504200791
observable,-15.483815417256796
observable,14.937962882563948
observable,28.217248248620376
observable,-2.47672666711094
observable,15.09246834577731
observable,22.966514119616765
observable,-5.598938781506913
observable,-11.02321130953352
observable,-33.75849218902951
observable,-12.383082013568082
observable,10.118620275755896
observable,8.915924570087608
observable,3.5903357194603025
observable,7.884859337248651
observable,-18.982097700089685
observable,-17.876031784232904
observable,1.848488828172501
observable,-33.53626269682363
observable,12.52542034092301
observable,13.717114870498337
observable,41.184911812962575
observable,-14.197260937259493
observable,32.93385576854482
observable,19.41338384208333
observable,7.5853242575331326
observable,-14.466151400766892
observable,4.173726062525174
observable,-22.180053342919205
observable,-16.691268187071316
observable,-19.02529246866318
observable,11.239942518438406
observable,-8.319602921697067
observable,-14.243144269905272
observable,-1.7595530888015798
observable,3.1726746744951573
observable,-4.847549585554556
observable,-29.781165519820686
observable,-10.195599047426773
observable,11.81094876911235
observable,33.045680136085394
observable,-2.148991709554249
observable,25.360749016937902
observable,2.9370335750915744
observable,14.054655595117193
observable,5.099593414031212
observable,-11.813775089776968
observable,28.217248248620376
observable,-7.951516445373152
observable,21.283865995504158
observable,-0.7183631832404336
observable,-42.71754039101946
observable,-8.919928710132519
observable,-35.131177847284675
observable,40.99837071493296
observable,-3.5285520196362663
observable,27.840915083574448
observable,13.048418186101696
observable,-19.60012370379379
observable,28.217248248620376
observable,13.547012386024338
observable,4.54642222506394
observable,-8.046240947424643
observable,5.29372498766485
observable,-9.03004936649916
observable,19.29845862785651
observable,13.140828791864113
observable,8.881805864895998
observable,9.906482661159565
observable,23.330737430603566
observable,-5.5635721895091255
observable,-0.2597821520301302
observable,-30.19857434415747
observable,3.2388728474227357
observable,22.539917841114555
observable,11.812776976734241
observable,-1.4752012838774364
observable,27.541960705701317
observable,-5.227910427395788
observable,1.6105836027444642
observable,3.0026792461936624
observable,2.0331118474886
observable,17.410869897015992
observable,9.402134491415515
observable,5.531209448366758
observable,-15.269647494812865
observable,-9.600598271918237
observable,-9.251393103720694
observable,-1.157310293908953
observable,9.22492343942356
observable,-1.5163920687230936
observable,24.908678835760323
observable,5.866668898783489
observable,-9.026449773401634
observable,3.6825008575704254
observable,-12.70243909745834
observable,2.7539994638831056
observable,1.1714382197478335
observable,6.54394592719143
observable,-11.559336763492922
observable,-8.918191557973842
observable,17.577412779801005
observable,1.729959587706098
observable,-21.12830140503126
observable,15.190768233271523
observable,3.3354716113851213
observable,15.682663029667566
observable,12.608151960116952
observable,20.905616813241146
observable,8.798085444087489
observable,-28.928586643274347
observable,-10.986436992898918
observable,28.217248248620376
observable,-3.5285520196362663
observable,-14.76037303887746
observable,-2.0240601587409923
observable,-43.68174094281231
observable,-5.260225010421493
observable,-23.85021076262589
observable,16.914907406897317
observable,8.122689507513403
observable,-16.79828654124188
observable,-10.160175908744751
observable,24.764632315819092
observable,14.300633939896334
observable,-0.1655927156399395
observable,-35.63301931171785
observable,11.596588623255899
observable,3.106447119816802
observable,29.50882016693459
observable,-5.189964673525815
observable,-38.5786411318106
observable,6.204437479418823
observable,4.190103053077521
observable,-12.91810941658984
observable,33.109816784798284
observable,3.1726746744951573
observable,-1.169872799172822
observable,-11.735704731374197
observable,-26.726657383786712
observable,7.698801716652337
observable,11.960327332272724
observable,-36.577668054352365
observable,1.3744391607139361
observable,13.560175486823578
observable,-25.540223043694287
observable,3.1726746744951573
observable,-3.017714730410548
observable,3.1726746744951573
observable,13.84869479305012
observable,-13.246471016271311
observable,-16.153505014357016
observable,-35.196356464546106
observable,11.960327332272724
observable,14.844815521994814
observable,10.70628599798158
observable,-7.664636601322206
observable,11.718619150308896
observable,-4.305709952266357
observable,3.763125642684173
observable,2.7128626275169987
observable,1.707463767783235
observable,-1.5884556952427298
observable,-35.196356464546106
observable,2.7827249037854163
observable,5.0131505386235675
observable,3.372463985003349
observable,17.06183209557541
observable,-7.659199681748252
observable,5.94715456765017
observable,11.618042499217228
observable,6.9175849637937326
observable,26.278106355321807
observable,0.4761039474145523
observable,-5.874250938377212
observable,-20.121013010775513
observable,-15.507292566032094
observable,-5.822665234619029
observable,0.2882260626656974
observable,-6.791914205102079
observable,5.871002341633124
observable,16.059807357707754
observable,-7.035646546478391
observable,-30.047062037792582
observable,9.52619324106766
observable,-21.869000328618217
observable,-3.51532220859061
observable,-9.364953795694541
observable,-13.264267190722133
observable,14.862672034977752
observable,0.415854248547709
observable,15.586366721318146
observable,-8.860400761479003
observable,3.5086709608961764
observable,-36.023536988839396
observable,-35.131177847284675
observable,12.169749727118372
observable,-11.625017061809883
observable,9.046114345036749
observable,3.2889990514140655
observable,-36.00699273669606
observable,22.61601381002869
observable,0.6002693432659578
observable,3.1726746744951573
observable,-7.313726533047626
observable,4.048816661168009
observable,12.371561589274883
observable,-0.4874720096413876
observable,17.2141087127887
observable,17.215497153021843
observable,4.013666693782536
observable,29.50882016693459
observable,13.60010413239532
observable,-13.316195323356716
observable,3.3974227949506774
observable,-7.773419392532777
observable,1.07513052327326
observable,-15.909031318479993
observable,11.222618506134307
observable,17.09169665432543
observable,-3.5285520196362663
observable,23.404213003096388
observable,-12.913645833740773
observable,2.0839913235158214
observable,6.423588594427598
observable,-10.569656960239115
observable,28.217248248620376
observable,-4.8422022021356925
observable,-7.970244132252069
observable,17.211970688580557
observable,7.412837076737855
observable,6.9161778320534495
observable,-2.843663618315906
observable,-19.547157757342305
observable,25.38879963367171
observable,-1.5779135528737775
observable,20.787346761946846
observable,10.774344097549072
observable,28.217248248620376
observable,-12.091922224969842
observable,23.221701224700663
observable,18.921275204550092
observable,4.4681854425829615
observable,-32.56958814097269
observable,-48.016337115306925
observable,-8.805897141266005
observable,28.217248248620376
observable,3.1726746744951573
observable,18.784948424684856
observable,10.552083822764246
observable,-9.55473725930438
observable,-13.630576710775443
observable,25.2378356212867
observable,10.250163914766986
observable,13.455222723692927
observable,17.025879092949616
observable,-2.8218775170087307
observable,-21.499788179578662
observable,-35.131177847284675
observable,-24.520210696288714
observable,-7.229633573350824
observable,-11.743948940439386
observable,28.217248248620376
observable,17.019254339538726
observable,-10.142827428572954
observable,14.442242894474555
observable,-9.584526629982882
observable,16.141521544890924
observable,1.8362947946699126
observable,8.53426249306095
observable,7.778112985240249
observable,22.244579864759075
observable,-14.422697393176653
observable,13.56315029495574
observable,9.577075410884506
observable,2.4489661648581684
observable,24.141985011778957
observable,1.5576510720050063
observable,18.918896987994827
observable,3.896364544923614
observable,12.340169835731697
observable,-10.599613751663984
observable,10.748671817729694
observable,5.370821994714858
observable,14.608994083074123
observable,21.44318362538491
observable,-16.116184849000213
observable,19.126732578552108
observable,-18.572898325025243
observable,34.497504750001596
observable,-7.345100652750158
observable,16.46681408847197
observable,3.051402281863891
observable,-5.9293073879708285
observable,26.213185506274073
observable,-4.040806818156706
observable,6.72392321741887
observable,-25.02160041299063
observable,-9.244725522228869
observable,6.0438271893750395
observable,12.63325522559191
observable,17.708460661551406
observable,3.5116798519347237
observable,8.166966712196944
observable,12.54683244967698
observable,16.861313206640393
observable,9.134969736785536
observable,26.45827956017652
observable,-8.176699578649272
observable,19.706151768293935
observable,14.081079160907084
observable,-12.249623846463642
observable,43.883006026224734
observable,28.217248248620376
observable,-13.882656983401986
observable,-7.77027367761991
observable,-14.513240283672179
observable,22.971010759797394
observable,13.080746281212118
observable,23.181112381003555
observable,-12.025483311990282
observable,-1.7424445110413966
observable,26.19642120292194
observable,28.217248248620376
observable,-11.20419929918749
observable,20.461097515699844
observable,-8.362807906999304
observable,5.463539687635333
observable,-11.663329675467892
observable,1.8180172763204938
observable,-7.94350707554049
observable,-10.427574452495868
observable,-22.339313564974095
observable,-35.196356464546106
observable,-35.1955843421745
observable,13.274337961284989
observable,24.22016184207536
observable,8.777403698258702
observable,-12.604156291505342
observable,28.217248248620376
observable,24.1568764685534
observable,6.9852697138496955
observable,-13.63875041530418
observable,19.553619944844037
observable,14.67481660170118
observable,14.250727940054908
observable,23.60578091406975
observable,11.839258427180543
observable,28.217248248620376
observable,20.588492338993625
observable,17.11196668509478
observable,3.3807766619016633
observable,-5.868766926712832
observable,3.7142346732688347
observable,9.273143597247646
observable,-35.131177847284675
observable,15.159196061944913
observable,-5.263866650038606
observable,16.29152195341654
observable,-25.071955778321996
observable,3.1726746744951573
observable,-39.84128664489964
observable,4.487522141081223
observable,14.09456848326105
observable,-37.473320953847555
observable,29.50882016693459
observable,13.986572989969503
observable,46.085945669782745
observable,-14.225662526906502
observable,0.7002904178595282
observable,-13.358078889381375
observable,13.669784043314714
observable,24.346107074633917
observable,5.971332581419531
observable,23.100829015201363
observable,-26.14401097197465
observable,12.709158324143477
observable,7.890657480150454
observable,3.632006197429183
observable,-3.5285520196362663
observable,-1.272609782157108
observable,22.232981875333955
observable,9.89648683866391
observable,2.485622895736106
observable,16.804251883639566
observable,12.050011041409526
observable,1.4228489915137699
observable,17.069894094492778
observable,0.456617049393504
observable,8.634470829034878
observable,-3.451956343712048
observable,29.50882016693459
observable,-12.93766276451499
observable,-14.520096386411552
observable,2.397601446815578
observable,7.042335116711018
observable,-36.48201016802951
observable,-3.5285520196362663
observable,22.77140989018116
observable,27.539392505580796
observable,8.37899042478818
observable,-14.406899843059161
observable,16.364107554740627
observable,14.180999815287487
observable,7.907958992614494
observable,1.363831677445826
observable,-0.2597821520301302
observable,-6.989287531089072
observable,15.325261966818093
observable,-35.131177847284675
observable,12.283558333234312
observable,-4.587881811541172
observable,28.217248248620376
observable,23.702056910012303
observable,-0.9513817770318456
observable,7.143022764900153
observable,31.538836658437276
observable,2.5554200224973567
observable,27.07061769326964
observable,-6.550425805193383
observable,-14.019070284324142
observable,-3.5285520196362663
observable,16.106427285425973
observable,8.004979786773792
observable,28.217248248620376
observable,22.381525854854857
observable,-9.436477409271726
observable,3.1726746744951573
observable,13.06261630829999
observable,-20.263683809489198
observable,7.024737714411877
observable,-7.315097321717889
observable,21.986013471045162
observable,13.869093207272387
observable,19.066055595899066
observable,9.173614822097909
observable,-8.59159039554359
observable,6.810524643839155
observable,16.116850194280396
observable,-1.4752012838774364
observable,-14.790207694296143
observable,11.229310485975375
observable,28.5957581442182
observable,0.5624961275887852
observable,2.6596038340874983
observable,2.785320966212912
observable,-15.45771839612442
observable,-0.3690303978500564
observable,17.8474462333288
observable,28.217248248620376
observable,-21.913061778714237
observable,-15.262317293662075
observable,-5.430042698977311
observable,20.381569234604267
observable,-12.024627131971076
observable,-35.196356464546106
observable,-5.08568282284092
observable,-3.4314585922409657
observable,-29.78397937996029
observable,-8.571321781872342
observable,-19.825802367932287
observable,15.508327987172644
observable,-24.11207430499648
observable,25.538250005659858
observable,17.08724345042808
observable,15.391199084916707
observable,-12.98203590096051
observable,14.333997134425868
observable,26.93905697418282
observable,6.023354131319736
observable,14.645660413917561
observable,-31.330675197330926
observable,10.285518003329152
observable,19.181578711081837
observable,22.78050790285193
observable,12.98541973576981
observable,3.1726746744951573
observable,16.466421128455234
observable,-11.590708261653205
observable,-3.5285520196362663
observable,1.6266195721696075
observable,14.886777659670813
observable,28.217248248620376
observable,-16.967452524866143
observable,3.6198896865209162
observable,-15.166293891913496
observable,25.92884846272182
observable,-7.136065477856956
observable,23.84812538716028
observable,10.668465878660083
observable,-14.584429864143743
observable,14.42032690679589
observable,-1.0671329113428385
observable,2.471128274039147
observable,-5.563029450256463
observable,29.50882016693459
observable,-0.10228499214206543
observable,17.91449174732207
observable,-3.6830460315140257
observable,28.217248248620376
observable,-13.908566157600822
observable,28.217248248620376
observable,28.217248248620376
observable,3.8508809931244725
observable,19.00121343187947
observable,13.286238280015217
observable,-6.685448054716858
observable,-6.766833971054154
observable,6.81186349570182
observable,2.97213143744377
observable,-27.482836737781625
observable,0.056704857210410076
observable,-0.8906902216525348
observable,22.3825166082972
observable,-4.904516365262134
observable,9.649426903913373
observable,14.076560303794562
observable,-3.001520262711521
observable,14.623286480528929
observable,28.217248248620376
observable,-8.722969434773653
observable,2.4140339069149697
observable,-13.264267190722133
observable,7.462059707440671
observable,20.19159995761992
observable,8.657284210287152
observable,-0.9339130509667282
observable,23.014893082653742
observable,21.384954742655935
observable,-2.573316916717605
observable,2.9019340501338364
observable,9.901684077126372
observable,14.602386828781366
observable,-7.587408526379791
observable,-13.264267190722133
observable,-0.922452555143638
observable,10.4812539001631
observable,-5.217754073052183
observable,32.00494420287625
observable,21.438420658702896
observable,-3.5285520196362663
observable,11.30945849647167
observable,-8.935346862943694
observable,-8.745712430293818
observable,-15.196749532990406
observable,-12.713177451727963
observable,-8.910195379223984
observable,16.720703616977083
observable,-15.909031318479993
observable,-19.751687099998204
observable,-6.6290015118748435
observable,15.342025873753906
observable,22.250140975635603
observable,-8.739564995339332
observable,0.716621890314384
observable,-4.742958635853512
observable,11.960327332272724
observable,-33.79414328216514
observable,3.1885325533131725
observable,8.474144581484477
observable,-0.19955622371430337
observable,-30.2456987605056
observable,-3.070867943283262
observable,6.8173796949775545
observable,-24.708168023057166
observable,-3.5285520196362663
observable,9.795594201429525
observable,18.992460305928226
observable,-9.638285210710196
observable,20.02382707569779
observable,3.5470891600405174
observable,-33.044862401440824
observable,8.761830331475018
observable,-4.019038815367237
observable,-46.76810752036344
observable,28.831882631847062
observable,-10.119761605894318
observable,28.217248248620376
observable,-6.22417111306095
observable,18.604285761575202
observable,-5.676909308260769
observable,20.535882036506237
observable,25.307957077746234
observable,25.826761398031483
observable,31.279821810882925
observable,32.434467692538924
observable,8.804527811265729
observable,-5.49721124327851
observable,13.737395612748093
observable,8.32151466593849
observable,-8.479788337603578
observable,28.30971548547181
observable,-0.2597821520301302
observable,-9.02393774481023
observable,-1.2008664347127107
observable,-5.098345108963054
observable,22.949001327655605
observable,18.63917071089862
observable,20.164194963890523
observable,-5.691238146524647
observable,9.014681425625259
observable,16.614740925852768
observable,4.854231314894064
observable,-22.893628389161236
observable,-0.5398158712050183
observable,0.17069692743900688
observable,19.93942446909671
observable,11.960327332272724
observable,2.0421910333657367
observable,3.517210468577492
observable,-15.503264159568653
observable,-14.372693878938925
observable,5.876066709727001
observable,19.678241670262352
observable,11.19041657686366
observable,-28.495461322663274
observable,20.08486915109011
observable,22.696978864346985
observable,-13.264267190722133
observable,-35.196356464546106
observable,5.437803570910016
observable,3.446237200133151
observable,1.4980088757966747
observable,19.70414055853753
observable,-35.131177847284675
observable,11.960327332272724
observable,23.18162060606617
observable,2.3450762501735722
observable,14.197079867312357
observable,28.217248248620376
observable,4.699952985367695
observable,-13.535680921041692
observable,-9.953083825685338
observable,3.685666427543177
observable,-13.54851581766605
observable,-19.701798920263215
observable,28.217248248620376
observable,12.935339563250048
observable,-15.486918944303497
observable,-39.55478240108965
observable,20.816288351088154
observable,-28.005199229755984
observable,9.275621724539395
observable,-1.119870872750428
observable,0.12327367383007104
observable,14.250026203639655
observable,-9.48453616677466
observable,8.690419340442102
observable,19.595183198672462
observable,0.7010841890761066
observable,-8.564326858939253
observable,-35.131177847284675
observable,-13.264267190722133
observable,32.24536759564095
observable,21.758911802155122
observable,-37.07547512386591
observable,4.920943051328064
observable,-14.848003702314717
observable,-6.514335499190349
observable,-25.86313246051749
observable,-18.84327524599406
observable,34.31643110925084
observable,9.950121022462245
observable,4.049399493130867
observable,-3.932938701761768
observable,-5.334600546133927
observable,13.606494564085537
observable,30.751731855445954
observable,27.54430505047982
observable,16.013207309374657
observable,28.217248248620376
observable,6.817631941726643
observable,9.00849015948728
observable,3.563129017980504
observable,28.217248248620376
observable,-35.131177847284675
observable,-32.593755604523565
observable,18.24990683224772
observable,5.814173242421372
observable,0.5662300521561248
observable,4.746212577716902
observable,3.1726746744951573
observable,5.363769485863301
observable,-23.280718851282444
observable,36.45602733617025
observable,4.526542880136941
observable,24.691926243640495
observable,5.802063030460736
observable,-34.36518691268735
observable,26.251882995569197
observable,-45.25001773694668
observable,-2.8415419725872693
observable,0.9065306248782878
observable,2.5178144263246827
observable,14.78991081369374
observable,7.579345300740203
observable,4.244666873569658
observable,-46.08561465410881
observable,22.115798395582686
observable,-8.312163686666342
observable,-6.160046729238289
observable,14.199343063314718
observable,-35.196356464546106
observable,-15.834401184984037
observable,-10.300701071524564
observable,34.862763483201945
observable,12.579878554195112
observable,-10.605072027102903
observable,-10.695684771145753
observable,17.51599840319862
observable,5.1779704292010065
observable,-15.909031318479993
observable,14.810971894405366
observable,11.960327332272724
observable,22.20831208587486
observable,9.16294227249752
observable,-12.586377196741216
observable,13.996133065361981
observable,7.046237554563195
observable,10.482038384397319
observable,-35.131177847284675
observable,20.182997999476783
observable,-38.39261536422396
observable,4.054376750333333
observable,-10.840295996166615
observable,-13.322367113491019
observable,28.217248248620376
observable,11.960327332272724
observable,5.182823896299205
observable,21.21314917716084
observable,-7.001723557017692
observable,0.7738464748310081
observable,-8.712248470829387
observable,2.0329028522208636
observable,18.366753336114506
observable,1.9735887351030712
observable,-2.9218698430960033
observable,-23.895524929650634
observable,-14.933233703766003
observable,29.49797224839237
observable,29.94310468770509
observable,25.05772299131661
observable,32.35783417772995
observable,12.760489253467998
observable,-3.1706912467974746
observable,-4.856493607258328
observable,-38.72939742846617
observable,2.509832345574625
observable,0.5756095018681906
observable,23.674146585299603
observable,-11.64233085689057
observable,6.073348558779212
observable,3.389516742328591
observable,-10.943362679678149
observable,4.902334461691571
observable,28.217248248620376
observable,9.21103576603417
observable,18.422279525037112
observable,3.911464323201286
observable,8.664860519486272
observable,-17.07920483581088
observable,17.301864374944387
observable,25.416844814938845
observable,-32.72146502907374
observable,-12.604156291505342
observable,-4.040806818156706
observable,12.777074963274494
observable,-2.555058420305212
observable,-24.83248204291555
observable,30.94771964333207
observable,4.928532293767751
observable,-9.903338754857206
observable,-8.870440017031967
observable,-8.147359718550318
observable,-4.937392755124392
observable,19.706151768293935
observable,-17.15225982623253
observable,-45.25060786938979
observable,-24.847511647917376
observable,-6.40374451650112
observable,0.49942065887988996
observable,18.61539125513838
observable,-18.43609403870625
observable,0.0320655495940958
observable,-4.558135082285886
observable,-11.94526962399115
observable,28.217248248620376
observable,-0.7152008412699695
observable,-23.713315496023903
observable,38.50788313802116
observable,1.4781441864562428
observable,-2.209414489794348
observable,17.868490595283436
observable,13.066824571594115
observable,31.88880809829435
observable,-1.4752012838774364
observable,-21.321947123430018
observable,-13.264267190722133
observable,17.649665012781668
observable,-10.043051404041403
observable,20.81746536307516
observable,9.708393407659944
observable,-1.4634857767336529
observable,11.960327332272724
observable,5.891340115336341
observable,-18.603463701514144
observable,-8.032446519088731
observable,-15.567295671123382
observable,20.893403825769585
observable,-1.5609449389705654
observable,13.198296078573502
observable,14.930785745395013
observable,11.898372159356008
observable,-3.5285520196362663
observable,17.7629465734922
observable,25.00620055583951
observable,-10.190459281266062
observable,-9.01207521695807
observable,5.1900662961130495
observable,41.073948364116355
observable,-8.1656062681427
observable,28.217248248620376
observable,-25.49064512306476
observable,-22.68614343142019
observable,4.10904349347152
observable,-35.131177847284675
observable,10.39625972565561
observable,19.551748869788454
observable,24.97217063867927
observable,-1.0689250812827789
observable,8.433609688632782
observable,-9.360284126384755
observable,-4.153122631626482
observable,36.99710573408757
observable,-3.0643669230491
observable,-26.340355017606043
observable,-34.93843948999318
observable,-32.2975324555741
observable,28.273833425207464
observable,-35.131177847284675
observable,20.517314319951762
observable,-35.131177847284675
observable,28.217248248620376
observable,-28.038396059753524
observable,29.50882016693459
observable,-24.13566085035106
observable,6.871801560109558
observable,36.93911436329621
observable,-4.839656027170447
observable,-1.499823149382995
observable,-2.9640087330938814
observable,-2.28417708056865
observable,19.855695125053785
observable,0.020777186270737324
observable,0.09445878381850736
observable,2.706159645857642
observable,0.6228994513990394
observable,27.501629000768535
observable,28.217248248620376
observable,-26.95009583880492
observable,-9.364005034404832
observable,29.326877864673584
observable,12.415852418114248
observable,-2.5454261365097652
observable,-2.26386469812514
observable,0.26534042307491124
observable,9.409733707772695
observable,28.487249429785667
observable,-6.716222536235761
observable,2.5494217945397857
observable,-10.680955693201389
observable,29.50882016693459
observable,15.095978842131053
observable,-37.855907828723346
observable,8.148053330592898
observable,14.475836709263024
observable,6.273895282599362
observable,-8.961051671703268
observable,22.61431728382656
observable,1.736979357690105
observable,-4.1562185586524025
observable,-21.240641123049496
observable,22.159486896839088
observable,-0.36634330448025443
observable,-35.131177847284675
observable,26.413414525839187
observable,13.215144955174685
observable,2.3125666982228066
observable,22.340113510302828
observable,-0.31767190924587574
observable,-30.2338492425826
observable,9.119209955518738
observable,20.878183118651684
observable,15.691029910485677
observable,22.68819223126972
observable,7.4202583600720295
observable,8.933442909542144
observable,-36.279121735727735
observable,6.154171283145837
observable,5.85353912501505
observable,0.7606779807887154
observable,23.644725165937963
observable,-4.1492730997001015
observable,-13.264267190722133
observable,17.118969999217025
observable,-5.070024516728666
observable,13.063947573612221
observable,4.256100200581647
observable,17.829198560261773
observable,5.070991590529972
observable,-32.00563672993885
observable,-7.4769676411942765
observable,16.191818832979756
observable,8.41983442587182
observable,-3.5496798392955276
observable,29.50882016693459
observable,10.832230989336411
observable,18.303121727895554
observable,22.97701401360448
observable,3.130871039589722
observable,11.058996934201692
observable,-2.0240601587409923
observable,18.701390433494435
observable,36.32735260178208
observable,-10.73583770833867
observable,8.862156951700728
observable,14.518039508147806
observable,21.280690310724147
observable,-18.123567224406155
observable,-15.341159641914647
observable,-24.291608427585686
observable,-14.584429864143743
observable,3.620851850319684
observable,39.887630045181474
observable,19.506512277327538
observable,1.4102626801997031
observable,-16.568156316926874
observable,21.807019064119526
observable,-0.7012447489361251
observable,1.5508429361410947
observable,-7.304024347829419
observable,11.568461467254764
observable,-28.99266530960334
observable,11.334931529150172
observable,-35.07894637317812
observable,-40.813984137881896
observable,3.4603984093655282
observable,-12.89952023237001
observable,-25.825723709078463
observable,-10.87402618403469
observable,24.65888819298634
observable,-3.2066336279346075
observable,-11.569721361271135
observable,14.819740153271876
observable,-8.67161342527697
observable,8.320656649790825
observable,18.23279642462401
observable,4.637815285155167
observable,-33.719232828976075
observable,-0.9820884538918495
observable,-2.321858702185331
observable,28.903393154501966
observable,-3.653123924704693
observable,-10.527760991908963
observable,28.217248248620376
observable,-29.839441848816072
observable,-17.530188124827074
observable,-37.56129985809942
observable,-15.338573602570882
observable,-5.98412677953668
observable,6.38545789113194
observable,-0.25903269285290076
observable,11.463091432761363
observable,-35.196356464546106
observable,26.752284587626107
observable,7.652465726820457
observable,-10.581301681727972
observable,10.282829760752211
observable,5.187476708818584
observable,-1.1019628514186142
observable,3.123854988762309
observable,10.763326107103065
observable,22.755821654018547
observable,-8.779732693301778
observable,-34.96790429227165
observable,-5.638136740446842
observable,9.321192533888013
observable,14.147873481764584
observable,7.916820405921765
observable,8.685233036485695
observable,0.4250140616208986
observable,25.312477066167993
observable,-16.76752605618079
observable,-7.490181884020619
observable,-24.182230690793727
observable,-1.319310216299252
observable,-27.300533958243168
observable,14.397601151939131
observable,-12.232761768026744
observable,2.6927708388185922
observable,6.109222160869288
observable,21.099915953146386
observable,12.460796617641812
observable,-11.890827059067677
observable,9.164697290826297
observable,5.267516198999944
observable,2.74939933502496
observable,-16.134699647260664
observable,20.293690831242262
observable,6.001899838223146
observable,40.55169575858206
observable,0.415854248547709
observable,17.448441006091887
observable,20.829954272397934
observable,-10.80013339977719
observable,5.855398169625503
observable,-8.259241814700024
observable,-30.561183995429474
observable,-13.264267190722133
observable,-28.051990600013877
observable,-17.187927730910147
observable,6.1602840884169785
observable,21.626670387205095
observable,3.162363674482571
observable,6.493074797713638
observable,29.064741029246164
observable,3.6965440186493614
observable,16.06732370797794
observable,28.217248248620376
observable,25.58889064552494
observable,2.2057641000015726
observable,24.011373952072734
observable,5.680768505673539
observable,-26.431440971347076
observable,3.9069288823288417
observable,-14.59914492435086
observable,2.035097459771129
observable,-1.4617366198436454
observable,3.1726746744951573
observable,8.658184015982906
observable,8.369334831102648
observable,27.151905292093925
observable,4.660351743013846
observable,9.08678455528451
observable,3.0103775418863776
observable,-3.451956343712048
observable,27.7814557218906
observable,6.380547841789297
observable,-5.067548953187084
observable,10.223998688148283
observable,-1.8309956200060706
observable,17.02113296395167
observable,25.123382472459042
observable,-2.4942975048089844
observable,10.185742380463791
observable,12.106417880521715
observable,3.35594789565663
observable,-20.794649631967744
observable,-3.451956343712048
observable,0.925264217968369
observable,-3.838418021624268
observable,12.199189080786542
observable,17.543862812038746
observable,0.3998290006365979
observable,13.973319015875841
observable,0.5479899105059305
observable,17.08743172575884
observable,-19.14823674067757
observable,15.066704661101472
observable,27.76174383499006
observable,6.9981052362876
observable,13.587200462114701
observable,5.211192916831453
observable,18.79762711820603
observable,13.09301691101461
observable,-35.131177847284675
observable,18.983630456611444
observable,36.30052062395686
observable,-4.038518938277102
observable,-13.264267190722133
observable,11.768047286040206
observable,21.694070717015123
observable,29.437547233817128
observable,9.809455282012236
observable,3.3966911549650147
observable,4.004404066377187
observable,28.6221987174017
observable,7.9755762962908205
observable,21.769786141689973
observable,4.225540604335487
observable,10.11362676453863
observable,-48.034665696797965
observable,11.960327332272724
observable,8.323851001387727
observable,18.646692155633392
observable,6.62478109853919
observable,-45.68907934987679
observable,-18.29577026249257
observable,4.206251965365682
observable,18.66758850028283
observable,-35.131177847284675
observable,5.307074757371688
observable,-7.7163734427633806
observable,-30.996527982942357
observable,25.886416849346404
observable,-6.671123756239073
observable,-36.35393782853896
observable,2.860419396410252
observable,3.71609542861856
observable,0.32748773942277154
observable,-28.531900235323704
observable,12.19924606391527
observable,27.815950740284755
observable,25.64992033787219
observable,15.741590131229998
observable,-2.928944073603168
observable,12.513060826234812
observable,17.88099275700974
observable,13.795035144380652
observable,-28.71808087015132
observable,12.340915531004114
observable,-25.337279578241844
observable,-34.255060969233064
observable,-0.777331611323806
observable,5.2007345230096425
observable,2.2115220632024757
observable,-1.4752012838774364
observable,3.2189364620663907
observable,7.891231056971892
observable,0.4340529013554306
observable,19.851022630229487
observable,26.25155806730366
observable,-35.131177847284675
observable,3.802417331200725
observable,9.088528405647677
observable,-15.909031318479993
observable,15.876081292609667
observable,12.341279493464018
observable,-19.258937170581014
observable,4.630741206354783
observable,19.103977040988653
observable,-3.3973792767053035
observable,-9.25822545165822
observable,9.704399566259037
observable,21.13345131344495
observable,-30.104449653017294
observable,21.574853190077704
observable,-0.8625602991814585
observable,-15.909031318479993
observable,-36.03893113757337
observable,-24.849250950643587
observable,18.76473446410669
observable,17.981336219883303
observable,10.709944073653155
observable,-20.200625046864406
observable,-2.070299828069766
observable,8.880406907167359
observable,-31.617885152950052
observable,-4.849166947417194
observable,-27.602946554197338
observable,10.63284366813184
observable,23.091351101241585
observable,-30.744945790129364
observable,-1.9674510537699863
observable,-10.13563435970617
observable,-1.3737371694791722
observable,8.387390201542445
observable,0.0989580464980877
observable,-1.9921050023849807
observable,-8.401483874980297
observable,24.145856647959384
observable,2.401454989673768
observable,8.204837673776733
observable,-11.86270092592876
observable,-3.0481767619716105
observable,26.26153922012284
observable,6.046391176416166
observable,-4.3550690467534015
observable,11.995936044561684
observable,-3.451956343712048
observable,19.050586965262873
observable,-13.264267190722133
observable,23.36225057057739
observable,-4.146479559898619
observable,8.266600680732372
observable,14.011322598706144
observable,17.801984019617056
observable,23.85507005421542
observable,12.549721924756096
observable,-10.006577433099384
observable,-7.199272806110568
observable,-4.363740116252501
observable,5.085280300793005
observable,24.31356225950758
observable,8.641830250625615
observable,-20.86631330180495
observable,13.940853868654756
observable,-2.660189028347848
observable,2.0010249639480504
observable,-31.40480684763779
observable,-2.606682938743765
observable,18.750240603167413
observable,-4.660803634342159
observable,-17.567989516783932
observable,1.742169059015719
observable,-14.793435247866116
observable,-22.396497523609106
observable,9.281844142110263
observable,-16.991538180449872
observable,-4.292296260107909
observable,-3.5285520196362663
observable,16.69969600901069
observable,19.706151768293935
observable,-35.131177847284675
observable,1.4642968556266123
observable,10.902623559633785
observable,-6.144484148920948
observable,0.415854248547709
observable,21.142159906872713
observable,4.949076514025896
observable,-3.5285520196362663
observable,19.18416273835717
observable,-10.270817615810312
observable,-0.03307911816110565
observable,3.650114863038212
observable,4.809100672799493
observable,-9.500912559114983
observable,-35.196356464546106
observable,-0.5990881691348093
observable,20.248023091633605
observable,-31.959074626163552
observable,18.86007560651407
observable,35.44763178394108
observable,-17.806875840023086
observable,-26.754799880901814
observable,15.298348009439078
observable,-6.141437662359683
observable,-34.87580615811963
observable,3.146084927465753
observable,17.359172719387605
observable,19.678241670262352
observable,-4.698165432146306
observable,-15.978175833689267
observable,1.5890369766050405
observable,-1.1665340435847327
observable,-26.767583443747
observable,17.15768470866561
observable,14.686865851065079
observable,28.447984779472858
observable,0.28874717480871226
observable,28.217248248620376
observable,4.0830835105148955
observable,18.620253930913687
observable,-0.5042409995140495
observable,2.026504962173581
observable,28.217248248620376
observable,-4.6418550337381514
observable,0.8781954399738723
observable,16.25638396742022
observable,15.509683317123969
observable,-4.917245105755663
observable,-12.67001025845439
observable,-2.057048424847452
observable,11.654587334135936
observable,6.209644901513234
observable,25.886416849346404
observable,15.26026875462847
observable,-10.810279169188197
observable,4.432882861612164
observable,-18.571303550022577
observable,23.667556562624537
observable,10.235694150637077
observable,-13.264267190722133
observable,-18.113522391653813
observable,19.425471468023293
observable,-4.528023145040105
observable,22.81515266194447
observable,15.629777229151276
observable,-29.505982412813868
observable,5.244027389967543
observable,15.681655850682896
observable,-24.438733196136443
observable,-5.212720218270395
observable,16.071103943874874
observable,-12.660920066194414
observable,-2.117067084183466
observable,14.823400641166028
observable,11.140886525590354
observable,4.045784129450802
observable,-11.589528352424072
observable,14.206049991974535
observable,-3.312023827895616
observable,26.398357674295603
observable,2.912490231491416
observable,12.262472802788071
observable,23.513542468858105
observable,2.397551655871366
observable,5.20319999797525
observable,28.273833425207464
observable,5.0742338748166915
observable,0.38021719765739537
observable,-29.96900029847994
observable,-26.036577312557785
observable,2.5673543798391707
observable,8.05605566052523
observable,-37.704099909292296
observable,16.67529594746078
observable,16.540730363949542
observable,-12.374212045993872
observable,41.00907796778692
observable,-0.6758917833789901
observable,18.488372382544604
observable,6.119776741025573
observable,1.8397453671803232
observable,-40.83717428328255
observable,28.866467602587274
observable,-10.156459098659054
observable,-3.5285520196362663
observable,-17.31538273352886
observable,17.52122049436221
observable,29.50882016693459
observable,6.2217779982775
observable,9.975047901211775
observable,-8.994447235939695
observable,-0.9198529845203529
observable,25.874826059684608
observable,18.04597581573708
observable,12.307133370672974
observable,-15.909031318479993
observable,8.615506914179004
observable,28.217248248620376
observable,-26.322688804278183
observable,13.403356009712052
observable,3.8307801620931725
observable,1.7727125495389129
observable,-10.606593322227154
observable,-12.232761768026744
observable,-21.72262037287377
observable,-0.9134371014980269
observable,-3.5285520196362663
observable,0.5543511340067253
observable,20.99392412856098
observable,34.525723632552015
observable,-13.264267190722133
observable,-0.41475679440794444
observable,28.217248248620376
observable,-18.250544649424818
observable,37.2733586181482
observable,-0.2210837941419186
observable,28.217248248620376
observable,15.292000129426064
observable,-14.401154565343644
observable,-2.470179178880594
observable,16.92991457195372
observable,11.848528007158965
observable,23.64343542815024
observable,7.2455274081036025
observable,5.6213688652196225
observable,-5.560063896146561
observable,-22.92550780228594
observable,1.524633478376236
observable,-26.84969230524579
observable,-16.612847038563082
observable,-2.4931702880103934
observable,24.382263689650397
observable,32.36262422083212
observable,-4.256545172974913
observable,16.29675484641988
observable,11.93739679800283
observable,4.190103053077521
observable,5.854249335473161
observable,-14.434920215301151
observable,-8.840472401095534
observable,29.50648926737296
observable,26.81153024739109
observable,2.881184994763575
observable,-1.0423267577241324
observable,-33.31153121571111
observable,10.348844991318117
observable,-14.85934654911214
observable,8.1122739945253
observable,29.50882016693459
observable,2.738771566051068
observable,-7.916169148132823
observable,-4.02264539613979
observable,-13.127033266740574
observable,-13.264267190722133
observable,-8.08748994229851
observable,10.949947848776965
observable,-0.12412254499709618
observable,-26.12855802281121
observable,10.688368650646751
observable,6.394364983442724
observable,1.2207599122077584
observable,-28.248090695239892
observable,-7.706761292379339
observable,27.996975822857053
observable,11.67891577148028
observable,27.427835550160818
observable,0.7002904178595282
observable,3.645796504769394
observable,2.358534833889636
observable,27.07061769326964
observable,9.952710368398886
observable,12.625495953873767
observable,-26.432446185402412
observable,11.674134963381078
observable,-1.9282527741115718
observable,-22.44560304639165
observable,25.21179375017253
observable,36.59084319549129
observable,19.313966013596982
observable,11.38999471240163
observable,-32.02881449083266
observable,-38.454731847827325
observable,27.35906864300095
observable,-17.2128005020728
observable,10.782698490520826
observable,20.629394125597834
observable,10.026761708363875
observable,12.056892934802343
observable,0.48322729495744454
observable,14.084663308135426
observable,7.540623264107982
observable,-35.131177847284675
observable,2.9715709257309486
observable,23.839315348352443
observable,38.37997708875787
observable,-27.929148646709645
observable,-7.1376817228328555
observable,7.17790458252805
observable,-23.22404245841564
observable,-1.4752012838774364
observable,-5.982323001595935
observable,-5.0647291867182975
observable,18.516195221598263
observable,-3.5285520196362663
observable,31.1966219130678
observable,4.559621490099364
observable,-14.58288852224754
observable,-39.919067024134606
observable,4.261940469454428
observable,15.39844336437226
observable,-3.5383301282853274
observable,19.550845800369586
observable,5.602134584241392
observable,-13.993879255983387
observable,3.428101927870375
observable,-5.11400846020591
observable,5.991451794496339
observable,32.37362747404665
observable,9.900908850841606
observable,10.494110757709718
observable,-24.276851594879933
observable,12.16210395725943
observable,-37.75455547953602
observable,11.028805442368084
observable,13.1697391275992
observable,9.470858792025162
observable,-14.152153278475055
observable,-5.159062402634895
observable,-31.253189247288628
observable,25.611440456117094
observable,1.7186688354370983
observable,6.057323251023239
observable,-31.898777605104755
observable,10.274212161970354
observable,3.1726746744951573
observable,-41.18987202677894
observable,28.217248248620376
observable,-20.711483718525137
observable,-35.196356464546106
observable,3.906943892914505
observable,-16.451734137408092
observable,25.36026346082334
observable,6.229000354143821
observable,28.217248248620376
observable,28.52525993631103
observable,-8.327074473346174
observable,9.86927865905962
observable,-15.895247615613927
observable,4.961663196338839
observable,-3.5285520196362663
observable,-14.851484050282782
observable,5.0788908881501005
observable,11.323132230625921
observable,5.791136830417165
observable,-0.5791538722702105
observable,9.793186552229361
observable,14.042049672512057
observable,2.009354609895442
observable,8.443159311102043
observable,-1.2605516739822908
observable,-9.631576258951425
observable,28.217248248620376
observable,7.030121288227376
observable,8.284628220595657
observable,-1.827083849964728
observable,32.23323044115456
observable,7.182374147341264
observable,-35.131177847284675
observable,-3.888849315174747
observable,-13.251802207378383
observable,3.1726746744951573
observable,-8.702789955329681
observable,9.967658727497742
observable,-11.030172032916042
observable,-9.095693544121374
observable,-35.131177847284675
observable,18.401380282160073
observable,8.427243008804375
observable,-19.209361927727763
observable,-6.891062365208834
observable,-35.39061597529538
observable,-21.953685163365332
observable,0.415854248547709
observable,5.9097499641799445
observable,29.645558847010456
observable,-17.854115568917784
observable,10.872440173385645
observable,11.418709922904046
observable,5.46434314072628
observable,12.131415504135322
observable,0.06065262253482917
observable,2.4853735022543955
observable,-4.0099340920216715
observable,-1.2380056496009928
observable,-22.808790146104762
observable,28.217248248620376
observable,-9.908119764057455
observable,-24.85092782575984
observable,11.960327332272724
observable,20.95707106891387
observable,6.431575544353518
observable,12.045030484373731
observable,4.515308842369992
observable,7.794628278112237
observable,-1.1810096301163142
observable,13.604229614943076
observable,3.475930483467926
observable,-2.3299275554594767
observable,-6.837314908298831
observable,12.096086468236855
observable,-2.455350213510188
observable,40.43023837631811
observable,12.957175477986539
observable,2.5759386225239878
observable,-0.2597821520301302
observable,-9.68308767293834
observable,-30.199810369271752
observable,-1.6838509557126624
observable,10.211459906839227
observable,-6.723389807584635
observable,-14.171420259604862
observable,16.343197939810405
observable,20.64868015930943
observable,27.55809335276934
observable,11.80587812428826
observable,0.48631596529760124
observable,20.511623101745457
observable,24.458206026464435
observable,2.9580866261696315
observable,9.558674705701254
observable,3.726318334957157
observable,3.1726746744951573
observable,-23.79525088370166
observable,28.217248248620376
observable,18.311743795669045
observable,6.14590815580951
observable,-3.5285520196362663
observable,-3.183649869581251
observable,9.27738313309856
observable,30.9134545895567
observable,23.76163407088654
observable,-1.4752012838774364
observable,-0.6979189552480447
observable,-3.960316783106843
observable,-9.327926029576773
observable,22.04438819060539
observable,-15.260382708836806
observable,-38.12520108151168
observable,5.675780178984491
observable,3.1726746744951573
observable,19.482976406855713
observable,-26.582050214302733
observable,8.748750151348549
observable,10.855599703533713
observable,-0.85914139150709
observable,-36.05165484090465
observable,15.32307207505237
observable,-19.96954672456146
observable,5.15362854589978
observable,6.760676206310023
observable,-13.131016123440597
observable,0.6173938081332375
observable,-35.863829440908745
observable,19.19684407217044
observable,19.576299560609712
observable,6.848468577717193
observable,2.598727377897947
observable,-33.81293084763127
observable,-2.7728527469441655
observable,-4.420749205103025
observable,-0.20624753689131303
observable,-5.211463544532324
observable,-13.262146501161132
observable,28.031036234810426
observable,-1.0745175879821378
observable,17.081312443345652
observable,3.6656584611832965
observable,-12.913645833740773
observable,-4.6300571331995055
observable,5.94581283188611
observable,-1.4752012838774364
observable,-11.008801367180098
observable,38.90312843181461
observable,0.11048354930449644
observable,2.9294237399974055
observable,10.636256178658488
observable,12.880175451918818
observable,7.8506613887582954
observable,21.673912461021615
observable,-2.899609281463955
observable,38.16897226137643
observable,9.498995862518012
observable,53.050900666560516
observable,21.00410603403693
observable,-8.67945931426759
observable,10.19373638088017
observable,12.552282658952674
observable,17.313244165018716
observable,-4.882798303689673
observable,15.72448811545517
observable,7.174985002331069
observable,-35.131177847284675
observable,-12.502547190442714
observable,-3.691161907181173
observable,-12.796312253597552
observable,31.342042036580775
observable,14.498053780939646
observable,3.0766342117502843
observable,-10.9494642593296
observable,6.72392321741887
observable,-31.08387140982014
observable,-10.780116518759586
observable,-1.4752012838774364
observable,19.564125759492246
observable,29.504542018650604
observable,30.118350950504013
observable,10.160957179598352
observable,-35.131177847284675
observable,41.106088897417
observable,32.67460146705685
observable,-3.5285520196362663
observable,2.0465277204336774
observable,36.8169295120531
observable,-17.589692991131646
observable,10.228489522480345
observable,-14.215238747274551
observable,1.600037596726911
observable,2.2384980828273227
observable,11.516614767934286
observable,18.652974859797
observable,28.217248248620376
observable,-13.528574471366806
observable,-35.131177847284675
observable,12.492640224642692
observable,-5.387512920443505
observable,11.882829922509952
observable,19.65431858204687
observable,-3.61123858799135
observable,-3.5285520196362663
observable,9.574023178142198
observable,24.886486592372602
observable,11.018869590085156
observable,12.747709305496713
observable,3.142858478431765
observable,23.565247218595786
observable,-24.352333495790045
observable,-2.067253153597459
observable,-3.5285520196362663
observable,6.304597677864132
observable,2.728786072596723
observable,27.020531023480554
observable,-41.381427300507156
observable,20.79619076586967
observable,21.41745288445771
observable,2.711546553573685
observable,-15.654486701012694
observable,18.118094667349595
observable,-10.047350304156645
observable,2.1173264330020314
observable,17.173275831990352
observable,-13.624680563043079
observable,-6.633670491068577
observable,9.482399614722148
observable,-1.4851733229552133
observable,6.432331596701624
observable,-17.793355505173437
observable,-10.621363617444146
observable,-19.26357889490279
observable,23.883057461163016
observable,-13.264267190722133
observable,24.13153924133784
observable,17.70698316480026
observable,9.861740777535012
observable,-0.30330847763688773
observable,15.779677057956153
observable,11.960327332272724
observable,-2.9211731832566645
observable,26.275134429591883
observable,5.588559688251705
observable,12.537254922790009
observable,8.487679383946034
observable,27.12388603869911
observable,-25.299311764889232
observable,28.682483955024217
observable,1.2902227331422766
observable,15.728364821414708
observable,-16.159781965801557
observable,-39.90648693717825
observable,11.867417234516553
observable,9.3399864492143
observable,5.870526504366103
observable,3.0258517688580566
observable,16.641030915754396
observable,15.618617023859604
observable,0.26856608411931493
observable,11.224271990103329
observable,-0.3119734439450905
observable,-13.921320334295507
observable,3.1726746744951573
observable,7.069660040861258
observable,-3.4980758225250708
observable,-12.604156291505342
observable,7.334894106400025
observable,-11.783397205868862
observable,8.547244101653572
observable,-12.08834405530197
observable,-14.882716965654764
observable,13.776292933983658
observable,-2.0240601587409923
observable,-35.131177847284675
observable,15.053763981629375
observable,9.826104119627544
observable,-9.95733178946444
observable,25.438883703030978
observable,17.088535408754414
observable,-14.642330000050086
observable,-34.31276649772585
observable,9.316328334395907
observable,10.856455030999278
observable,4.4196042886996745
observable,9.047995355200378
observable,23.973771593901617
observable,5.452360294489611
observable,3.1726746744951573
observable,19.336866871392154
observable,28.217248248620376
observable,0.9499311383529108
observable,8.267860971375796
observable,25.21179375017253
observable,25.21179375017253
observable,7.318801529076313
observable,-10.261972401144526
observable,-11.70501688425083
observable,5.891073498082977
observable,-0.46686376081066516
observable,-4.644502120831662
observable,7.976485972109848
observable,-2.77866351553947
observable,28.217248248620376
observable,1.9498165277642476
observable,11.73323075920274
observable,-1.1744783169220674
observable,20.397817902014737
observable,2.223715680255278
observable,14.32264317011047
observable,-29.490805331075197
observable,-1.3920245186979985
observable,-8.365263223371578
observable,10.818158729477956
observable,-21.705289147860142
observable,-0.7650525396000862
observable,8.645734846400632
observable,5.060258134689444
observable,1.2368909236573744
observable,15.631153433379797
observable,10.989916396028555
observable,17.869540546281414
observable,-3.414561397659499
observable,22.582734875825672
observable,0.9741569272760264
observable,14.21461800575744
observable,-3.299462621277116
observable,-7.096063701187438
observable,24.445012882472117
observable,18.258248826692515
observable,5.367293538575069
observable,7.122567729761653
observable,14.725804390428099
observable,-0.04653314081388693
observable,-2.7608980119766313
observable,8.091103611824169
observable,9.487672257762103
observable,4.190103053077521
observable,2.036037480034514
observable,-9.56232469425775
observable,-13.264267190722133
observable,-13.264267190722133
observable,7.268246608659856
observable,-13.264267190722133
observable,15.913877903021634
observable,28.217248248620376
observable,2.944161193842665
observable,-30.687700828166477
observable,-1.0589951511035034
observable,13.637928055109573
observable,-17.862225925820486
observable,4.678738168530372
observable,31.677956030395027
observable,18.594984807753058
observable,13.122310541876448
observable,-1.4752012838774364
observable,24.179518493077346
observable,15.043156183461814
observable,18.213271035255186
observable,38.121068667831295
observable,-16.968940426933578
observable,15.196986740921625
observable,-2.7016220938022917
observable,-4.28266325418134
observable,9.062561511006528
observable,-25.282262508872797
observable,-5.90664574222215
observable,-34.410359242873035
observable,7.4061427720654605
observable,-12.639212029255075
observable,-14.667713790541004
observable,12.733837591518448
observable,22.128712607572943
observable,27.319347859001518
observable,4.052329651518116
observable,9.926131938264193
observable,9.706559008971794
observable,19.46053385454323
observable,1.2835986960221701
observable,10.027862508969122
observable,-25.193313586592414
observable,-29.754503632468353
observable,-34.870992899316086
observable,-14.925457720504953
observable,-6.667726728780288
observable,-26.090356982652285
observable,-22.859023350904074
observable,-9.283661367742235
observable,11.62523832362421
observable,5.5075904380723735
observable,6.014510265597295
observable,29.72218701645439
observable,-18.987142945651104
observable,24.355173983319645
observable,3.295677844037015
observable,-2.8460879942459494
observable,1.87333426621219
observable,7.283010804736345
observable,20.580417402966123
observable,12.949107298298678
observable,21.0554915357015
observable,11.109255591741874
observable,6.659411554750894
observable,8.173466402612362
observable,-1.4752012838774364
observable,-17.155851148258584
observable,17.70446994032804
observable,-18.673910218736
observable,-7.787703192405193
observable,3.1726746744951573
observable,-7.194285275539103
observable,0.8125370590734482
observable,-19.174677503443384
observable,6.069944298258445
observable,13.026057452654992
observable,0.5808839490665685
observable,10.39417881797544
observable,21.939501097287884
observable,4.842589118643037
observable,2.1006563082172747
observable,-14.919275309667368
observable,14.36827979438824
observable,-25.058646095188163
observable,-27.493943279712663
observable,-13.716695909256716
observable,-2.15705946739162
observable,-35.131177847284675
observable,1.164883940045458
observable,-31.229337506844267
observable,-6.69397993447255
observable,-0.6399171484408939
observable,9.670888560689118
observable,-12.860477786885216
observable,1.728395779562164
observable,15.037658645165441
observable,-13.579827309676052
observable,-1.239601629988285
observable,23.812960907582557
observable,-9.790333638650973
observable,-35.87508442254137
observable,-7.901081955643652
observable,28.217248248620376
observable,-13.464111985021532
observable,28.151081077574204
observable,5.11759201710289
observable,8.179767532461813
observable,24.203309914699012
observable,22.329337421377417
observable,-12.072702581456928
observable,17.03587409592968
observable,37.522336344359374
observable,34.62792560550281
observable,18.83658114295821
observable,-16.026884332342583
observable,3.1726746744951573
observable,-21.577522568446504
observable,3.1726746744951573
observable,2.9103329495747676
observable,-11.108904387781982
observable,-21.167240393998966
observable,21.17532034909575
observable,-35.131177847284675
observable,7.857641332336895
observable,13.060998129269441
observable,-3.3365736940940582
observable,10.978292790032418
observable,-19.322692090711268
observable,12.656421932245742
observable,2.8854447417036244
observable,33.713170082436015
observable,2.055337098975163
observable,2.958120260581709
observable,13.105879519952278
observable,-16.847153019653838
observable,-21.321261361733622
observable,3.2661888042216924
observable,9.04158872550207
observable,-3.5285520196362663
observable,-18.686718934912573
observable,-4.058076050126558
observable,15.942644455764022
observable,-4.9027832036117385
observable,13.43503439628031
observable,23.41714653985063
observable,14.534163780385567
observable,5.439253581540915
observable,-6.90121979616195
observable,2.3424968919541156
observable,2.696433692252498
observable,21.67551087985473
observable,-2.6164735789061533
observable,18.765183196602276
observable,12.453232155827031
observable,10.962017326704975
observable,4.0540070179093
observable,19.766780304178532
observable,5.399305294343115
observable,29.450884098088427
observable,5.619480212673422
observable,-0.4070448394035697
observable,23.094435870915486
observable,2.630029158295233
observable,1.7414857664296068
observable,1.3308167224275413
observable,-13.119536024916911
observable,25.7501483186116
observable,-43.351707616168554
observable,28.217248248620376
observable,-3.5285520196362663
observable,-14.908180568719331
observable,28.217248248620376
observable,-6.011289227003869
observable,10.15779931881655
observable,-13.264267190722133
observable,-9.27921235888225
observable,0.415854248547709
observable,15.252768716620313
observable,5.0549809585497485
observable,-8.057775412599677
observable,-32.708807934373375
observable,10.06714140988696
observable,16.708034077692812
observable,-13.264267190722133
observable,14.873024813274139
observable,-5.865563973972543
observable,13.965986757616466
observable,38.88772232331249
observable,-13.203285078630833
observable,9.95905761187501
observable,6.7477712336758255
observable,-3.5285520196362663
observable,7.643340997807435
observable,24.56533174669795
observable,8.208973396604868
observable,-0.6016524282222546
observable,-3.6995019826630893
observable,19.335207916028008
observable,-26.530298184785362
observable,11.960327332272724
observable,26.479847364957966
observable,0.5148404347602664
observable,-22.502648369114297
observable,7.512670718129688
observable,-18.450150201914852
observable,29.69672548338742
observable,7.490076087682396
observable,0.4814629136800752
observable,8.041253306787954
observable,17.996117205709194
observable,-2.895246803644236
observable,3.3954786455140162
observable,5.292483356255406
observable,19.916661535198756
observable,-12.68640881801668
observable,29.50882016693459
observable,-10.086630036556254
observable,-3.480502967333554
observable,23.179197443758625
observable,-6.732917534748884
observable,-5.919336666442976
observable,-12.420250875578143
observable,17.717350300163503
observable,-2.9806649990729905
observable,-13.264267190722133
observable,-0.145903654677082
observable,7.9790525550887725
observable,-7.673595744275286
observable,-14.25282399571759
observable,18.407724016156244
observable,-34.39712798057507
observable,-17.534139935025994
observable,-11.481456955045555
observable,-12.232761768026744
observable,14.284967945263382
observable,16.51270748384284
observable,36.552497618234604
observable,5.698995460324818
observable,30.866254995916798
observable,-16.846616501369628
observable,-7.694069205302068
observable,4.6329799061063826
observable,12.970322755648688
observable,3.0807945808235093
observable,-4.698165432146306
observable,-14.063095985443164
observable,11.385046403496734
observable,19.706151768293935
observable,9.847752747551052
observable,20.04320877572676
observable,5.585237049806269
observable,43.118466677611586
observable,2.9134280664319334
observable,27.43094414478908
observable,16.50662891141541
observable,10.77744228629478
observable,-5.8815329548144835
observable,-9.63771189191207
observable,-3.5805580730063458
observable,-5.192103831431238
observable,19.678241670262352
observable,-2.0240601587409923
observable,-0.7020396778720572
observable,0.3479517361663076
observable,7.167876859551958
observable,47.52031492678632
observable,0.5055461539205997
observable,-36.76683223509073
observable,-6.844722109429724
observable,10.144042507377748
observable,-0.2597821520301302
observable,-14.584429864143743
observable,5.3028977684582035
observable,33.055875902347445
observable,29.672168601971528
observable,17.91499513158865
observable,30.28662245879168
observable,-5.1899800837230226
observable,11.683472455670618
observable,6.487694575263814
observable,-32.852983223395825
observable,-9.892841081113657
observable,-1.4752012838774364
observable,-3.162675559256134
observable,27.345456598057893
observable,-18.094498726358587
observable,0.4150659203666196
observable,-9.180843697424157
observable,0.8203433238676894
observable,0.831869067936819
observable,4.404040768621087
observable,-23.722535062630577
observable,-35.131177847284675
observable,-6.966687132529392
observable,22.06937532891842
observable,6.066927759275586
observable,2.907692594625133
observable,-21.276200315556004
observable,10.552277860661386
observable,26.97543907371598
observable,0.9166516233855893
observable,-18.1014618826829
observable,7.470386593646516
observable,0.13761375411975862
observable,18.74581591219824
observable,-0.16329800883563284
observable,-22.90751882760418
observable,-0.37752573340799067
observable,-27.381663838509507
observable,-12.4897982989703
observable,29.50882016693459
observable,-0.2597821520301302
observable,10.284192489446031
observable,22.125588530817698
observable,7.472027698473438
observable,6.380797352962098
observable,-4.040806818156706
observable,30.294259699082595
observable,3.0098629243519026
observable,22.404511146284655
observable,3.1726746744951573
observable,-20.794649631967744
observable,4.012734953128549
observable,1.9312623182877076
observable,16.607614039312946
observable,19.306026897743166
observable,-4.836829678613697
observable,-12.604156291505342
observable,15.177199727297753
observable,28.217248248620376
observable,-8.389889552736118
observable,-9.092004961519073
observable,-4.039599107966696
observable,40.31799496651851
observable,16.725334033251272
observable,2.676881201557535
observable,-0.3901859859182899
observable,9.523403735874581
observable,-2.064219683079238
observable,-10.262937133870853
observable,-0.0009648625598268623
observable,-5.922050666489476
observable,1.3948014897270822
observable,29.39369808219785
observable,18.44648191765621
observable,12.424723773110792
observable,-9.085169606489051
observable,36.060834381116095
observable,16.569199577337535
observable,-5.512021937683842
observable,-29.044582745085034
observable,20.740603450271287
observable,25.87448278332043
observable,17.551373521612
observable,2.699510770785607
observable,4.906677309222807
observable,0.5127147911054619
observable,7.903567884263518
observable,15.819223604330102
observable,11.476168465075109
observable,-20.794649631967744
observable,-11.539225000534259
observable,1.8271448426881776
observable,-24.9791532480102
observable,-13.58144364258439
observable,-2.698798986883033
observable,-9.382740031176073
observable,-35.131177847284675
observable,29.50882016693459
observable,-12.938487750098604
observable,-2.0785430221858636
observable,-5.66060822078267
observable,4.821276961584209
observable,6.208925983540814
observable,-1.4693722003700893
observable,-4.17212438251563
observable,-35.131177847284675
observable,-3.8267223736581646
observable,1.7918343943125414
observable,8.746125765382494
observable,27.721349756338597
observable,-9.612164764300402
observable,-17.25132194400385
observable,-3.221308928948474
observable,23.1886790595216
observable,4.667152602044999
observable,-16.728263481157523
observable,28.217248248620376
observable,3.0353159909487726
observable,27.418035046182077
observable,29.601798527058154
observable,-11.671224664566948
observable,-1.628594033873565
observable,-6.18126463424864
observable,-8.526291969598265
observable,-5.031869302348091
observable,11.7392192575838
observable,-35.131177847284675
observable,35.35387391119356
observable,7.712380248006534
observable,-7.687594769985551
observable,16.054139018940727
observable,33.85188956747579
observable,-2.5621844357273327
observable,4.047244827132657
observable,2.3279516962919633
observable,30.269771393747448
observable,13.902050972621161
observable,-6.712717528600187
observable,-2.465293327917295
observable,4.300076829620902
observable,20.39063119495075
observable,-38.13597685819451
observable,-23.24318711049078
observable,4.584052812903439
observable,-16.079394110632318
observable,25.538250005659858
observable,29.50882016693459
observable,4.848410068392051
observable,4.7324315113456805
observable,21.5055331082713
observable,35.74601208709722
observable,-0.10609160142500684
observable,-0.7891309379294276
observable,-2.832990233387722
observable,-13.264267190722133
observable,-28.29778306695363
observable,-5.164635058857869
observable,-17.731396183424543
observable,-7.287686292348372
observable,12.667299627345185
observable,-15.414317796275224
observable,16.191154561546117
observable,6.2640454219855535
observable,-43.98899169335044
observable,-2.1886242318553517
observable,3.9109718257724246
observable,2.8681296310006044
observable,-27.544827321723286
observable,3.154568262998736
observable,6.9005039258706935
observable,-4.296670075875131
observable,25.21179375017253
observable,1.5504114378307898
observable,25.157873362510387
observable,-3.5285520196362663
observable,-22.94146657599342
observable,25.26568180475256
observable,-30.296880829564987
observable,9.115959328045776
observable,-0.19175514857118214
observable,12.74868585288933
observable,25.75372842704333
observable,-5.276422877011222
observable,2.227895871051433
observable,-12.538704835160107
observable,-14.148660534080804
observable,-10.373915604530781
observable,21.99080171414223
observable,-15.859514629686277
observable,7.467785015326633
observable,19.76940458267684
observable,-6.598488499534449
observable,29.50882016693459
observable,-31.87212976923882
observable,-21.393382438999186
observable,-0.6035249502983397
observable,-5.385875053363609
observable,-19.661152205121745
observable,-12.895281938877313
observable,12.687218051589921
observable,-13.264267190722133
observable,19.154961369118496
observable,-25.88730172050474
observable,0.8586474986088666
observable,-13.39059080285525
observable,-25.555424469198428
observable,18.857496721254474
observable,-12.532973240430923
observable,-4.631885857720985
observable,5.450887677325422
observable,33.333792932003156
observable,8.73870786597064
observable,36.158851590620486
observable,6.481127533438835
observable,14.60581423945242
observable,-9.091918650672559
observable,9.502208839207448
observable,-21.617412197291095
observable,-8.72789592618769
observable,12.926356254972571
observable,10.044927627292012
observable,14.710309708519208
observable,-1.1354505558137662
observable,-36.59523677604316
observable,4.599837887348945
observable,-16.319945541550506
observable,8.350591555541786
observable,-2.4598598677149974
observable,3.6737174602416323
observable,10.004440946674142
observable,24.17775900743162
observable,21.41745288445771
observable,-27.969502355277985
observable,9.641036519905732
observable,6.947319414231723
observable,-31.500339916649278
observable,14.02284219357124
observable,6.615180605880977
observable,28.217248248620376
observable,21.380237669055944
observable,3.1726746744951573
observable,8.614101097449666
observable,8.866353799287152
observable,21.795088609489333
observable,2.8116525771811673
observable,9.545079443542903
observable,-1.0302608815012881
observable,-8.324051906357276
observable,-26.725229782246284
observable,3.4524471851057115
observable,23.700550754695538
observable,19.425465137363517
observable,3.875653747263108
observable,28.19028110408507
observable,26.198224532023517
observable,-8.192860305493577
observable,9.912901002057218
observable,2.2596606640503225
observable,7.359293944965728
observable,-0.41382771494502535
observable,16.96389929000004
observable,3.6479372171952074
observable,9.687541531323651
observable,-2.401350286570658
observable,14.496886268436526
observable,-0.5042409995140495
observable,-4.830516966050502
observable,19.678241670262352
observable,-2.678126093228861
observable,28.217248248620376
observable,-1.4752012838774364
observable,-11.837549054456687
observable,4.622446729435947
observable,-15.909031318479993
observable,-4.365637325123806
observable,-0.38285030562417166
observable,-2.1944168796703245
observable,11.846439876111337
observable,3.6827294151812184
observable,19.165486874243243
observable,24.542913545443945
observable,-15.459413307468795
observable,0.8831866605372385
observable,25.06662095271599
observable,26.486129827220182
observable,3.101467165557237
observable,10.238821281099042
observable,6.228335231079152
observable,-54.56203404539095
observable,0.415854248547709
observable,-4.324246175806568
observable,-16.812096005453736
observable,-12.604156291505342
observable,39.2220025465581
observable,-17.95420666693852
observable,5.411196760314874
observable,2.3347888354169566
observable,10.594470662426936
observable,16.057094383097514
observable,-35.131177847284675
observable,-10.09009119392249
observable,3.86185565317122
observable,-5.4653948946314035
observable,-13.264267190722133
observable,5.451400900021897
observable,46.39356421453622
observable,-10.537930177613008
observable,22.602504930004642
observable,-14.584429864143743
observable,8.53964310471882
observable,19.097413049113698
observable,-13.02578831432033
observable,16.969408051123793
observable,7.070748605571819
observable,29.50882016693459
observable,-2.292218744398944
observable,6.687536884183221
observable,-23.422535129592514
observable,-10.98785706780614
observable,-8.808529287577048
observable,19.93843497148118
observable,-0.03238902418203349
observable,-3.011001916211642
observable,-5.844789845298637
observable,-11.902680535397614
observable,-6.362650373472423
observable,7.614828841883547
observable,21.124342633752224
observable,17.412940074363004
observable,2.6570931948683096
observable,-8.726372823082574
observable,-10.72641670561023
observable,12.512320654316177
observable,-11.296730705747638
observable,19.280569458258334
observable,-12.882063174022928
observable,-2.8661472571232194
observable,25.439957962882588
observable,7.50929829024245
observable,-6.353439205525413
observable,16.29621600416995
observable,23.703571705609427
observable,7.00409210513635
observable,-5.818564228357149
observable,29.318179937254317
observable,-15.726217528478736
observable,20.21125976458771
observable,29.50882016693459
observable,6.638126762579488
observable,-2.1956476864128494
observable,-9.749455691563458
observable,-3.276499100729835
observable,12.696219486657224
observable,-21.19506494985446
observable,40.16587320681305
observable,-6.968835742144086
observable,4.597234628113944
observable,-16.28145409518389
observable,7.398428838157356
observable,15.977605918714733
observable,9.065692790824208
observable,4.116243506244855
observable,-3.566741190776068
observable,8.994475355216158
observable,-22.947615534316178
observable,-5.209995960706337
observable,27.037240885787874
observable,-0.6087589838475127
observable,2.1098088665265635
observable,1.8271448426881776
observable,30.62134605998631
observable,-7.322374941140463
observable,24.278333350428994
observable,14.017637801721872
observable,-21.845801398783493
observable,4.537621638181255
observable,22.06503039172427
observable,1.2103018268238008
observable,4.271826884377106
observable,28.527395025423473
observable,-15.917442542371795
observable,-18.880103179800965
observable,5.2278244895316295
observable,4.583944987571775
observable,29.50882016693459
observable,-1.4752012838774364
observable,0.30099588445217096
observable,-6.033358376432907
observable,-1.9745295412798347
observable,4.568715191680006
observable,29.294500324372486
observable,-18.478215660039766
observable,28.72042973037776
observable,18.147259859909504
observable,9.776093991228363
observable,23.203077582767094
observable,-19.198718410080883
observable,-39.02309494085191
observable,-48.86808140963505
observable,16.449749113483204
observable,-31.828349767503727
observable,20.88084233232699
observable,29.222327131694236
observable,-31.276486906205538
observable,-6.908838118327076
observable,7.12303073385725
observable,7.746050019573514
observable,9.684874394274768
observable,1.358485784938246
observable,6.831551125449053
observable,-38.24965155753112
observable,-4.086835029340508
observable,5.837204758883896
observable,-2.7043898274724087
observable,11.066114223698897
observable,-20.5619734178481
observable,-12.512690106996672
observable,4.279753271653075
observable,29.385287722158782
observable,3.335527780815306
observable,10.395010208835863
observable,2.475404360275557
observable,-2.4512667997269144
observable,-22.969162679715883
observable,2.6365139746968413
observable,-1.5623134799614524
observable,21.689078828912645
observable,-46.274040735826794
observable,-15.381295836515962
observable,1.8955479467528846
observable,11.30361256297916
observable,3.4241235426731853
observable,-7.318657214289459
observable,-11.23268466671159
observable,15.048869280567057
observable,14.76193126801968
observable,2.5671819860189293
observable,0.27063050870841376
observable,-7.443469153447657
observable,16.163521727470954
observable,17.450169000494498
observable,-3.9985178290174894
observable,3.073298504122257
observable,-13.264267190722133
observable,28.43068564399278
observable,-5.97734169422417
observable,-6.5594550239718385
observable,-15.008581655050769
observable,-29.856017936833357
observable,46.000301834274524
observable,29.50882016693459
observable,21.591395931161117
observable,28.217248248620376
observable,18.27464962169685
observable,8.166431021845288
observable,-9.260470709729018
observable,17.845066882737083
observable,-1.4687172330400955
observable,-35.131177847284675
observable,18.282547373531944
observable,-11.44041703630425
observable,33.87272274584521
observable,23.822169091582058
observable,9.810873616643557
observable,36.18311607960756
observable,7.250031195482909
observable,-3.750840992731286
observable,8.245188540520921
observable,-5.597877807246599
observable,-20.794649631967744
observable,27.024462777225523
observable,-24.703517722179235
observable,-4.985266000312527
observable,11.598264454884832
observable,32.056771164779775
observable,14.685678237630606
observable,11.935305834388199
observable,-35.131177847284675
observable,34.891081316588334
observable,3.469564578378681
observable,-11.48834700510345
observable,11.960327332272724
observable,-30.850105953564434
observable,5.061187681625934
observable,3.126535639099015
observable,16.176287786766697
observable,-6.890000983510324
observable,-4.497520815823064
observable,9.062780876574305
observable,-3.590519443123652
observable,0.415854248547709
observable,-37.260761858029625
observable,-10.357592648362212
observable,-2.848471919576223
observable,-13.033163034223815
observable,0.055457001789593896
observable,-0.9756606638309906
observable,6.891035610214624
observable,-24.860994665963133
observable,-4.551146957788143
observable,-12.923954286365035
observable,33.41189457744906
observable,14.875730648670139
observable,-1.8974608180799657
observable,14.685880691023145
observable,0.6672207982532541
observable,17.270006147523674
observable,-1.9637305945368277
observable,20.131990994523097
observable,-8.964878408395904
observable,2.3783471607228934
observable,32.23323044115456
observable,15.046082769224011
observable,-11.184094894563511
observable,-28.597735455523544
observable,-11.089440421187591
observable,-1.339245222326857
observable,-8.181281597495227
observable,1.1693081524401405
observable,8.27708152604465
observable,-35.131177847284675
observable,-16.86168592308144
observable,-4.954442525821778
observable,21.427009358206796
observable,9.368337727122622
observable,-24.875153552047692
observable,-25.318525923907508
observable,14.356376108593105
observable,8.423602924214402
observable,-16.659406701049694
observable,11.091593641833075
observable,1.0903081520361457
observable,-9.007678845175459
observable,1.0944721170175864
observable,9.850350789302942
observable,-25.268138371177763
observable,16.542057455572067
observable,-0.19070052007548188
observable,9.810532571598296
observable,9.142793840421648
observable,-4.040806818156706
observable,33.80293682463045
observable,-13.264267190722133
observable,-10.325481075045428
observable,-3.5285520196362663
observable,25.18904539367228
observable,-2.829923848963689
observable,4.588840831376462
observable,-18.763113711811396
observable,1.2656266929902182
observable,-0.9207226094109622
observable,11.436783034578868
observable,5.640704027922294
observable,-3.4013273288219903
observable,-47.1525183479151
observable,4.624430131503887
observable,9.170095777241505
observable,18.44011650613404
observable,18.843766920336126
observable,4.24837751232221
observable,3.1726746744951573
observable,3.1726746744951573
observable,17.85120618723186
observable,9.054079741221255
observable,-16.348144756661508
observable,-3.078698330718521
observable,22.54518066460991
observable,10.462357810793232
observable,-0.4541231892269737
observable,-0.013296898670978052
observable,5.757358217333475
observable,19.228379741629087
observable,11.267279057814584
observable,51.926570891742216
observable,18.639902764119597
observable,1.7788433931963388
observable,-14.42372945388769
observable,-4.485637237355045
observable,15.159073755738305
observable,2.0243727700491654
observable,0.9941562427571826
observable,-24.562925848949845
observable,-27.300400724492057
observable,-10.912624441857332
observable,3.1152652615757725
observable,25.21179375017253
observable,-20.22795947436461
observable,19.46022449814846
observable,8.9332770827818
observable,7.0364549838809465
observable,-31.950079178818292
observable,35.50997189832115
observable,28.217248248620376
observable,20.402189356640164
observable,22.272303287290217
observable,-1.590458076410295
observable,-15.909031318479993
observable,6.933950388245158
observable,-0.2127915967066185
observable,-17.747741581064748
observable,-19.66844501884174
observable,28.217248248620376
observable,-3.5285520196362663
observable,0.3838579400960995
observable,-2.053357486887486
observable,-9.767292535749295
observable,14.098744282285104
observable,19.95138131993317
observable,0.7084076275284179
observable,-23.283846780688698
observable,19.896066833550297
observable,4.236788373109368
observable,4.220313370627804
observable,-2.804468602236221
observable,-6.214375732753286
observable,-0.2597821520301302
observable,-4.698165432146306
observable,48.24842869498405
observable,11.68841221612329
observable,8.109424578128932
observable,-48.10896246037861
observable,15.340211396240921
observable,5.426539343812409
observable,4.135867742257049
observable,-1.558283806035643
observable,13.71366630530697
observable,-1.90379106164289
observable,-4.039958300998425
observable,-34.741911917706744
observable,11.60559488276074
observable,12.331043674022602
observable,28.056655898969662
observable,23.806045332056
observable,26.460339496368924
observable,3.29281469134739
observable,-24.401742412324133
observable,28.217248248620376
observable,0.43439159161994256
observable,-26.249990190523352
observable,8.253604584918294
observable,8.001963171061298
observable,19.165064412070933
observable,6.97102526723965
observable,7.193187417554303
observable,18.124871059701665
observable,3.9056343606903576
observable,-35.89046868581055
observable,-22.835218798013337
observable,20.606892226401385
observable,-3.408551393410164
observable,14.235559757169103
observable,7.390745478623972
observable,-9.598503010965365
observable,-1.9195543537539272
observable,-18.957025903849445
observable,11.960327332272724
observable,25.204952592495445
observable,34.67563566354137
observable,5.802564143033839
observable,-35.196356464546106
observable,-5.558060914769126
observable,-12.97804004001093
observable,0.9259730702696922
observable,28.217248248620376
observable,28.217248248620376
observable,0.2690242334756565
observable,23.83619658985461
observable,-1.4752012838774364
observable,-4.894698852112656
observable,-22.71658735853973
observable,32.71705973223985
observable,11.813367531952078
observable,-3.5285520196362663
observable,-14.098068114824702
observable,-6.889364745820714
observable,12.413673587332552
observable,-35.131177847284675
observable,18.648454005087224
observable,-30.563200599263386
observable,3.1726746744951573
observable,-37.03564524174047
observable,34.64837237921359
observable,-3.5285520196362663
observable,4.452965830992794
observable,-11.485998268279818
observable,2.2013525127081213
observable,28.061290318977417
observable,15.939961997082207
observable,-7.010009227562697
observable,-18.88922304034103
observable,-24.62037826482355
observable,12.272715772656905
observable,40.55169575858206
observable,26.450368317073547
observable,17.074197768936827
observable,10.836624276051875
observable,-25.452713435872376
observable,-3.5060489138865725
observable,-1.9071493193116407
observable,-14.334323430164286
observable,26.228813984557487
observable,-27.837666011274397
observable,29.50882016693459
observable,29.50882016693459
observable,25.21179375017253
observable,30.841266617315565
observable,-17.187708228153998
observable,3.352090512299055
observable,20.88903358235634
observable,9.773591750042609
observable,-3.178279848511223
observable,-33.06446852623651
observable,-0.1181844048871783
observable,20.484219253518187
observable,10.559175627019846
observable,-24.850041177599824
observable,17.758906585629287
observable,-0.008284214209197671
observable,14.533502963346967
observable,-14.143205732489406
observable,-0.6984590567678861
observable,3.0353159909487726
observable,-15.019596814214097
observable,26.174225497553884
observable,-13.730112022402341
observable,-17.28553752921106
observable,4.190103053077521
observable,16.304534837857254
observable,-26.40088622446242
observable,-6.557388787417295
observable,-21.09519917148144
observable,-5.642176481591266
observable,-6.228240988923828
observable,-35.196356464546106
observable,12.532586205700591
observable,27.740568210716397
observable,7.088155629630711
observable,-1.8827427604612756
observable,14.047923461885127
observable,2.9672280941723805
observable,15.465257376344532
observable,-32.38442302659801
observable,-3.5285520196362663
observable,-8.765801750060277
observable,6.90884602297881
observable,-35.131177847284675
observable,12.531607958115476
observable,-13.043255403748166
observable,9.455562025409737
observable,6.502198631572432
observable,2.6258269818695945
observable,12.73966402250144
observable,2.707204819006004
observable,-34.899064999685116
observable,-21.276200315556004
observable,-15.366835421523085
observable,19.525813613266397
observable,16.56154299092336
observable,27.196184172281555
observable,2.1438686988630273
observable,-9.874892911419497
observable,21.406643774302147
observable,14.728362258602857
observable,4.023390447776909
observable,14.070541225350652
observable,5.55472916416051
observable,-2.3932437127875184
observable,-3.2303692018081698
observable,-3.5708747661085116
observable,-11.623239285038922
observable,3.1726746744951573
observable,-1.3213552748439827
observable,18.793230232106772
observable,-2.690503766988983
observable,27.8972981997601
observable,-28.360203783553096
observable,2.8432022233092047
observable,2.579479302094956
observable,13.61984366755211
observable,45.293097480564704
observable,-17.869856274786756
observable,-13.719469804246941
observable,-0.053486180782935655
observable,4.355175110418519
observable,30.125857586475036
observable,3.1726746744951573
observable,28.217248248620376
observable,8.015941100068623
observable,5.489845142216154
observable,22.813796389702347
observable,13.434440286471915
observable,23.61083856692472
observable,-10.806816546161757
observable,1.5725387410463476
observable,-35.131177847284675
observable,-12.458731027257974
observable,2.5577758505754167
observable,19.725887258542762
observable,32.269871477750065
observable,-13.264267190722133
observable,-4.753778320235147
observable,30.820624674536745
observable,-20.439182543341282
observable,14.38307102588361
observable,-3.435551943174331
observable,3.6359070569180085
observable,12.746512755681817
observable,-10.079409559793916
observable,29.50882016693459
observable,-10.556893488621999
observable,7.990986399428879
observable,8.604684678329754
observable,-13.264267190722133
observable,-12.952147711104889
observable,28.217248248620376
observable,6.801998164720668
observable,28.217248248620376
observable,3.1726746744951573
observable,17.715544055503194
observable,11.649778606409145
observable,-13.923191546473014
observable,22.663643394785293
observable,-35.131177847284675
observable,24.817841212898806
observable,24.868383381810045
observable,16.98394102624561
observable,-10.355878488850179
observable,-12.037428231171365
observable,11.040419560850822
observable,11.960327332272724
observable,7.130760983804041
observable,27.31237138605458
observable,-6.59998201515668
observable,-28.19863326419474
observable,-15.717480557746589
observable,6.713177803179593
observable,25.21179375017253
observable,2.8606977941022738
observable,-19.341306806790335
observable,8.716119595255067
observable,-25.76108926741477
observable,4.669245561420587
observable,-13.264267190722133
observable,20.488193073037742
observable,-0.2597821520301302
observable,29.50882016693459
observable,16.603207475943194
observable,-22.366187013831674
observable,15.544205215812813
observable,6.238363115576107
observable,3.1726746744951573
observable,2.7131552179255225
observable,14.922393924405053
observable,-21.727091495531237
observable,-24.40412353705411
observable,35.14942774249721
observable,7.395100502319085
observable,-12.913645833740773
observable,3.3685110997929257
observable,25.21179375017253
observable,-7.535013228736654
observable,-18.662978536354956
observable,12.283663176314585
observable,-7.52059222999073
observable,3.857613606777477
observable,32.83595703467825
observable,15.853068980293305
observable,4.6555632439038375
observable,-33.853032141008356
observable,9.219564435480642
observable,-6.457919473068263
observable,-35.131177847284675
observable,-5.338548660358899
observable,-19.912103275311676
observable,-39.03579027659864
observable,28.217248248620376
observable,-15.909031318479993
observable,-32.116985605326796
observable,15.811950763575844
observable,-35.131177847284675
observable,0.977748194546546
observable,3.1726746744951573
observable,-6.717755926260494
observable,-40.56760160857967
observable,19.160565087837433
observable,-35.131177847284675
observable,19.44825662187646
observable,10.843042523074264
observable,-5.862050944968633
observable,20.84176291672759
observable,-21.140356223249068
observable,-1.7067103378898385
observable,-15.624034611533466
observable,-18.65610617829072
observable,41.17290996265035
observable,15.334640770568653
observable,-12.913645833740773
observable,-33.87222727728797
observable,9.08438171632615
observable,28.217248248620376
observable,24.979830181782425
observable,2.5240556323169683
observable,39.46861994567759
observable,-27.034634143418955
observable,2.3076122666851884
observable,11.503574741876331
observable,-31.54860866899729
observable,-6.245417041331336
observable,6.452906368173439
observable,20.427243207342705
observable,11.960327332272724
observable,19.217607401772717
observable,7.865811554614299
observable,-8.926078770203095
observable,29.262088084308658
observable,-3.8648477589231067
observable,9.341769649750486
observable,-4.407511888002746
observable,29.50882016693459
observable,46.78084591891849
observable,-21.649898155280813
observable,14.44638662453761
observable,19.64613394138682
observable,5.2424324703781
observable,13.024776190463516
observable,3.1726746744951573
observable,-16.55929478207807
observable,7.321136689409946
observable,27.08610968559604
observable,8.099705799022928
observable,5.143413475064151
observable,-30.64847807529366
observable,-3.5285520196362663
observable,1.9298614584420504
observable,-47.50778161188246
observable,11.960327332272724
observable,5.78470957045627
observable,37.33116857033751
observable,32.23323044115456
observable,0.8366183149340012
observable,11.960327332272724
observable,4.602784605381793
observable,26.512636967612725
observable,-1.9014895781342078
observable,-13.531484315353426
observable,-7.022728208022821
observable,0.9631176273636521
observable,-0.5772449864902773
observable,-3.5285520196362663
observable,6.4545734235125884
observable,7.7938070379226065
observable,-12.913645833740773
observable,-5.902470275195748
observable,23.369020454409885
observable,7.9477283691458345
observable,10.768511839477323
observable,-12.772347777793481
observable,24.836118014873886
observable,5.274758049592432
observable,0.4231710507030195
observable,24.160952565865166
observable,-13.264267190722133
observable,25.21667214325667
observable,-13.912008028770162
observable,15.329757250471165
observable,-1.7922688779447915
observable,18.795945722977347
observable,-7.12911850006498
observable,2.501786050136423
observable,7.878994219880475
observable,9.227110991044253
observable,9.45472885084766
observable,35.41544434613595
observable,-5.748982502440436
observable,-30.38809148209054
observable,-21.718412443946544
observable,7.434714436149092
observable,-35.29416232928351
observable,25.163960560918675
observable,-8.751586117915444
observable,28.217248248620376
observable,-5.013713815130039
observable,-0.4195798208641355
observable,-1.0543821751875626
observable,-9.344348413594428
observable,9.138828432342017
observable,-2.0240601587409923
observable,11.1600577291602
observable,12.03959205752263
observable,18.692331708947417
observable,13.281760035318669
observable,-21.338308531282813
observable,-3.5285520196362663
observable,24.12970229984648
observable,3.891478878185195
observable,-39.52411896577619
observable,11.508178599202857
observable,11.323040231295312
observable,22.143106591229134
observable,11.432522398318534
observable,-6.2035249328768804
observable,-3.8108851676703637
observable,-37.68584235145222
observable,-20.74350516290532
observable,12.035706449688366
observable,-0.6405047419345555
observable,16.271861472411707
observable,6.865018220479735
observable,22.36343874081934
observable,-20.616139121697486
observable,-13.127033266740574
observable,8.144730197817163
observable,2.6544563161004398
observable,-29.26671903777156
observable,-16.00453750179994
observable,28.217248248620376
observable,-29.305068213927765
observable,18.201249309450994
observable,-23.235357622290287
observable,-6.160229268623141
observable,-3.164773712755009
observable,3.170535301052013
observable,-0.10199200505525141
observable,12.380867638836456
observable,-5.2737320456921255
observable,20.173332531685716
observable,-15.186333902992555
observable,-22.603811393946305
observable,-7.438084472587592
observable,20.739946784857487
observable,33.14864664147661
observable,-21.344759785890943
observable,11.278130082379455
observable,4.635325177244853
observable,8.77165525639424
observable,17.508142906050583
observable,5.89963571697858
observable,-26.767462096371375
observable,-35.196356464546106
observable,-29.65776965197605
observable,22.062735765017848
observable,-2.5109647256334577
observable,-28.515207709999412
observable,-28.218822072662487
observable,23.379760653065663
observable,25.886416849346404
observable,-30.36863329042476
observable,-9.322277257971813
observable,-24.808324543331782
observable,-4.536116293596781
observable,10.159403291620862
observable,-25.866751285836575
observable,26.448229490794418
observable,2.7250420709132195
observable,-35.131177847284675
observable,19.501815899422613
observable,-7.483802267118866
observable,-0.8640651576483194
observable,15.805859985396253
observable,-22.23489807911303
observable,4.233579972060553
observable,11.341416629413503
observable,9.95074293115148
observable,3.1726746744951573
observable,-5.6266341465332825
observable,4.831811813748543
observable,3.789490146981933
observable,28.78847094787712
observable,5.900807586476886
observable,29.7490177343851
observable,-13.264267190722133
observable,29.64080934378419
observable,1.972758828256671
observable,13.487498073414717
observable,-21.238064035896365
observable,-28.3594593150723
observable,7.375902423571956
observable,-0.6831117871692216
observable,11.960327332272724
observable,-19.740548859051444
observable,9.600203767364878
observable,-28.772141843827704
observable,6.790804255080252
observable,-22.859912457141583
observable,-12.536109012082598
observable,18.318576733354554
observable,-35.131177847284675
observable,1.292300719123718
observable,1.8047222107702598
observable,21.57541274173851
observable,1.1794629730851547
observable,21.059255552788336
observable,29.938888969422138
observable,31.850968140962888
observable,7.994081188564062
observable,-31.095012208404114
observable,29.50882016693459
observable,-9.94051908085738
observable,-14.290274225962406
observable,-11.813495492337534
observable,3.1726746744951573
observable,-5.741840687769906
observable,9.04185609559387
observable,-5.841132176944141
observable,-0.5001183414305554
observable,-44.37923249589558
observable,8.18238197542268
observable,8.725592513117109
observable,-1.9773710342289585
observable,-9.629279484345243
observable,-15.431153521392972
observable,-0.5689449290869453
observable,17.369345142385818
observable,-2.7612970360004763
observable,3.3659977350373738
observable,6.662048421361599
observable,-4.3870475199901176
observable,-6.406671388322138
observable,-30.986988106191404
observable,10.252669736905752
observable,-1.7442832955524956
observable,-19.426637511197953
observable,-9.441859042710766
observable,9.919993258663462
observable,55.48514864422687
observable,-29.33494308564154
observable,5.1397525008332945
observable,-17.09065848739807
observable,23.892701964457352
observable,1.7627403713847745
observable,13.92278778477043
observable,-4.7038820677218425
observable,-7.283228162272737
observable,10.682529507441064
observable,34.098752463101015
observable,6.538186767968246
observable,-3.6860478842600353
observable,-1.3354767302372172
observable,-33.86798451966608
observable,16.036340786927028
observable,19.531541182356538
observable,-3.7009474497763484
observable,29.50882016693459
observable,-35.131177847284675
observable,31.82259488832029
observable,11.422280266335981
observable,8.804527811265729
observable,10.06786452849725
observable,4.057041306828724
observable,3.8773477465192663
observable,28.217248248620376
observable,7.596962629052206
observable,22.567461900116804
observable,12.065670215267454
observable,-33.12482198146412
observable,19.490912537910997
observable,6.093457640996602
observable,-6.300181058469345
observable,-13.127033266740574
observable,18.750589044437792
observable,-3.3165642282546814
observable,-19.602198879452548
observable,-3.152929676698424
observable,4.047446300521695
observable,2.197691832592086
observable,8.667951355618353
observable,-0.7128671255784425
observable,21.998520426843115
observable,0.5933851934627921
observable,20.5013786907694
observable,3.022492464028148
observable,-11.907594481850003
observable,7.894226712525477
observable,3.1726746744951573
observable,-8.354754984747126
observable,-7.285454436826044
observable,28.217248248620376
observable,25.458610778152813
observable,10.122507641436563
observable,10.89709161473278
observable,-2.692728757462959
observable,9.266441146183912
observable,4.907404093842516
observable,9.589478475689116
observable,2.084816639703213
observable,0.9676679064761995
observable,28.217248248620376
observable,-8.855934413224453
observable,6.496350806653983
observable,28.217248248620376
observable,27.858888463635612
observable,2.087898009759148
observable,5.629885364600273
observable,-8.804391366347541
observable,-3.8551693112562235
observable,38.73207620008492
observable,24.434260609429547
observable,8.119031761572959
observable,8.329229676722594
observable,-20.45708825148431
observable,-3.9999022802095108
observable,28.217248248620376
observable,3.1726746744951573
observable,-6.852456689781217
observable,20.140254196273034
observable,10.388514302283735
observable,12.176420913508812
observable,17.093269289432556
observable,38.761645889665196
observable,4.355080295060443
observable,2.9505679579669986
observable,-7.7718323445500115
observable,26.480600897324514
observable,4.99704831884884
observable,12.032943714488088
observable,6.820484781543112
observable,27.688712121779503
observable,-6.899594003267184
observable,2.5713018161236834
observable,36.793916537466586
observable,19.625927883807528
observable,-12.0414654161894
observable,29.103988842765972
observable,6.428683633486609
observable,-35.131177847284675
observable,-13.264267190722133
observable,17.34249253781658
observable,-7.955434811381701
observable,-5.3109391318647114
observable,12.911486865771348
observable,-15.18529540122292
observable,-3.5285520196362663
observable,-35.131177847284675
observable,2.7646428775612186
observable,-18.751247208907728
observable,11.918184572849388
observable,1.4114660491045594
observable,13.803851744635299
observable,-3.5285520196362663
observable,21.364440084095214
observable,9.974656025901286
observable,31.721823812489358
observable,10.977825965403287
observable,27.919946818542996
observable,-2.0505492470554554
observable,-11.533455750777721
observable,-35.131177847284675
observable,31.62921487668573
observable,-9.062726871099613
observable,5.766889765625116
observable,-2.2302583643239116
observable,20.712072724119356
observable,6.0313813880309874
observable,-6.8529346266585245
observable,6.318970010407621
observable,7.7705914361285044
observable,12.888790715378807
observable,21.33902654903872
observable,2.2687031614295528
observable,-22.05661411590427
observable,-6.06394678187171
observable,28.217248248620376
observable,-26.664514788097183
observable,-12.259075288833065
observable,-6.722315441528027
observable,-2.5496414433899384
observable,-0.6814143516529536
observable,6.091863664927555
observable,-12.956945884278493
observable,-19.906637390592586
observable,-19.996780820976145
observable,10.216662105696962
observable,24.6420234794825
observable,14.66311053083893
observable,13.779344590020115
observable,20.55526157582015
observable,19.329033367666383
observable,3.1726746744951573
observable,8.156646775728493
observable,-17.186675676005002
observable,-18.840627608836257
observable,28.43204787611655
observable,18.887653428426653
observable,6.346763669235922
observable,22.575017171061518
observable,16.668536683597736
observable,-1.9568923980666009
observable,-13.264267190722133
observable,-16.375900475461325
observable,1.5649933680299544
observable,26.784186597219062
observable,-35.196356464546106
observable,28.851314024401642
observable,-17.140303323493022
observable,-15.011046070393919
observable,-38.454731847827325
observable,16.706973325153097
observable,-21.743933390431692
observable,3.1747997326075694
observable,30.440509166610852
observable,28.217248248620376
observable,7.052641682141614
observable,24.887705185989727
observable,-3.9811811673667874
observable,-35.131177847284675
observable,16.574771639570905
observable,-2.7583836285076657
observable,12.952670353165052
observable,-7.664390163265877
observable,-35.131177847284675
observable,-0.3222589179053381
observable,34.33770061172379
observable,5.698439672519329
observable,-15.909031318479993
observable,7.29141927278707
observable,-3.5285520196362663
observable,12.597412850627387
observable,11.960327332272724
observable,-10.536008592029322
observable,-22.006147247570883
observable,-9.35319975109744
observable,28.217248248620376
observable,-24.39047394678713
observable,-6.356491806708897
observable,2.223729917606043
observable,-8.75785660749877
observable,3.394104791103758
observable,2.4703522366046116
observable,7.289438608424059
observable,25.301172601745115
observable,3.1726746744951573
observable,-12.40101796576576
observable,8.108928901416522
observable,32.85929111455508
observable,12.954802264868025
observable,-34.804667002117725
observable,-29.640540832759555
observable,5.740980560486197
observable,-5.1703045548039945
observable,-38.39210346625763
observable,18.839871987553124
observable,7.966980758064945
observable,-3.5285520196362663
observable,-21.882640224735184
observable,28.217248248620376
observable,2.795643262497216
observable,-4.755107676826209
observable,11.109366303986356
observable,11.837898389253443
observable,-23.532269458134568
observable,10.61152961246341
observable,8.407612250687546
observable,-27.406726041459084
observable,11.080101980869038
observable,3.980672233262994
observable,6.659797443414628
observable,-7.317434891794683
observable,-29.259943650241695
observable,4.924416925073127
observable,-30.161519974327934
observable,0.2069019182906251
observable,-35.131177847284675
observable,16.502380319836995
observable,22.20022086957496
observable,-5.833720612490878
observable,-4.254680789419951
observable,4.43383113844863
observable,26.6475099753813
observable,0.670553630430093
observable,-29.122346093668483
observable,4.472998334906375
observable,20.028580709549736
observable,-6.410853704534336
observable,-4.709071343735005
observable,25.150963046246176
observable,13.371835669513798
observable,22.251798212545438
observable,-3.778818377832538
observable,3.7781931523054757
observable,-10.208955896849991
observable,3.4308572074770005
observable,-24.732055294434208
observable,-36.79770382814082
observable,4.578680786065381
observable,0.5197668109185649
observable,-1.4099457457380726
observable,-3.1556942065224636
observable,22.98706925109628
observable,27.01573393842933
observable,11.914899714088566
observable,-2.998754112952451
observable,1.8993100744639113
observable,-12.865847914312766
observable,-11.525592126322548
observable,-3.1918007682174565
observable,-36.282280743145236
observable,12.783647566213109
observable,4.1504229264910375
observable,6.0121514982562685
observable,10.038590887794108
observable,9.511418563939579
observable,-3.399994676650242
observable,8.242339057187342
observable,4.483342801896706
observable,-24.857683820335076
observable,15.213208390928878
observable,-35.131177847284675
observable,-3.450666864522234
observable,29.81078459255474
observable,28.217248248620376
observable,5.225260937646725
observable,31.27323238289086
observable,7.344028459176899
observable,1.8616789118247157
observable,19.185821639092858
observable,0.4367057977984312
observable,3.8821488840405594
observable,-21.067041067185876
observable,-8.368660324531607
observable,12.768953652640036
observable,-8.670598293985154
observable,-7.717432399187385
observable,-6.865828564830201
observable,20.54101052048578
observable,3.9616621107930072
observable,-10.365589924221052
observable,-2.360074464550399
observable,15.400956438651491
observable,-28.1133906171526
observable,16.41938332708268
observable,22.751257509625745
observable,-0.15149827911968838
observable,28.217248248620376
observable,11.084251879166507
observable,28.217248248620376
observable,25.21179375017253
observable,-0.9140355581812587
observable,6.167722440823908
observable,-15.877843194226005
observable,-24.200988384107813
observable,3.0353159909487726
observable,20.745275487037773
observable,-3.5285520196362663
observable,27.316460200799007
observable,37.49828187631125
observable,-28.225838966827165
observable,27.73517771927063
observable,-12.834913517473101
observable,17.99193705840889
observable,-4.698165432146306
observable,11.224570228113894
observable,26.795393550225953
observable,-1.4794716335932878
observable,23.791484670468776
observable,8.795737995991427
observable,29.41445460154306
observable,6.041968023468014
observable,-12.87581025864688
observable,-13.264267190722133
observable,3.1726746744951573
observable,-35.131177847284675
observable,14.337896160308873
observable,21.21894024360913
observable,-3.5285520196362663
observable,10.775047186809438
observable,15.748610995522904
observable,28.3038069579729
observable,-8.495775084531443
observable,-30.893815722357353
observable,3.466896985207346
observable,-58.30298572102674
observable,25.48391061306523
observable,7.0974162833398635
observable,-39.496768952126345
observable,13.465688978328828
observable,2.496427739495477
observable,18.80321494879029
observable,-5.1634464871639585
observable,32.1995247623173
observable,11.52767727868409
observable,40.39138198045642
observable,18.54186076704614
observable,21.64533076627857
observable,-12.162144901986805
observable,-35.66181902583073
observable,17.113200316300148
observable,-6.322637608761461
observable,17.93176740456952
observable,-30.479102903231603
observable,-8.143336573455617
observable,-16.51276941064794
observable,-35.131177847284675
observable,-10.6863011911973
observable,3.83152204890409
observable,2.365600456674355
observable,18.60539289295655
observable,15.057231874952247
observable,2.855459665242832
observable,30.912653704392888
observable,-3.5285520196362663
observable,2.5168394106480863
observable,-30.32980811441297
observable,20.20277175775749
observable,-15.671852852443301
observable,20.542787827801632
observable,18.928528666277412
observable,12.768953652640036
observable,7.701423378610928
observable,15.658155385484562
observable,2.7500775029843827
observable,-8.647054982030545
observable,20.566294631240222
observable,-21.33986786324289
observable,11.960327332272724
observable,-12.604156291505342
observable,30.98802158503886
observable,19.062998483510984
observable,1.3343848718815554
observable,6.548431801411159
observable,-16.817801992249827
observable,15.945271922342762
observable,-12.443488374034395
observable,-22.342781295741197
observable,6.023412954783058
observable,35.08949756924933
observable,14.356067870916744
observable,20.881328523183207
observable,9.012509274923586
observable,-35.502952004227865
observable,20.17231230386458
observable,9.910660557237083
observable,-13.232980104272496
observable,7.538547514357319
observable,-12.722678613945659
observable,3.9109774225364324
observable,26.163133524878045
observable,-10.591753689110694
observable,6.004818781566579
observable,4.031680641277635
observable,-11.79391080649067
observable,6.568621653370688
observable,-12.089681149085452
observable,5.937207981466108
observable,22.026384743516214
observable,1.123955685563316
observable,16.940943248783736
observable,-6.516227291146226
observable,19.912169478225405
observable,-3.5285520196362663
observable,-1.847513621886887
observable,2.6649779848854527
observable,-30.553568714508806
observable,17.837486534781032
observable,16.411394966763957
observable,26.84732051880777
observable,6.352831108201129
observable,19.659775732907605
observable,-8.400191764003239
observable,11.368293662063355
observable,10.825057693533878
observable,-26.577529643072985
observable,2.9285983292516526
observable,18.003371799603094
observable,-2.0240601587409923
observable,-9.444582845663184
observable,25.21179375017253
observable,-14.963073209513421
observable,13.968710811291828
observable,-3.5285520196362663
observable,-11.979673647200617
observable,15.168613864334146
observable,-15.15488129784317
observable,5.973203190486265
observable,1.568699206996993
observable,37.858918215196155
observable,20.710479644667057
observable,4.947604375760206
observable,-9.668503043918786
observable,5.048558974702355
observable,-5.936482434317581
observable,-13.257600054400031
observable,-24.744768020638077
observable,-0.037885045564745035
observable,28.217248248620376
observable,-1.0675569084449776
observable,0.27835854933335735
observable,8.871581699466201
observable,5.208425180086628
observable,-6.455858041983653
observable,-2.203590544456535
observable,-21.78011422946441
observable,14.877278756667911
observable,-7.525543582311434
observable,29.492050815316027
observable,1.084272574222056
observable,-24.985306632947403
observable,15.48456541347969
observable,17.735499267802666
observable,-17.763260950381632
observable,-15.909031318479993
observable,0.26964081622613545
observable,28.217248248620376
observable,-11.145739875361505
observable,20.351899261982176
observable,-18.484585307476554
observable,28.217248248620376
observable,-12.913645833740773
observable,13.103796759946839
observable,14.679149582937834
observable,-22.96644272878079
observable,2.8655040970817724
observable,-0.9926194565872626
observable,-25.753186563486242
observable,9.221071017866578
observable,14.079476382768764
observable,25.11437822049055
observable,28.217248248620376
observable,8.456673903572565
observable,-14.437034151242168
observable,21.004709059010285
observable,19.706151768293935
observable,1.3313385868395367
observable,-22.860384305141
observable,10.877938095154827
observable,-13.264267190722133
observable,7.171459249453305
observable,11.660954238630072
observable,-8.534876847651173
observable,-10.681439298093276
observable,-18.470051334758598
observable,8.457013818726278
observable,6.630643941255343
observable,-28.083186904082723
observable,29.78673643875469
observable,11.960327332272724
observable,1.2367271785727496
observable,4.942730753753
observable,-12.604156291505342
observable,26.165521369518906
observable,8.062361730227273
observable,2.861112428156476
observable,5.210946799991811
observable,-4.569544162237005
observable,28.217248248620376
observable,-17.15051035620735
observable,22.59831770159424
observable,-3.794037109907067
observable,28.217248248620376
observable,0.35800687140268295
observable,-9.37055046223344
observable,-33.373391157119016
observable,1.4179311566431263
observable,-15.360959142887943
observable,35.03832371344784
observable,32.486356098831436
observable,28.893026833637325
observable,3.398871579488616
observable,-2.4821580665307375
observable,0.46685697979047536
observable,8.880744539579455
observable,-3.262320902250493
observable,-35.131177847284675
observable,25.21179375017253
observable,-22.136615003799896
observable,10.968192039787649
observable,-7.1674800200297595
observable,22.810141965811127
observable,-1.588604129627036
observable,-41.86324907334969
observable,7.236822603450732
observable,-6.72667203099172
observable,17.57049413072518
observable,15.245223682226616
observable,12.520046344586234
observable,-9.105498265481938
observable,11.609943029503778
observable,-6.218650264148784
observable,4.8954263472269055
observable,-28.945217758025677
observable,0.09651197170701398
observable,-2.707547310194447
observable,47.513781335496596
observable,38.56584874884448
observable,35.18748901429352
observable,-3.673350785432783
observable,-2.7504144383069473
observable,2.6714414198161895
observable,11.245309219380427
observable,10.00405556370394
observable,35.01113471807464
observable,15.414924406476604
observable,-12.243217213951018
observable,-3.5285520196362663
observable,-6.4504122405689035
observable,26.0158393792834
observable,3.1726746744951573
observable,7.7952163914014605
observable,17.88697632127643
observable,15.374243935543163
observable,-32.28130570786655
observable,19.18762997987593
observable,-5.9074952679536
observable,3.761169990303337
observable,19.6710274868777
observable,-3.9204873265942908
observable,-2.5501905734680363
observable,-13.264267190722133
observable,5.9648932844844404
observable,6.503787428839036
observable,-26.939088852150096
observable,28.217248248620376
observable,8.08846592191037
observable,0.4987494479414045
observable,-0.8905066601495815
observable,9.221983360312835
observable,-24.7307170578971
observable,-0.5328836028556827
observable,27.948047846119884
observable,11.134667326299287
observable,27.171082157948877
observable,-30.694039633994173
observable,-9.487182968493846
observable,7.100227966448691
observable,1.0364147551017444
observable,5.734840603716229
observable,-10.528734384439286
observable,-21.01188407653617
observable,8.523133761579516
observable,-13.305835107361219
observable,25.46470298982968
observable,-35.196356464546106
observable,15.408732438620397
observable,-38.606405075582586
observable,11.404364296846481
observable,29.50882016693459
observable,-1.4752012838774364
observable,-14.263382539570724
observable,-1.5242159121275467
observable,30.39679578346124
observable,-5.2249357699666765
observable,-3.5285520196362663
observable,-6.606962430804053
observable,24.23004973068499
observable,11.918348459612416
observable,-10.027428335894195
observable,28.481999590441042
observable,-13.354612461755044
observable,-10.100992320764313
observable,-35.131177847284675
observable,25.473351385839393
observable,15.105738932499623
observable,18.48729153858568
observable,2.4328349923848025
observable,10.051741652218226
observable,-7.8189587449676745
observable,25.515447847207405
observable,-2.186824087662287
observable,-28.45041190541897
observable,-22.192690303917107
observable,-3.6087121496812813
observable,40.771842033611264
observable,-5.10531517850864
observable,6.592445345649034
observable,-3.4252546503546033
observable,-7.224339722060591
observable,-7.2229130383533295
observable,-14.739348185519718
observable,0.266530249131014
observable,25.475714539668637
observable,-29.826443762828948
observable,19.915876658539243
observable,4.331043907974164
observable,2.668327599685716
observable,-3.4319689888371308
observable,13.64461455193473
observable,21.67697388167
observable,9.169897310588283
observable,-2.8120480439654205
observable,15.772890665993023
observable,-14.882198890467313
observable,-5.5530952928069315
observable,19.269266481165925
observable,0.6400999611103853
observable,4.861604998382285
observable,-5.0794060745946945
observable,19.294022420244584
observable,-5.715918220647065
observable,7.198381491206085
observable,-13.225196549913964
observable,-5.589263457128757
observable,-13.960794962197632
observable,-32.0914031726073
observable,4.981284586137457
observable,-1.3783447154528838
observable,19.072480581633755
observable,3.527318711752647
observable,-0.39487852137516377
observable,8.379144105590397
observable,-0.645000376407534
observable,6.416829282342595
observable,-3.5285520196362663
observable,2.50366410117413
observable,-3.5285520196362663
observable,4.228859212421265
observable,5.2523294938479514
observable,4.354654564687954
observable,11.304250969021346
observable,23.801736085275138
observable,-1.3354767302372172
observable,28.609187336254728
observable,6.245780022177594
observable,9.708209079720076
observable,14.250321976932213
observable,27.07061769326964
observable,27.679633070369512
observable,-0.3903684592585055
observable,26.292975172343734
observable,19.70634937064597
observable,14.2613450274518
observable,2.827050406908671
observable,2.14108848396245
observable,3.125470174535394
observable,8.190882055122838
observable,-35.196356464546106
observable,-10.721674558317352
observable,-3.6952384225559465
observable,21.622874865605613
observable,5.0519039459201664
observable,-15.909031318479993
observable,17.815989159563227
observable,15.213247936973417
observable,-7.478275598015271
observable,-12.186945996620956
observable,12.895121454316882
observable,28.506842723471102
observable,19.298435971069296
observable,4.407840982119371
observable,-8.147392274482911
observable,1.3608615908900723
observable,-15.85996582524647
observable,7.5250734027921595
observable,-11.111263574185259
observable,20.755814262749993
observable,-23.0531852222525
observable,27.223587033585673
observable,2.689799778616986
observable,16.852483447026877
observable,24.035496635713727
observable,4.729632340624512
observable,-22.386302447443406
observable,-1.1019628514186142
observable,-31.069547251046615
observable,7.78126561237289
observable,-20.416459160120905
observable,8.588507642119914
observable,-8.517562564511339
observable,-16.705735440213687
observable,10.503126888431291
observable,-3.6436397298619028
observable,13.613791686825083
observable,8.571146797533746
observable,26.70273234058658
observable,-13.264267190722133
observable,3.3720002256351744
observable,-1.4752012838774364
observable,14.934826888742325
observable,10.09779250911702
observable,17.91445477836421
observable,-15.88881893894688
observable,4.649681506602055
observable,17.193048932172328
observable,8.40831742327679
observable,-14.267635367800457
observable,7.051074578645666
observable,13.286459115971837
observable,-8.041668623090924
observable,0.15382199709139677
observable,-16.397352325041037
observable,5.7121343226409715
observable,-44.89836289362334
observable,-7.711107965882236
observable,-17.84626818607553
observable,30.04271175499088
observable,37.49783897371193
observable,-9.121487689791309
observable,17.875664886393515
observable,21.409507474324375
observable,4.291843915688709
observable,7.0566132525851755
observable,-13.264267190722133
observable,11.472842133514959
observable,-9.107145700419606
observable,-0.2597821520301302
observable,-13.264267190722133
observable,24.83111395823865
observable,-3.2824788848562436
observable,-3.5451147771518254
observable,0.7501093245184887
observable,24.9198471666353
observable,-35.196356464546106
observable,-1.5491536077880452
observable,11.36328211876043
observable,2.546656607932829
observable,-23.88986857466062
observable,-30.206907856916654
observable,17.926901463591772
observable,-11.619503923052243
observable,19.862824389270372
observable,3.088427266937477
observable,9.902179014049839
observable,-12.10679110523345
observable,18.08496733159839
observable,6.748249190666611
observable,-10.012296939645438
observable,-14.488538390562521
observable,-29.953736871623416
observable,-35.669162279941105
observable,-3.808461603394453
observable,7.706210340305852
observable,25.327726622486967
observable,-17.52240648805087
observable,-29.634158151934553
observable,13.203233132137516
observable,3.7891670064179817
observable,8.578072106733314
observable,-20.137797083505493
observable,-16.792795830984975
observable,1.5347743306185047
observable,13.833748595179518
observable,23.452856960843004
observable,-3.704306767633181
observable,19.009266745666785
observable,0.2723038319917048
observable,-38.16885249013083
observable,0.26253926676540473
observable,-14.414517690191332
observable,-3.5285520196362663
observable,-3.5285520196362663
observable,-28.447860015302563
observable,3.1726746744951573
observable,-24.139128405359433
observable,5.55791307474367
observable,28.217248248620376
observable,-6.528319176160801
observable,3.1726746744951573
observable,6.030777129713016
observable,12.869062993626091
observable,5.493176075496642
observable,28.217248248620376
observable,24.440700898985533
observable,-15.964241320395011
observable,15.235340356577609
observable,-13.091757841929452
observable,20.25267202326915
observable,4.6010985959493045
observable,6.766420505950599
observable,9.234377725520027
observable,-19.592291296788645
observable,23.914250229124878
observable,3.2851177966166656
observable,7.179979232193068
observable,-7.400046299720797
observable,26.003417733453638
observable,-16.85960584390963
observable,-10.261243390175
observable,25.070645348315225
observable,10.89056630487466
observable,23.71210221613216
observable,8.758312914869926
observable,-22.05243257856182
observable,9.374736685568319
observable,4.554290416572071
observable,-1.4752012838774364
observable,-1.2835706511940659
observable,0.7210336726484634
observable,-15.16025470380482
observable,-5.2968166667146654
observable,0.3259802173401827
observable,-31.128039822894916
observable,12.001450911833157
observable,-1.5065252921598549
observable,-18.15742318602924
observable,5.590985427074613
observable,-13.264267190722133
observable,20.155179633072763
observable,-15.640610891214768
observable,-7.670403843135709
observable,-53.27787113370378
observable,1.816047668481513
observable,11.025356474632675
observable,-8.51739575239272
observable,-3.3753512951071096
observable,-15.376287560180979
observable,-17.523610495818176
observable,7.942344790128697
observable,20.693772949828915
observable,16.962166523112643
observable,4.435159650608833
observable,23.570466074797203
observable,-6.049672634153103
observable,-36.12881855047948
observable,17.5550354397934
observable,3.298058646863211
observable,-24.58720112729662
observable,26.319032091638373
observable,-15.909031318479993
observable,11.861116794567073
observable,7.39560221632225
observable,21.289103493089033
observable,2.812680467985529
observable,27.476178444043686
observable,17.56337174234297
observable,-35.75061223766248
observable,18.484273509672345
observable,15.11557354217552
observable,-18.91198080867906
observable,1.518245622075276
observable,-12.735522517235264
observable,8.081293153232338
observable,18.27819269041495
observable,15.231185754405896
observable,2.2876175210461147
observable,5.5593112486231
observable,-2.180048517024158
observable,9.821018459253006
observable,4.315005484654533
observable,6.573743775042118
observable,-4.000541042030581
observable,-25.05987098562429
observable,1.9282519219685268
observable,6.169142132033123
observable,5.871858713484213
observable,32.23323044115456
observable,-5.938228413880841
observable,13.826723617016912
observable,5.488528569258855
observable,-13.86471765757451
observable,-16.544307778614098
observable,12.58827480107052
observable,-26.253260768882004
observable,8.490567020667806
observable,35.6297322153718
observable,-14.63498972076771
observable,3.0353159909487726
observable,12.842307489800708
observable,3.2217409150842924
observable,-1.4752012838774364
observable,14.22526874638612
observable,3.757535899094089
observable,29.78635187829548
observable,5.650489128005232
observable,-5.597573038319048
observable,10.8239995988065
observable,13.301604932236554
observable,6.1942981491724725
observable,18.933580359353208
observable,-18.239901532478775
observable,-3.1221493762432218
observable,20.424358380533025
observable,5.243706267210868
observable,-19.602670293854686
observable,28.217248248620376
observable,-2.2291564588097
observable,16.226929436430982
observable,-3.777772550413405
observable,-30.359402509236123
observable,-4.103730642232584
observable,-7.018624664751627
observable,10.990303837384241
observable,11.745749090689351
observable,29.50882016693459
observable,-12.218468205577327
observable,15.3647036220525
observable,3.3165763611175736
observable,2.6358325356106382
observable,28.217248248620376
observable,3.9925239092797327
observable,-35.131177847284675
observable,-2.501517561657174
observable,3.55148650615722
observable,-1.3843008472683715
observable,-1.9656839334475151
observable,0.9821978370045725
observable,-2.219273413717482
observable,-3.3490979310068836
observable,12.473265813707425
observable,0.6311130868534853
observable,27.533009448787848
observable,5.448986491916941
observable,-3.5665102265601267
observable,-8.581333160612893
observable,10.505964774524635
observable,27.470867794071786
observable,-11.440074086007934
observable,7.661500057110793
observable,2.119314667878691
observable,17.165239682865696
observable,1.4017219835911976
observable,-4.045332598980556
observable,-17.056739624580096
observable,-4.916360569446199
observable,-10.713934143441396
observable,0.92746749946786
observable,-13.455628388333773
observable,-3.0681591340214753
observable,9.341584335300478
observable,10.890503085225212
observable,2.8406217758019325
observable,-40.26051910177888
observable,7.728597117821345
observable,11.008134822061976
observable,3.1089659555218363
observable,6.604825659531954
observable,-0.2597821520301302
observable,5.9823468491385645
observable,-4.261780104864721
observable,2.5971952077434635
observable,-5.206321270748604
observable,5.576191173677847
observable,19.451674620699134
observable,-7.5856649498715285
observable,26.82741761000672
observable,13.184899987103837
observable,-19.149800268889006
observable,20.100563645588345
observable,4.278890082376985
observable,8.265007399096813
observable,-2.8186188336472795
observable,0.7435459257875587
observable,-35.37864210726257
observable,16.651657497805207
observable,3.7376779684471173
observable,13.046395445397652
observable,21.14190374405476
observable,3.8804791619750256
observable,26.179829869163875
observable,16.921301057336457
observable,-3.5575578598071367
observable,21.57961645148839
observable,14.530258428189002
observable,-35.131177847284675
observable,1.1682102958574303
observable,-9.257983539232084
observable,20.640141292037463
observable,3.81114322872238
observable,-40.77966740700529
observable,8.31126647311029
observable,-8.910022928242133
observable,-35.76716945463069
observable,3.967312349632457
observable,-7.706478444139475
observable,8.155037621912731
observable,-5.915361140312414
observable,-27.391257329616604
observable,12.367066627941758
observable,13.930207923717353
observable,-3.649128067242713
observable,-33.661022353128665
observable,13.156245451880121
observable,20.544790344971364
observable,13.443995120743057
observable,21.078502183000335
observable,28.217248248620376
observable,-6.3867617374062435
observable,-10.17867367091807
observable,27.96603601705343
observable,16.00670851877849
observable,11.089559259334614
observable,-6.843161270836906
observable,4.888159903177058
observable,19.83054486481899
observable,5.501477644018826
observable,28.217248248620376
observable,23.26556233887864
observable,-14.184791925391771
observable,4.212612622733847
observable,-5.700748539138944
observable,10.007457356221794
observable,11.571872932076221
observable,-38.096115791709614
observable,2.216812468756635
observable,-2.481546138548185
observable,-2.959135963213022
observable,16.384352993461814
observable,0.5744698847775731
observable,-3.237246882385647
observable,17.600914528805234
observable,28.217248248620376
observable,29.50882016693459
observable,6.048224162832461
observable,28.217248248620376
observable,-5.666370747196082
observable,5.172453301604962
observable,-0.9647385274155651
observable,-24.939441379374717
observable,-5.939887077992734
observable,11.140010626915142
observable,-41.28223756983584
observable,-21.276200315556004
observable,-23.448070680700837
observable,14.009788050946437
observable,1.8271448426881776
observable,28.217248248620376
observable,-9.732500944704137
observable,37.15561562941044
observable,-1.163742906701004
observable,-13.264267190722133
observable,-4.680301274650212
observable,8.07565452781558
observable,29.50882016693459
observable,-12.012198626007764
observable,5.094900436203176
observable,-12.364642188474406
observable,24.858200234818227
observable,-15.096711840854859
observable,20.108530096182363
observable,-33.5182423689522
observable,-1.2180792520027683
observable,11.856595984385542
observable,-14.706937891222205
observable,-9.948735655994811
observable,-1.840216981961662
observable,-8.976125333282713
observable,28.217248248620376
observable,15.529493124070125
observable,29.2583623010912
observable,2.1585531534956015
observable,1.9917722064700993
observable,-18.683898399960686
observable,69.21040784264983
observable,-0.29252929894619806
observable,0.6649377135617751
observable,2.205125384847628
observable,14.718419766498481
observable,3.143936950460202
observable,18.291061057590575
observable,-9.482685674202006
observable,6.047979639806478
observable,7.378118636307107
observable,24.64391698971049
observable,28.217248248620376
observable,-6.983080385647944
observable,-17.74157317475452
observable,-26.542533013164295
observable,8.418374253759309
observable,-6.09493147266329
observable,5.392688626225128
observable,14.827167545293985
observable,-7.135344243246555
observable,17.910826193062835
observable,16.061943306652047
observable,22.80440692107114
observable,26.052656264113104
observable,22.205521581840348
observable,19.753373890878745
observable,-30.326344711145893
observable,1.7428699816073978
observable,3.1726746744951573
observable,3.9659103164895404
observable,47.840877958735085
observable,22.42207361005284
observable,18.370144986706904
observable,25.21179375017253
observable,32.46364568089479
observable,-34.02671899931878
observable,30.315714022934937
observable,7.853568786594423
observable,5.365118281233716
observable,-1.207540130367768
observable,-6.728929829275976
observable,-8.72185316153593
observable,-9.827885885439114
observable,25.63468603866785
observable,-3.493660496627471
observable,9.423886609683386
observable,-7.238529059376287
observable,3.768848860664331
observable,-25.69974435871034
observable,19.65946675335104
observable,-8.345532995820648
observable,15.636717152511338
observable,-11.802316521322599
observable,15.235444586164704
observable,29.4949957117433
observable,19.706151768293935
observable,-12.136279494547752
observable,-15.929653817032364
observable,-35.131177847284675
observable,-20.975764882634394
observable,-6.586730566207821
observable,-35.131177847284675
observable,3.0046579684772756
observable,35.70389173206987
observable,-1.209839588652084
observable,-30.50078419354173
observable,5.368622158886871
observable,-10.543390915526206
observable,7.515978764941833
observable,17.090813570116392
observable,-27.76001880654665
observable,23.352549943629587
observable,34.155247949605894
observable,34.44047620038293
observable,-21.5820981227247
observable,10.329321822758853
observable,-17.415456241392302
observable,12.922212543152156
observable,24.448080896670955
observable,-14.465640277786529
observable,8.490567020667806
observable,1.1990202473594502
observable,-18.821038120004076
observable,-35.131177847284675
observable,-22.46067224604984
observable,-51.081616062038314
observable,3.856882127799799
observable,7.827456751334472
observable,17.39089436750867
observable,15.16350515306566
observable,18.878996727615394
observable,-3.0602027830922918
observable,25.200422153464032
observable,12.17352587240127
observable,24.19776370071527
observable,2.396922659262657
observable,-15.909031318479993
observable,15.150674851147805
observable,29.068430978340864
observable,-8.168543233738779
observable,12.388518304350704
observable,-10.27777359419284
observable,23.707965516450603
observable,-39.81491517301021
observable,-35.131177847284675
observable,-31.795488905971403
observable,28.406510714695244
observable,8.20770727096849
observable,6.453973950449332
observable,-35.131177847284675
observable,27.35033303986336
observable,5.080472147355053
observable,28.217248248620376
observable,-10.201704052898087
observable,8.884647896397624
observable,-8.249244934638822
observable,2.696980575699781
observable,12.788115077917572
observable,-29.924597062407187
observable,-3.4350736836895823
observable,13.815236803259602
observable,8.689113236896295
observable,1.1961038577039007
observable,-0.008207638287349717
observable,-2.542952339645943
observable,-12.731146165396968
observable,17.6012181960894
observable,12.768953652640036
observable,29.50437326975317
observable,17.74925594379564
observable,22.71511357321927
observable,-1.4752012838774364
observable,-12.989334876555292
observable,-8.873179235474982
observable,15.60525258530352
observable,-4.61104085220343
observable,-21.068901479008773
observable,16.790991773422338
observable,-15.430674099016183
observable,23.180512602417004
observable,-3.8153069718866006
observable,0.7885290244789234
observable,-3.917503658621113
observable,16.270299971429548
observable,5.63365613391027
observable,-2.316335282190596
observable,15.673598959551228
observable,15.77004787630778
observable,8.961356137805954
observable,13.166794878875066
observable,6.1372061194972405
observable,-19.046774438334946
observable,14.20016658142751
observable,10.231011559951064
observable,0.4309371849665622
observable,-16.477915046237023
observable,-26.328096893154218
observable,20.857596816799617
observable,-3.451956343712048
observable,5.539931816822974
observable,5.157586115222723
observable,-12.913645833740773
observable,13.519079971210912
observable,28.217248248620376
observable,16.53435722708496
observable,-12.604156291505342
observable,-2.542751149144773
observable,19.074577108095436
observable,-0.3094218065381016
observable,28.217248248620376
observable,0.15069519627701755
observable,7.422076863890936
observable,27.32725566850174
observable,-25.050541372822575
observable,9.999297735120383
observable,4.733851786384569
observable,5.951899111373016
observable,-15.504655647934706
observable,8.315555890967484
observable,-7.879699568492693
observable,12.700658130303566
observable,-1.4752012838774364
observable,13.344899519186493
observable,1.822316462237894
observable,-3.5285520196362663
observable,2.2345517917214064
observable,-18.650343268505765
observable,-21.893605158306904
observable,-1.9093663318422216
observable,7.706014367849057
observable,2.8602151428040345
observable,-35.196356464546106
observable,2.9828724870365475
observable,-35.131177847284675
observable,11.784451411249542
observable,0.2723038319917048
observable,28.217248248620376
observable,-1.3949760525069022
observable,11.981715164047845
observable,-9.905736169597358
observable,44.955553676742795
observable,1.094277005805111
observable,-32.16651665985364
observable,-3.4153357096926795
observable,13.123677032734648
observable,5.408208571554751
observable,10.265333841419523
observable,-28.93739033498981
observable,22.589289870755547
observable,37.515502609728514
observable,29.149263515930237
observable,21.303756458827515
observable,10.228478916204441
observable,5.61077762468094
observable,-16.423211017546734
observable,-2.8237940825966423
observable,13.815409584854631
observable,-25.27828300809801
observable,-2.4897146617002264
observable,-1.5379845530269165
observable,10.544170758420623
observable,16.918987863797042
observable,-6.345755877948389
observable,0.8942429665604545
observable,3.0353159909487726
observable,29.531858226408936
observable,14.806665098176254
observable,18.471483555276503
observable,-13.772735331550379
observable,10.597990334521622
observable,4.704562593580497
observable,7.427890071223153
observable,24.887288056223845
observable,-0.2597821520301302
observable,4.203128226088992
observable,8.557183958553194
observable,12.517794694952556
observable,17.947144571432005
observable,-35.196356464546106
observable,-0.6612395189939502
observable,0.3948535053409641
observable,7.937312421140874
observable,-35.85813505146077
observable,-4.911461369913517
observable,17.709932482444792
observable,-11.780492132213194
observable,-22.405092841627162
observable,-4.714431086884385
observable,-3.5285520196362663
observable,21.925408231723164
observable,-10.543463797671727
observable,23.38419467154733
observable,-2.9677816465058515
observable,-16.264486026317837
observable,28.217248248620376
observable,26.2170854000199
observable,16.730474434165487
observable,13.887575156646026
observable,12.714633749294313
observable,-7.044355478218256
observable,-12.232761768026744
observable,-12.604156291505342
observable,6.8490756184198975
observable,4.398731663353228
observable,16.707187372096534
observable,9.395048884078449
observable,15.94044967908662
observable,-13.801667435310927
observable,-10.168896827051821
observable,18.049386043966976
observable,3.4313370743942695
observable,-1.2804579552403883
observable,3.3185683616510087
observable,16.53435722708496
observable,18.73791222096306
observable,-23.253356058514484
observable,3.619348008009049
observable,1.842310412166892
observable,0.45405147811588
observable,12.957175477986539
observable,-12.604156291505342
observable,4.351102837253529
observable,3.712827597739765
observable,7.367473851469075
observable,7.409559663584675
observable,-8.537059691897063
observable,-35.25525606378444
observable,41.8235129201068
observable,15.519411124177173
observable,4.461441199144822
observable,4.501930766457551
observable,28.217248248620376
observable,-35.131177847284675
observable,9.40049157512648
observable,28.217248248620376
observable,-5.913282698090116
observable,6.60614078274695
observable,23.108317939297564
observable,-0.6057281828210637
observable,1.478390311695943
observable,7.05731518308964
observable,11.960327332272724
observable,-31.5189749070368
observable,-35.131177847284675
observable,37.87313519410651
observable,6.521547703119923
observable,-24.880862200211197
observable,6.7491910673662
observable,21.656523027711284
observable,-16.678872924067413
observable,18.171786126496748
observable,-35.131177847284675
observable,-4.942227266189514
observable,-5.475321642905451
observable,6.697454956054649
observable,2.1392717634395098
observable,2.357956543031703
observable,-18.806269093830164
observable,11.960327332272724
observable,8.110266089958017
observable,-16.241617471764137
observable,-8.841511827310256
observable,5.831584549186886
observable,9.290879538972519
observable,27.07061769326964
observable,-28.95445972965094
observable,12.38285930242945
observable,-15.671438212847267
observable,32.41447164606126
observable,-14.819392600413684
observable,25.894794181818902
observable,-14.537208043008976
observable,14.422760612325636
observable,47.2682522524051
observable,15.313312197746454
observable,-15.695366132128541
observable,-2.2845253268424237
observable,-5.235560980457277
observable,-24.19861158956418
observable,-13.367500297723446
observable,-5.577184166795801
observable,29.50882016693459
observable,-0.2346226626560921
observable,-14.339298610238437
observable,-29.74366132266826
observable,-12.913645833740773
observable,12.827063697697838
observable,9.60906553269092
observable,28.217248248620376
observable,9.131125045575095
observable,-12.04428651628151
observable,6.416455813570576
observable,3.1197474015544735
observable,-8.46830824285314
observable,20.65004790015823
observable,17.35015522306398
observable,-35.131177847284675
observable,19.329006915055412
observable,18.131433653426754
observable,12.647721874249518
observable,-1.4752012838774364
observable,20.589762630323925
observable,-12.845501072831611
observable,8.730121213626507
observable,-2.0240601587409923
observable,-4.698165432146306
observable,-6.6735178070614465
observable,19.538193352123766
observable,28.290762303136606
observable,21.142336874933786
observable,-15.361037504088227
observable,-2.3021067096201
observable,28.217248248620376
observable,-13.264267190722133
observable,30.50614107930254
observable,-2.108581452092473
observable,-21.522745968938494
observable,60.373981473296666
observable,-11.664352988220084
observable,-11.391450692094685
observable,-5.253567906449364
observable,6.05623055855995
observable,-3.5285520196362663
observable,28.217248248620376
observable,0.5849329168366557
observable,3.1726746744951573
observable,28.217248248620376
observable,-5.684021669532491
observable,3.1726746744951573
observable,5.937170110005674
observable,14.529680257743161
observable,13.73656248374413
observable,-14.142572356773453
observable,2.2052027900409277
observable,-35.03286957412757
observable,-18.403176167279824
observable,-3.5285520196362663
observable,10.76490288611247
observable,-2.7881679297553585
observable,-0.9339506113483997
observable,17.235173497834765
observable,-3.5285520196362663
observable,-13.264267190722133
observable,-33.43937249236936
observable,23.454023925166865
observable,-22.007913925365063
observable,3.8955356885909342
observable,5.1442504361562165
observable,-2.9756596729627383
observable,-21.59145042726356
observable,-25.22599158012322
observable,0.7671778765173665
observable,24.07489876380968
observable,-12.163695380601535
observable,-7.3952419743461455
observable,13.253699264151653
observable,-6.066830770979181
observable,-13.264267190722133
observable,20.895518466354844
observable,6.955893824897474
observable,-14.02595097512178
observable,28.217248248620376
observable,-39.672839758851616
observable,28.217248248620376
observable,14.083391542216594
observable,-1.1019628514186142
observable,-22.201041369553643
observable,17.5077794193081
observable,-4.764048129711906
observable,32.61205772453516
observable,-3.5285520196362663
observable,32.23323044115456
observable,23.15260627599065
observable,3.0577596350602088
observable,25.866200194751364
observable,1.4810071444781414
observable,5.461512833119242
observable,19.341721389467793
observable,-6.8150063480413525
observable,-15.216474186648243
observable,-6.136907954320348
observable,-15.661975828987472
observable,16.80194717133807
observable,32.11305870943387
observable,2.6347698435866818
observable,-12.182024778213163
observable,1.616525059793572
observable,14.649356485398846
observable,-12.913645833740773
observable,-6.058222086074294
observable,-35.131177847284675
observable,-4.3561761547947775
observable,-3.5285520196362663
observable,-14.447959192803406
observable,16.71283220278972
observable,-15.717665482874132
observable,-20.70061168490588
observable,3.42598436633772
observable,22.226191538177844
observable,-12.913645833740773
observable,6.28688966607569
observable,-23.728625232590105
observable,-26.749183671294606
observable,4.322524996140564
observable,-24.932655134856528
observable,-8.23862013372545
observable,24.07058322874056
observable,-9.024739642964352
observable,23.482570012692417
observable,-26.22951982423193
observable,2.45286192727896
observable,2.5758450568569957
observable,-35.131177847284675
observable,-19.691088226872676
observable,-19.59027691455768
observable,12.80302349475213
observable,-31.053524287693325
observable,3.3518541513998024
observable,-13.57836547096044
observable,-5.811851890619946
observable,9.618463359366913
observable,-5.27892904891023
observable,34.01258018251849
observable,7.551948164276123
observable,-0.4273042101091473
observable,10.282796313127207
observable,-20.640526522233227
observable,22.916633923032094
observable,-24.30925372902046
observable,1.321828352488974
observable,-18.97998835079957
observable,10.378103071117572
observable,15.578693538854038
observable,-13.264267190722133
observable,-5.437447304636911
observable,29.50882016693459
observable,15.639892017214386
observable,26.31951919471973
observable,-13.803729551118293
observable,-35.349205377821434
observable,25.030318942184238
observable,-1.8413741607593792
observable,33.063864105315375
observable,5.88353638887722
observable,29.50882016693459
observable,-10.12753024076618
observable,12.515400909492191
observable,13.552529224399645
observable,-26.82267772151442
observable,5.7814660048926765
observable,-21.538420211260558
observable,37.698265012590596
observable,14.115999378055477
observable,15.34003390171198
observable,28.217248248620376
observable,3.1726746744951573
observable,-2.1894433766640464
observable,0.7347461669313216
observable,-26.610984624267118
observable,-35.131177847284675
observable,26.873946060617193
observable,30.728454770681736
observable,15.489717055436891
observable,-0.8477574507387731
observable,-32.53699657246959
observable,-24.309301024163265
observable,34.70199547676953
observable,20.452421485043182
observable,21.89583559377388
observable,11.05035586749975
observable,-9.36359029002537
observable,-6.449478712089219
observable,-0.39496427197953654
observable,1.514421017266554
observable,26.839007887090105
observable,-29.879078033556283
observable,24.034802013877222
observable,21.27784300344253
observable,-29.157968464335294
observable,20.023596025789747
observable,0.31253880953401314
observable,0.20089705668533409
observable,-29.73074584564942
observable,24.17149745363245
observable,27.07061769326964
observable,15.901473489838624
observable,-5.628807717651019
observable,15.401190147801191
observable,5.746685059949064
observable,4.91623703933588
observable,10.114062198718287
observable,13.58306285418811
observable,30.062836519835855
observable,17.68742147844
observable,16.14405353733336
observable,12.519045258730044
observable,-23.75578885248165
observable,9.425801807655931
observable,0.6636104930082931
observable,-36.625605801344484
observable,-19.813080598093215
observable,-28.188825822144793
observable,1.713869436657478
observable,31.754001693754795
observable,-12.296303483861026
observable,-6.419849254340826
observable,20.03658764253994
observable,0.7645929219454617
observable,29.43805919360736
observable,14.61491116793583
observable,-13.655425301838397
observable,3.430234036662916
observable,-30.638217502206633
observable,-14.238158927653622
observable,23.391254762901347
observable,18.30393209388267
observable,-18.550807131982904
observable,-30.293915582759766
observable,-8.035512172656134
observable,14.517576274143806
observable,14.734415747435502
observable,4.664251991126767
observable,2.286822859001103
observable,4.576971252782691
observable,30.29789619231551
observable,-1.6735294564860226
observable,5.584587187055545
observable,19.153123894544287
observable,-10.770464380290212
observable,11.598614361443914
observable,2.834523734795047
observable,-23.170337982025003
observable,4.447350788680504
observable,-25.063740050458318
observable,29.50882016693459
observable,6.76062293421249
observable,22.282859689956226
observable,51.30181614057303
observable,9.050231239479455
observable,17.953692389436824
observable,-0.9406596315385318
observable,-14.992131517033236
observable,9.088623294676456
observable,-6.581341399474427
observable,25.63499839986324
observable,27.90625774884826
observable,22.02812756522363
observable,-0.3082738451078759
observable,-17.873032351457997
observable,15.321243878367753
observable,-26.352744403113505
observable,3.1726746744951573
observable,2.347423470841381
observable,7.46543565405724
observable,32.7673567780659
observable,3.297022631264346
observable,40.63377816073768
observable,-13.589343873476544
observable,9.536457923069763
observable,-0.9958068124144459
observable,-7.359144668023843
observable,-8.249373745505173
observable,28.217248248620376
observable,-3.5285520196362663
observable,15.410547175110366
observable,12.071869606616348
observable,5.764627055868421
observable,7.000555085842364
observable,6.822676314010101
observable,12.75424686801989
observable,-5.128492564504694
observable,15.119683918266237
observable,-14.43709964034584
observable,4.751503186502837
observable,13.049123258604212
observable,10.384515801885597
observable,22.8683237150876
observable,-2.083068348727579
observable,-35.131177847284675
observable,7.914545541884244
observable,-1.5850471928532395
observable,-20.27612787485008
observable,22.135852484381925
observable,9.840122986714128
observable,-22.54990113945515
observable,0.17424214376364766
observable,9.206943811609914
observable,46.500898032602024
observable,0.9989255893980031
observable,0.40920485172424303
observable,-4.824132371004197
observable,-12.44428253285539
