observable_dcagr,observable_dvol,observable_dsharpe,observable_ddd,observable_timing_dcagr,observable_timing_dsharpe,observable_timing_ddd,observable_pct_en_e,piso_dcagr,piso_dvol,piso_dsharpe,piso_ddd,piso_timing_dcagr,piso_timing_dsharpe,piso_timing_ddd,piso_pct_en_e
-1.483855779536003,-0.4753292024967539,-0.11743360105058365,-10.163245357079788,-0.6516250234948506,-0.12396494158443472,-13.3628779111332,16.600159616919395,-2.464673147058316,-0.5315389914659328,-0.21092423254485732,-11.37929275780477,-1.6324423910171637,-0.2174555730787084,-14.578925311858182,16.600159616919395
0.20181729072690224,-0.6803440790977486,0.04529557660935013,-0.11052051247979477,0.5617625024402884,0.0008914328787879011,-7.771556301836121,16.600159616919395,-2.655636601094047,-0.9626939621261421,-0.2057924787569611,-0.08243887707133979,-2.2956913893806608,-0.25019662248752333,-7.743474666427666,16.600159616919395
-0.7453208992233673,-1.3263321308501492,-0.03314363614560051,-1.9249398585632065,-0.8540892386374788,-0.10399337424324168,-10.555908859778626,20.75019952114924,-3.078907526201524,-1.2584959798472788,-0.22337957105896153,-8.964685250263045,-3.1876758656156357,-0.2942293091566027,-17.595654251478464,20.75019952114924
0.39547189801090177,-0.2697919204034651,0.04559619458609854,2.6238359297957246,0.5600106209910694,0.018949090243745026,-1.8195291911926503,8.300079808459698,-1.9269016901705793,-0.378207886642544,-0.14803552740757409,-4.7164632097700405,-1.7623629671904117,-0.1746826317499276,-9.159828330758415,8.300079808459698
-0.7945437504792263,-0.43902490753645296,-0.0365445059372157,0.22833880845567478,0.13073486863912542,-0.054848722023951746,-2.976378677108748,12.450119712689546,-2.1934546097271967,-0.4787581911817025,-0.16678832553999223,-1.6767880286975192,-1.268175990608845,-0.18509254162672828,-4.881505514261942,12.450119712689546
-0.4347383208724409,-0.566326243418283,-0.004502006865234165,11.480409975411021,0.2250320679357154,-0.018501090466401138,7.620750053432502,12.450119712689546,-1.1542781429948468,-0.14179463026381178,-0.1016056991499874,1.0658141036401503e-14,-0.7160623831087731,-0.11097897338230622,-2.558513643908988,8.300079808459698
-1.1433764344298325,-2.022537000641286,-0.06355915889254898,18.444797623090558,-1.4158516374386032,-0.1531702047158408,11.389580460202552,20.75019952114924,-3.9081123483682867,-1.5592297732209115,-0.3398807216846654,-0.11101179572440145,-4.180587551377057,-0.4294917675079572,-7.1662289586124075,20.75019952114924
-0.3249382689407332,-1.121280573032081,0.008327652377019767,2.1316282072803006e-14,-0.23005952911614447,-0.03205523223837098,-4.1481298622378375,12.450119712689546,-1.791998230898284,-0.9889601073297847,-0.12126512488150809,2.1316282072803006e-14,-1.6971194910736953,-0.16164800949689884,-4.1481298622378375,12.450119712689546
0.5325329346070884,-1.1864379219115904,0.10300871686156465,17.19654942871492,1.1280937239994682,0.06611575711502349,10.829682761759738,16.600159616919395,-2.0036043806874737,-0.5785695835916602,-0.14338277152102163,-8.167762600653028,-1.408043591295094,-0.1802757312675628,-14.53462926760821,16.600159616919395
-0.19870994912292161,-1.4144507358099805,0.08198638162468408,22.639318031681654,0.17275626817940815,0.05927932371160871,19.90120731127152,8.300079808459698,-1.9516616902684802,-0.6853705010832769,-0.1323884843883829,-0.11101179572440145,-1.5801954729661505,-0.15509554230145828,-2.8491225161345355,8.300079808459698
-1.2021735423745072,-0.8151124896458288,-0.0577615705886011,-0.5023159572024376,-0.4799066691331566,-0.06896232899584276,-3.1192860585415723,12.450119712689546,-1.2021735423745072,-0.8151124896458288,-0.0577615705886011,-0.5023159572024376,-0.4799066691331566,-0.06896232899584276,-3.1192860585415723,12.450119712689546
2.5536574126574507,-1.9086054004730304,0.2957728313354946,26.886313283918305,2.4915692566707337,0.26200825651259024,21.91994830193888,12.450119712689546,-0.9003258944760839,-0.3262460826157554,-0.07233723829672897,-2.215322683345107,-0.9442785144358146,-0.09396017108395496,-5.481499162455513,8.300079808459698
1.538790363646969,-0.9909339103064028,0.18120843749494397,9.438584656751008,1.7562989005516672,0.15630244538366456,6.920549665759555,8.300079808459698,-0.22625119611587863,-1.4832654717067673,0.05491486945481272,10.736436586372967,0.10420838438802704,0.01644212221509833,6.928816059196116,12.450119712689546
2.1314452545078346,-1.8569462797788159,0.2815188848150234,27.563104417602272,2.2059827441326387,0.2684584070927779,26.086496292808004,4.150039904229849,-0.4739563942125047,-0.2936709154114059,-0.025728353583948427,-0.3083668584728585,-0.3994189045877006,-0.03878883130619393,-1.7849749832671264,4.150039904229849
-0.3575206938080555,-1.7215029405603364,0.03726664492097498,14.756780310009464,-0.01117467871236677,-0.010240718262233384,8.87930981140703,16.600159616919395,-3.6974807234833262,-0.9259596146970939,-0.2759450395264729,-16.087583839731927,-3.3511347083876375,-0.3234524027096813,-21.96505433833436,16.600159616919395
-0.2306917686201615,-1.0494803366349998,0.02781187473008717,-2.685255585639233,0.12907889257149918,0.018808911547441576,-5.958710983667245,8.300079808459698,-1.137667028601319,-0.7009356189294937,-0.06774136228114469,-1.1290571038779262,-0.7778963674096584,-0.07674432546379029,-4.402512501905939,8.300079808459698
0.9481393153072615,-0.9151065814574544,0.10904358234889094,15.518390435335963,0.841498919321837,0.05659262961222733,9.001101934089899,16.600159616919395,-0.8021616854627212,-0.4699632138609289,-0.06387777430592972,1.4210854715202004e-14,-0.8860332258096015,-0.10172019762218798,-4.85520714423042,12.450119712689546
2.1278119484767988,-2.4815253541687845,0.24672928432642965,13.248420016844406,1.782939862839572,0.16605577409154915,6.19320285395645,20.75019952114924,-3.494389305078993,-1.277808827780392,-0.2777773173618137,-11.384798506577134,-3.83926139071622,-0.3584508275966942,-18.44001566946509,20.75019952114924
1.0439382393537144,-1.2096474796161143,0.13492649721757088,14.736068785494247,1.063283467611753,0.1259158325209518,13.33694028362931,4.150039904229849,-0.496308994738337,-0.09627999988412306,-0.04199704193352127,0.0,-0.47696376648029837,-0.05100770663014037,-1.3991285018649364,4.150039904229849
0.8934641878622029,-0.7813659558100792,0.09003422665776945,1.7846409747937386,0.860312957724374,0.06481297438160283,-3.9463158631508364,12.450119712689546,-2.186178635704028,-0.528793514544363,-0.18418675563219095,-6.190654222976946,-2.21104727734176,-0.20033695017383968,-9.982042083733155,8.300079808459698
-1.231702954639169,-0.385377524337688,-0.10570334390372249,-0.31388674316025345,-0.656835299289682,-0.1268712064678622,-3.4919409579603595,12.450119712689546,-1.057483020524752,-0.2517824458390088,-0.09554247909446889,-1.505487868656541,-0.6755113280742409,-0.10943878430713327,-3.611381898820696,8.300079808459698
2.2134750054269015,-1.2146932108071447,0.2895274262497054,22.412543849731755,2.5030194915538484,0.23985264923372906,18.1056127270489,12.450119712689546,-3.3259295331412364,-0.5643447811048805,-0.2801613058068546,-2.6935674996678642,-3.0363850470142895,-0.32983608282283094,-7.000498622350719,12.450119712689546
-2.395681952769557,-1.4457509974414027,-0.15785815379995616,11.966335975861089,-2.1507610204793304,-0.24826037732542283,4.91111881297309,20.75019952114924,-4.101681514221611,-0.8176206083701381,-0.3326835363327753,-0.11101179572440145,-3.8567605819313844,-0.423085759858242,-7.1662289586124,20.75019952114924
-2.414388877971607,-1.341766103002465,-0.14281371321089853,3.69123921008282,-1.8526849714127547,-0.21925605779659563,-2.7579797254915412,20.75019952114924,-3.7470516502187357,-1.3871387033701197,-0.2584211404708386,-2.408531023014426,-3.185347743659883,-0.3348634850565357,-8.857749958588787,20.75019952114924
-1.3190907343302527,-1.9588599378757596,0.06946038543526778,22.639318031681686,-0.3725092175743008,0.07050445187716337,19.901207311271566,8.300079808459698,-1.4997289189880192,-0.5594040811398937,-0.07665148324132576,7.105427357601002e-15,-1.02686264788656,-0.0763500699451155,-1.3553705295288694,4.150039904229849
0.3615909626465297,-0.5532740296331689,0.014753841017038472,3.538338766728643,-0.1703501480849523,-0.0024727495026369006,-1.1308511098709033,8.300079808459698,-0.4929205368763072,-0.16256959964060513,-0.04790218787270997,1.4210854715202004e-14,-0.759944236351318,-0.056121667144861664,-2.250470317343215,4.150039904229849
-2.0779647078712067,-0.6058875813247493,-0.14226352588900393,-6.343567704058117,-1.1928329614280493,-0.22590798559541492,-9.500087264289846,16.600159616919395,-2.470021179829841,-0.5046632674253626,-0.1904856778564511,-6.886111403568229,-1.5848894333866834,-0.2741301375628621,-10.042630963799958,16.600159616919395
-0.8768202670876182,-0.7995762240857935,-0.008281556101416898,-0.5109106810053845,0.10029283452830384,-0.02735390494860268,-2.903138971548369,12.450119712689546,-0.990099821098612,-0.39443706446326665,-0.05530879110844822,-0.5109106810053845,-0.3399211226781773,-0.06794065179890452,-2.1007396146414337,8.300079808459698
-0.03263396795587514,-0.5098105855803947,0.0033963071331973294,2.3131275746596955,-0.007127940565165858,-0.007179080443497521,-2.405150303949732,8.300079808459698,-0.9065505771554072,-0.17136255231817188,-0.06632680707816835,2.842170943040401e-14,-0.8955058542981176,-0.07143030882385881,-2.3581471763420367,4.150039904229849
-0.7358198690855522,-0.3732459914825057,-0.05537824756735882,1.0282483641709916,-0.6193900635736549,-0.0692231022805449,-3.0078244530352407,12.450119712689546,-2.079679107168575,-0.5136807697338863,-0.16867467493946778,-3.4048038187596816,-1.9632493016566777,-0.18251952965265386,-7.440876635965914,12.450119712689546
-0.498801992484621,-0.1901451247653707,-0.028405753624697327,-0.09223093731955956,0.1811161784673434,-0.03366294827150773,-2.659765915827574,8.300079808459698,-2.3192286345287805,-0.2723626602393594,-0.18294112472376955,-1.4646349653985027,-1.639310463576816,-0.18819831937057996,-4.032169943906517,8.300079808459698
2.32284674176646,-2.12151100915332,0.27827588870477865,21.695258560067384,2.2665243265493906,0.2394784864393396,17.219063680534394,12.450119712689546,-2.4535990174148425,-0.9147421808205927,-0.19459328065070564,-6.026868058610141,-2.509921432631912,-0.23339068291614468,-10.503062938143131,12.450119712689546
-0.6976378146255291,-0.8391231239726018,-0.032551759042378225,-7.626598973935071,-0.2431114929256406,-0.04333141139057667,-11.439623497038674,12.450119712689546,-0.8740077245419586,-0.28874314515728017,-0.0686659702589712,-2.0891190925716323,-0.5734275563284097,-0.07587714879811885,-4.615475357203678,8.300079808459698
-0.14314936288832847,-1.4143521668916499,0.03941336719722899,4.166288076249302,0.2042405532841851,0.015106936779470503,-0.9310691612031619,12.450119712689546,-1.685352626071035,-0.7346346152718404,-0.10880129552131662,-0.574638881896739,-1.3379627098985214,-0.1331077259390751,-5.671996119349203,12.450119712689546
0.18892301073960382,-0.5333480128081387,0.05270947324297259,-0.5109106810053703,0.8684996836592287,0.030313014623118972,-2.903138971548323,12.450119712689546,-0.6643098815327217,-0.232129869968988,-0.043865453753391126,0.0,-0.21335381967877431,-0.058658207667222295,-1.5898289336360172,8.300079808459698
-0.27349423089944036,-1.587084624990064,0.02908920063533532,14.078721490755662,0.0958041033013668,0.0015202465320742764,9.18744915830387,16.600159616919395,-3.4177265512841615,-0.6639574575242211,-0.2901208461278331,-1.3150181329167054,-3.0484282170833543,-0.31768980023109417,-6.206290465368497,16.600159616919395
-0.9002684140410935,-0.32362392340931123,-0.05274832357260473,-0.4708361919273685,-0.011541951805993378,-0.07824778920387288,-3.5872655097882955,12.450119712689546,-2.5654588856900853,-0.2686028810720327,-0.20133110835560697,-2.495267897277518,-1.6767324234549852,-0.22683057398687512,-5.611697215138445,12.450119712689546
0.04768444502440872,-0.38134112523415986,0.03411409889225514,5.518811798159753,0.5726783894642651,0.011756754289218962,3.0904431853334593,8.300079808459698,-0.9775549831516201,-0.3177440327101131,-0.057784906227374866,-4.987981224950623,-0.4525610387117638,-0.08014225083041104,-7.416349837776917,8.300079808459698
-0.5491287425470901,-0.6387060442889751,-0.00674447312400861,3.221970711677148,-0.0328719797703112,-0.04697001854680227,-0.056232755329773454,12.450119712689546,-1.372759188711914,-0.520130270848087,-0.0858461794032408,-9.101583671635336,-0.856502425935135,-0.12607172482603446,-12.379787138642257,12.450119712689546
-2.119850164873016,-0.7627703422533543,-0.1693962560548094,-0.4774673649964889,-1.9800771367190162,-0.20551402201609875,-3.2673196171897594,12.450119712689546,-2.8373696831786255,-0.8518330663087337,-0.23610876642020717,-0.8117932272805994,-2.6975966550246255,-0.2722265323814965,-3.60164547947387,12.450119712689546
-0.3077765404071453,-1.4649778736324706,0.008292694406597578,0.5943943837505685,-0.23817030057065036,-0.03235768146515816,-4.292630763690816,16.600159616919395,-3.4588695061429364,-0.938559412155298,-0.25945458719948666,-10.595718211314527,-3.3892632663064415,-0.30010496307124246,-15.482743358755911,16.600159616919395
1.8742732894253322,-2.2434985885169443,0.22669340121584108,26.10498887157638,1.689801614406261,0.19646048171198693,23.119898548518037,8.300079808459698,-1.8029224991143122,-0.8649968014326443,-0.1487321442025013,-1.430107898760582,-1.9873941741333834,-0.17896506370635545,-4.415198221818926,8.300079808459698
-0.7651140599458817,-1.1932705348934771,-0.025658849945177697,0.49975244836540966,-0.6233072875061918,-0.10778443407343791,-6.405575448857693,20.75019952114924,-2.486668721851215,-0.7766511822372522,-0.196210938968235,-11.089649033716167,-2.378728229733751,-0.25953296994610225,-16.573822462106083,16.600159616919395
2.6957030028946116,-1.8927911538717819,0.2828666054191931,16.332519944072686,2.874479487549353,0.2899065289241747,13.313712790450175,8.300079808459698,-0.9062741791822981,-0.2334290288587404,-0.07480221961531788,1.0658141036401503e-13,-0.8183081367210576,-0.07147386802780803,-1.4935174383343366,4.150039904229849
-3.8634470433152943,-0.9102134628806535,-0.28102740795700015,-6.136700347848368,-2.7625531820494986,-0.3274904794196479,-11.286902417275957,20.75019952114924,-4.19961436673535,-0.8850954547529781,-0.31139384929709,-6.136700347848333,-3.0987205054695544,-0.35785692075973774,-11.286902417275922,20.75019952114924
-1.5358187987731142,-1.905583087119215,-0.09902646482240979,7.678562533581868,-1.3661804743904105,-0.12345640093590432,1.8218680253489552,16.600159616919395,-3.3114856834188355,-1.2216335864691459,-0.255764428346434,-12.722975767879547,-3.1418473590361318,-0.2801943644599285,-18.57967027611246,16.600159616919395
-1.0485889210540158,-0.8424322650042129,-0.024544599061354644,7.92734508714997,-0.51459038845638,-0.05087882019952705,5.390994863989182,8.300079808459698,-1.7083486018117036,-0.6171186112333586,-0.09769421153680968,-0.12468851023496086,-1.1743500692140678,-0.12402843267498209,-2.661038733395749,8.300079808459698
1.590759213945292,-1.6574945533099559,0.2038104112305173,22.856960086134457,1.567232027569565,0.15395242816363863,16.790409592906606,16.600159616919395,-0.6344999294783271,-0.40804183545464134,-0.04750006277494628,0.0,-0.6559450670704958,-0.08351412653308998,-4.497356896759264,12.450119712689546
0.6044892195007368,-1.059958142070096,0.06312001534065287,6.437311658367495,0.10100978621809809,0.0034547387022699216,-1.0483625669541858,16.600159616919395,-0.36036681806337345,-0.555233983991295,-0.03244658752070924,-1.3802718714522086,-0.741348353014426,-0.07538991660705945,-6.938485784438484,12.450119712689546
1.0987034876989155,-0.7759542475195875,0.14477584417861233,-0.5109106810053703,1.3645457107824832,0.07318115125873392,-3.7105432350587577,16.600159616919395,-1.6480122031726552,-0.7468059803937468,-0.1159924748696124,-8.620818216302496,-1.3821699800890874,-0.1875871677894908,-11.820450770355883,16.600159616919395
0.643791785128478,-2.0374998258114996,0.14912731054543937,26.349362181280114,1.0680468431494283,0.12768743528303694,21.889070125590102,12.450119712689546,-2.298376743766206,-0.6738223703151291,-0.1602286093870991,-0.327721363478517,-1.8741216857452558,-0.18166848464950153,-4.788013419168529,12.450119712689546
0.8349054055882377,-1.1138663000207263,0.07387534157627593,8.06266397149902,0.6475412160136251,0.0559579516608322,4.630621430466107,8.300079808459698,-0.5144160156057564,-0.2317568049824903,-0.04070795372183972,-1.6770239124422375,-0.6095773082638312,-0.04931889607255813,-3.34717356790604,4.150039904229849
-1.9466288179497147,-0.8849177560515606,-0.10932561684645958,-8.260871050679263,-1.4420245679115586,-0.15526214677651717,-13.376361710811203,12.450119712689546,-2.470464183828592,-0.8724793080293214,-0.1540955968926092,-3.4957812800727837,-1.965859933790436,-0.2000321268226668,-8.611271940204723,12.450119712689546
-2.3204009896440567,-0.6148212039043202,-0.15549081463208558,-0.5109106810053703,-1.4399209888058984,-0.2226100457190876,-3.7105432350587577,16.600159616919395,-3.5707747773864105,-0.6918138645109728,-0.26218878951600644,-2.9387963466302125,-2.690294776548252,-0.32930802060300846,-6.1384289006836,16.600159616919395
0.31246970645362193,-0.5813895584163866,0.04317815801314884,1.334656344195075,0.6353757098416013,0.0418597731848559,-2.9299537589969944,12.450119712689546,0.2432344296632971,-0.20250016494185985,0.02657972490425975,-7.105427357601002e-15,0.4559043695893994,0.025474839022885165,-2.8246294373346004,8.300079808459698
0.443814536573206,-1.4229870374075873,0.04571940639743774,22.457293816702425,0.24247139281023955,0.016040340326498453,15.11132497649448,16.600159616919395,-2.541378874143785,-0.5209231115200232,-0.2020146904922185,-0.6108095040174533,-2.6970470398153035,-0.2233963309759768,-6.118747965846005,12.450119712689546
-0.49868035673437117,-1.4488876064277019,0.028893471749007915,5.688489065267834,0.5369117493485343,-0.0033897185467903768,-0.04316575660429933,20.75019952114924,-1.9299564360027333,-0.9321937439069163,-0.11599533969333253,-0.1345025934145987,-1.1068550512620234,-0.14122021950800723,-4.693549147366085,16.600159616919395
-0.5248800439703771,-1.2635801902027595,0.018430853640020062,18.932882397333653,-0.14510728182850485,0.005683466356572797,16.220809246903077,8.300079808459698,-2.217554358263829,-0.5746274133770921,-0.15691755387500705,-4.070259667423656,-1.8377815961219568,-0.16966494115845432,-6.782332817854233,8.300079808459698
-0.016932862217855504,-0.5173533777387576,-0.003912997906135293,1.2372422397861698,-0.2632673966479149,-0.020221210184126773,-2.3020121106978095,8.300079808459698,-0.22005082940520504,-0.16966327775468848,-0.018746906904495868,-1.0750659479195335,-0.34471743764320495,-0.026578365293147617,-2.818117605011217,4.150039904229849
-1.2449185162940921,-0.37329597877026366,-0.07957949986786039,-0.5109106810053703,-0.7085053268034898,-0.10293442774019268,-2.1007396146413875,8.300079808459698,-1.2978572301758575,-0.38064720458150525,-0.08377946755329246,-0.5109106810053952,-0.7614440406852552,-0.10713439542562475,-2.1007396146414123,8.300079808459698
-2.2216639478818347,-1.099455965158688,-0.12162885502516352,-0.5109106810053703,-1.428517738735179,-0.17294787919761467,-3.7105432350587826,16.600159616919395,-2.7068481334218344,-1.054622378581671,-0.16558052772402554,-0.5109106810053703,-1.9137019242751787,-0.2168995518964767,-3.7105432350587826,16.600159616919395
-0.405986253459778,-1.4656700496880735,0.0404942918180462,18.69150332383618,0.29052413532841825,0.009588503546149485,12.579324168299756,16.600159616919395,-2.644587609293314,-0.7785861749150094,-0.19114586121137966,-0.10904987932178756,-1.9480772205051178,-0.22205164948327638,-6.2212290348582115,16.600159616919395
0.967218217926491,-1.6647139707390934,0.1777611516764439,18.349230796555787,1.397215033650423,0.15039624890778513,14.015904535158498,12.450119712689546,-1.9156796998149428,-0.659574975127974,-0.13750821352997394,0.0,-1.6315305332786023,-0.15517387463164328,-2.857851620289246,8.300079808459698
-1.2001030063500062,-0.4948059675940204,-0.08011650050042274,-0.5000387845790399,-0.7365842446674487,-0.09126024234564412,-2.3269892340745955,8.300079808459698,-1.2325880430740899,-0.4983257885515133,-0.08304763765582346,-0.5000387845790399,-0.7690692813915323,-0.09419137950104484,-2.3269892340745955,8.300079808459698
-1.0752890742909305,-1.4262801001408967,-0.019706222179565525,10.398704558717313,-0.32555557259943413,-0.02432928334202289,6.155776879579427,12.450119712689546,-3.579021432318741,-0.5028833306138694,-0.2881449740490613,-0.043906952575319735,-2.8292879306272445,-0.2927680352115187,-4.286834631713205,12.450119712689546
-1.6506099604261868,-1.452796913649241,-0.06466784338151343,2.6968512385049124,-0.9694325226935918,-0.1059241524096669,-2.0135277087294483,16.600159616919395,-3.64862997590505,-0.8004294620329091,-0.25239047642314455,-5.335637058219099,-2.967452538172455,-0.293646785451298,-10.04601600545346,16.600159616919395
-0.0050618261968837786,-2.2174242278897722,0.06150241818486041,23.10587960033491,0.3097275393427523,0.027688899207128637,15.549694049554795,20.75019952114924,-3.6909411230105382,-1.4020288268936998,-0.3145782458217583,-6.56987177584184,-3.376151757470902,-0.3483917647994901,-14.126057326621954,20.75019952114924
0.6334109988257453,-1.9006756738884434,0.16369509231965051,11.867808480434483,1.1402713571715184,0.12639095929132438,7.335280772869744,12.450119712689546,-2.3802676559865343,-1.2081686743336775,-0.1334403412926054,-0.10122383460847573,-1.8734072976407612,-0.17074447432093154,-4.633751542173215,12.450119712689546
1.1403365786570863,-1.0686927882214228,0.14471955109604007,8.187727615381789,1.199605126201031,0.1125322600745503,5.2426316629464935,8.300079808459698,-1.2975802877979392,-0.2273572338811416,-0.09853251781798228,0.0,-1.2383117402539945,-0.13071980883947204,-2.9450959524352953,8.300079808459698
-1.3879288464599293,-0.7987263670390323,-0.08425075562118622,-13.674526032354613,-1.009835518312352,-0.09236875457526272,-16.32547400167202,8.300079808459698,-1.36350038748827,-0.37119706092292404,-0.09667085942814246,-13.152447756851224,-0.9854070593406927,-0.10478885838221896,-15.803395726168631,8.300079808459698
-0.5847069453684961,-0.08352052502473306,-0.0514340396680697,-4.0047359719906375,-0.3063395720913853,-0.05244304162393676,-4.759074547594846,4.150039904229849,-0.7028622019501052,-0.11104830934617027,-0.06121798347174734,-6.444291303170946,-0.4244948286729944,-0.0622269854276144,-7.198629878775154,4.150039904229849
-1.638639739065395,-0.4054918419352944,-0.10174064824110718,-0.5109106810053703,-0.9385148983408254,-0.1241655238870274,-2.1007396146413875,8.300079808459698,-2.128289096251933,-0.4594103542054295,-0.13979864670758635,-2.9718184550160736,-1.4281642555273635,-0.16222352235350657,-4.561647388652091,8.300079808459698
2.115046358928274,-1.6521589569603599,0.2791131402235073,17.868640859972665,2.582830070923259,0.24329290271226878,11.88668184054037,16.600159616919395,-1.3316186780686134,-0.7534043410026694,-0.0879070893375743,-1.7575645898772692,-0.8638349660736289,-0.12372732684881282,-7.739523609309565,16.600159616919395
-0.33993073086830883,-1.6726917848581806,0.07451572537994366,22.689590546457126,0.1369146668184218,0.03144767376660562,18.157062838892422,12.450119712689546,-2.3913333363611224,-0.5625964525955869,-0.1627937317917677,-1.4210854715202004e-14,-2.0761782127777453,-0.1906319560652543,-2.985090323058394,8.300079808459698
0.5667277108647895,-1.5622573949567489,0.11872153572563199,16.11244720697821,0.8945372545420938,0.08453685385529314,11.235534973256954,16.600159616919395,-1.864990498943353,-0.8141357450520985,-0.15060609189047547,-2.3143718639397406,-1.5371809552660487,-0.18479077376081432,-7.191284097660997,16.600159616919395
0.023870739486687498,-0.6370153888666543,0.06089026019458421,6.0957936179434,0.8704475464065737,0.06575885784409641,3.6586034556659897,8.300079808459698,-2.3135616741584375,-0.24980169176762246,-0.18445652288036463,-2.3327353618141657,-1.4669848672385513,-0.17958792523085243,-4.769925524091576,8.300079808459698
0.34124338493046746,-0.5519862391478139,0.0562997321447638,5.757339711341093,0.4505280443666271,0.027372092131291326,3.2945825331710985,8.300079808459698,-1.2388024629194305,-0.3417949823184454,-0.09606209241770236,-7.67465877550061,-1.129517803483271,-0.12498973243117484,-10.137415953670605,8.300079808459698
0.46787938438379584,-1.641972511041434,0.17339158886695127,22.66879706872409,1.0009662258605871,0.1265434615680272,18.557352446967045,12.450119712689546,-2.1707790420192987,-0.6025156547343684,-0.1521387080843415,-0.11115634605200597,-1.8176563057100248,-0.18235319178445164,-2.8252336588569733,8.300079808459698
0.2490482851093434,-1.0477916767129631,0.08962112800742794,8.818443831175625,0.46628455941171154,0.03366563529316757,6.119714470849392,12.450119712689546,-1.124027757169288,-0.6887951429666597,-0.06674379849004963,-0.07994636987126569,-0.9067914828669199,-0.12269929120431,-2.7786757301974987,12.450119712689546
-1.2806556955314408,-1.8308261815922826,-0.05270183875960677,4.407813078804857,-0.7657770967344213,-0.10827761077038572,-1.8548906200145474,24.90023942537909,-3.043914442496831,-1.039252127432432,-0.2277561852807063,-2.8130916907576875,-2.622376290429762,-0.2729197451589462,-8.002086045547198,20.75019952114924
1.073500814470696,-0.5611702075629861,0.08419374199263424,9.112884725859168,0.8482556993512747,0.07425481246717122,7.263806560157697,4.150039904229849,0.0,0.0,0.0,0.0,0.0,0.0,0.0,0.0
-3.2586173756954375,-0.6877446975694461,-0.21637390740375473,-10.190375415488631,-2.360909276768063,-0.30106304930881367,-15.415562158790642,20.75019952114924,-4.057603257930075,-0.68961101012715,-0.28036184122065255,-9.254063530821476,-3.1598951590027005,-0.3650509831257115,-14.479250274123487,20.75019952114924
0.8970360315179393,-1.224744393019213,0.08691416084780673,2.195092611150251,0.8188268144649236,0.06311749467586525,-2.7760583563543406,8.300079808459698,-0.7194332147679283,-0.46751679419708303,-0.043603432541143794,-0.08952381298588108,-0.7976424318209441,-0.06740009871308528,-5.060674780490473,8.300079808459698
-0.9514216523098593,-0.3061933992585306,-0.06243817406334262,0.0,-0.7364538866939672,-0.08096896973754442,-0.7539756283980186,4.150039904229849,-0.9717384639697624,-0.3108562706343445,-0.06401771504384257,0.0,-0.7567706983538702,-0.08254851071804437,-0.7539756283980186,4.150039904229849
2.2306667519993884,-1.7261282219081728,0.19155657071794574,20.02277500203097,1.7995162998327707,0.15698197308235698,15.026799722896335,12.450119712689546,-1.8571180924457864,-0.6796169913993158,-0.15243934018145644,-0.07266237022680855,-2.147790477398581,-0.17449479825638553,-3.3402457230136946,8.300079808459698
-0.1536526480401914,-0.4256872818707187,0.02177860988467306,-1.768080820034534,0.3593208444054419,0.0016598073147173764,-3.874820698887561,8.300079808459698,-1.351517135744995,-0.33135687354511667,-0.10042702843937434,-11.039146140019817,-0.8385436432993618,-0.12054583100933003,-13.145886018872844,8.300079808459698
2.112366686967704,-3.5481119109641135,0.282813270033505,33.89702770685859,2.2778129672824443,0.214126855409551,22.747947972954876,24.90023942537909,-4.127479719674576,-0.6984572967468505,-0.289594978628425,-4.263256414560601e-14,-3.9991844608981086,-0.3443661564648609,-9.102394343999045,20.75019952114924
1.4048061100509157,-0.6635989377346405,0.16547216412437515,6.441987692468697,1.8368897754135194,0.14373608324456322,2.1433915713394036,12.450119712689546,-1.221604327269743,-0.1426802613763396,-0.10383130424944659,3.197442310920451e-14,-0.9358740463674131,-0.11815819615541862,-2.8409732899490123,8.300079808459698
2.233562197084815,-1.3426564842785407,0.2088709980473804,19.86080471333812,2.055758896157167,0.17827162183507578,15.264776688122694,12.450119712689546,-1.1052438191895053,-0.26048645322990716,-0.08739910969461767,-3.602162870205241,-1.2270861434016567,-0.10706168595792706,-6.625459367711727,8.300079808459698
-0.16794168474252302,-1.2062700474554457,0.06523606703465479,17.689220154179708,0.82563465474803,0.07077097474980432,13.5405359940004,12.450119712689546,-3.0948221236812614,-0.6018118314149863,-0.2326278546795446,-0.11101179572438014,-2.1012457841907084,-0.22709294696439508,-4.2596959559036875,12.450119712689546
-2.4623113165801014,-0.6525809688719786,-0.1653851136606993,-7.4128625701537665,-1.69408611563986,-0.19518094249981488,-9.875412251907765,12.450119712689546,-3.2254227009971714,-0.584566232179613,-0.2354694235106719,-7.941751415362862,-2.45719750005693,-0.2652652523497875,-10.40430109711686,12.450119712689546
-1.3055534755884945,-1.0821230977002063,-0.09769531096705408,-0.15677506843740474,-1.342395791867279,-0.17851206091080768,-7.873279021206379,20.75019952114924,-2.5154236482494374,-0.8197952597407294,-0.22484465463086856,-9.82864938683133,-2.552265964528222,-0.30566140457462215,-17.545153339600304,20.75019952114924
-0.08699198744648307,-1.515692013881166,0.0652060959268973,9.915020083024359,0.22727912724347377,0.013470601531606285,3.940651124248763,16.600159616919395,-2.4920843063382048,-0.5504310734616364,-0.20276747937518752,-0.08643403828919816,-2.260337434236015,-0.2405670839698713,-4.524343057488402,12.450119712689546
0.22580408495171955,-0.43615261112817194,0.03713569889237628,6.218198122160331,0.36240625166643614,0.01595938713339151,2.8096550818092467,8.300079808459698,-0.9127039926686731,-0.13909257384440643,-0.07657739625011495,-1.4210854715202004e-14,-0.8456279028942193,-0.08682059330043218,-1.6813114812802468,4.150039904229849
-0.5393279062721357,-0.8894281678648568,-0.001784505955800264,6.401905277891316,-0.25023013327691856,-0.021355747223655186,3.8838702868998496,8.300079808459698,-0.9846208729729744,-0.7050165659183669,-0.05012960801805166,-1.6999960555851104,-0.6955230999777573,-0.06970084928590659,-4.218031046576577,8.300079808459698
1.7234464710327764,-1.847327466821616,0.29149751741723773,19.251658401388152,2.274101171235234,0.28168126679966066,16.581702208247034,8.300079808459698,-1.464991888310884,-0.5800811247846411,-0.08698342846753737,-1.130087337408149,-0.9143371881084263,-0.09679967908511444,-3.8000435305492672,8.300079808459698
1.7590021808989942,-1.4182450605023469,0.20066970341544754,2.1974343654644812,1.9828370366152148,0.17816436367848654,-0.985422553949661,8.300079808459698,-1.669167740190347,-0.48026023276475094,-0.10842073773257432,-8.253641698343849,-1.5588460998130937,-0.11928949383538134,-9.82225798297258,4.150039904229849
-0.42044067726609846,-0.27533568797898944,-0.024942162796942224,0.9309886973969554,-0.14652937885124562,-0.03510368166607408,-2.90112057525252,8.300079808459698,-0.5703491287799789,-0.17001996918706475,-0.04039774259655654,-4.973799150320701e-14,-0.4347745976484463,-0.0453663936365461,-1.8867669222331145,4.150039904229849
0.16654401476712266,-0.7283754698793015,0.047781014999005444,6.3043804320640255,0.4906332455900442,0.023159612151705478,2.2244773276705487,12.450119712689546,-2.0575133531156364,-0.573208515835514,-0.16846801009325313,-11.734307749625692,-1.733424122292715,-0.1930894129405531,-15.81421085401917,12.450119712689546
-0.2450890556954466,-1.422833634230587,0.005317007410441277,18.55379690436394,-0.34180217987895833,-0.03005333863246179,14.23354715136227,12.450119712689546,-2.457813767965167,-0.8306693068768958,-0.1797749870316939,-0.7380878418799242,-2.5545268921486786,-0.21514533307459696,-5.058337594881593,12.450119712689546
-0.15571391205611018,-1.2482893329477776,0.0014021113499492754,-9.319690627304858,-0.518940302406401,-0.04845643506151032,-15.612608042119149,12.450119712689546,-1.5641052427749713,-0.8511645371501988,-0.11948803701600369,0.0,-1.9273316331252621,-0.16934658342746328,-6.292917414814291,12.450119712689546
-1.7993202250629947,-0.8076075655594082,-0.12114753299658093,3.1549565122998473,-1.4702708910152573,-0.14829011220420674,-3.961738017020295,16.600159616919395,-2.537394470403087,-0.658697196646818,-0.18094386012350044,-4.458417091136511,-2.296133994679761,-0.20078478966238783,-9.717607781061318,12.450119712689546
-0.49164767372580354,-0.5881501911523781,-0.02945179522758412,-1.7395250938453017,-0.3689676976572409,-0.048408155746554105,-6.426293181879856,12.450119712689546,-2.097200883991235,-0.6740777098143766,-0.16337192428329603,-2.996801086807743,-1.9745209079226722,-0.182328284802266,-7.683569174842297,12.450119712689546
-0.5653001918207612,-1.0645627360296626,-0.05735059364720156,0.9637951469632071,-0.8454669761081113,-0.06987133703989477,-3.204952732886653,8.300079808459698,-0.7467344241312901,-0.08998514038483307,-0.05806541830053941,7.105427357601002e-15,-0.8884374354972358,-0.06407179061228756,-2.0698127413056326,4.150039904229849
0.8223841600395243,-1.1673543075437642,0.0906107947673509,19.734234852611184,0.9714693485650017,0.07570036166677818,15.082811054173487,12.450119712689546,-1.7693828087172347,-0.7355161568201627,-0.13280453281853322,-0.34435363791653373,-1.6202976201917574,-0.14771496591910593,-4.995777436354231,12.450119712689546
0.3185657657862162,-0.26733159156421316,0.04836426373110447,10.036586977566353,0.46828024678253755,0.03660572584582,8.854295014977252,4.150039904229849,0.0,0.0,0.0,0.0,0.0,0.0,0.0,0.0
-2.4338704562426585,-0.6246279198914415,-0.16714884631684856,-12.535428487448574,-0.9064224963890588,-0.1441812251961445,-15.009996320016118,16.600159616919395,-4.132220245408979,-0.4809391047411715,-0.31704968697345354,-21.10623539634535,-2.604772285555379,-0.2940820658527495,-23.580803228912895,16.600159616919395
-0.5576096032960489,-0.4317886153827253,-0.008328319046705612,-0.5109106810053738,0.15032527073104518,-0.026424413298591132,-2.1007396146414123,8.300079808459698,-0.6104726817856463,-0.4283814181408836,-0.013392727338132016,-0.5109106810053738,0.09746219224144781,-0.031488821590017535,-2.1007396146414123,8.300079808459698
-0.11633818744223134,-1.2448276268114125,0.06136725542450272,13.818308582473882,0.5489168890577609,0.03778015342952323,9.675194476152164,12.450119712689546,-1.707468934250599,-0.6303400267902077,-0.10432124975238555,-4.038299296365956,-1.0422138577506068,-0.12790835174736503,-8.181413402687674,12.450119712689546
-2.1797856506652558,-1.8335903391718364,-0.1558592270534137,1.7416566357287877,-2.1851241649458952,-0.23443165376333996,-9.67779534919407,24.90023942537909,-4.119790021558501,-0.8859435750289286,-0.32907431920352803,-7.089483534043133,-4.12512853583914,-0.4076467459134543,-18.50893551896599,24.90023942537909
-1.230768044747399,-0.8414025937814653,-0.06179124250524237,-4.364108889868561,-0.9628217430491359,-0.08284713811353117,-7.748458104469464,8.300079808459698,-2.4810669159504473,-0.748634424642578,-0.16370757026507426,-1.8288665216744846,-2.213120614252184,-0.18476346587336306,-5.213215736275387,8.300079808459698
-1.2166531154603764,-0.5302371409230275,-0.06750296746753004,-0.5109106810053952,-0.7033690138084534,-0.09149849674668109,-2.1007396146414123,8.300079808459698,-1.1945936116364742,-0.5319708743138225,-0.06527126155739127,-0.510910681005381,-0.6813095099845512,-0.08926679083654232,-2.100739614641398,8.300079808459698
0.24445981695011554,0.04814064399422335,0.019217476734586292,4.421459319922835,0.4335132804772268,0.010064920995015991,3.2532493786684427,4.150039904229849,-0.22227958208556053,-0.3412583380196157,0.000978617651490321,-1.732942622006039,-0.03322611855844926,-0.00817393808807998,-2.901152563260432,4.150039904229849
-2.0010237127100927,-1.064725105206195,-0.12073595999018549,7.306830688584078,-1.191605586886979,-0.17259668556766017,1.707304007456436,20.75019952114924,-3.503725083133813,-0.6277555252794897,-0.2675594468751381,-7.601020176901365,-2.6943069573106992,-0.3194201724526128,-13.200546858029007,20.75019952114924
1.9063616364725977,-1.1716075904208374,0.20376475638430913,8.172214650522989,2.2201404950004333,0.19945188072662162,4.870648476363769,8.300079808459698,-1.8464334504857405,-0.7313152315673381,-0.13175289991353306,-8.255584221955374,-1.5326545919579049,-0.13606577557122057,-11.557150396114594,8.300079808459698
-0.6682659523860934,-1.634476812313066,-0.007033343493227373,1.6609219571450566,-0.3119108087553224,-0.020905125630717558,-2.487762203034279,12.450119712689546,-2.149788953067233,-0.9303255055432871,-0.15451921076045966,-15.59665179351898,-1.7934338094364621,-0.16839099289794984,-19.745335953698316,12.450119712689546
-2.532844482880825,-0.8529769201107396,-0.17119815919393266,2.3025571024934877,-1.742805474731135,-0.18913481684901334,-3.1139576838456335,16.600159616919395,-3.2017482765123617,-0.7261045512282678,-0.22955975121955952,-0.38722805342097644,-2.614024024976369,-0.24318432298663573,-4.4184459134382195,12.450119712689546
-0.835890509767867,-0.44521112072326474,-0.04622762584434503,-0.765656070111028,-0.2180629866853856,-0.07680452591127918,-3.6408766881322876,12.450119712689546,-0.9135430319925808,-0.43178430738397644,-0.05462148078605378,-0.765656070111028,-0.29571550891009935,-0.08519838085298792,-3.6408766881322876,12.450119712689546
-5.24975984641467,-1.0259466351643614,-0.3559036286954516,1.4104692215826446,-4.0998246311305655,-0.4135613128586855,-4.783664841365855,20.75019952114924,-5.640168454711603,-0.8591896408204249,-0.3912033969526322,-5.9331485199202305,-4.490233239427498,-0.4488610811158661,-12.12728258286873,20.75019952114924
-0.8464003320222124,-1.1052483211051918,-0.03793214790530569,-4.793559826398244,-0.540384310360098,-0.05719614400465706,-10.28962870334798,12.450119712689546,-1.544798256715163,-0.5768662301744687,-0.11043554551459883,-12.16613620746648,-1.3436419920092701,-0.12291098746547646,-15.782801700222393,8.300079808459698
-3.1315919628929665,-0.9308532046338982,-0.20140781854377687,-0.49217918844899344,-2.1835569866935467,-0.2641701632260971,-5.262131021606621,20.75019952114924,-3.724924887126014,-0.8390550828751842,-0.2528472059691818,-8.061741615190009,-2.972206745062244,-0.3015169126142437,-11.859953768957066,16.600159616919395
-1.944945986759139,-0.7319528848957404,-0.1417654612260002,-3.310169765934191,-2.3201602404642863,-0.17999296794071346,-9.276870694726632,12.450119712689546,-1.7600690384596218,-0.514989151137641,-0.12687735973738393,2.842170943040401e-14,-2.0137569446373016,-0.15137251009290015,-3.877726877899981,8.300079808459698
1.1196660767235578,-1.7118111906097084,0.16295472550815993,12.868280592563941,1.5099191548546331,0.13726004010734705,8.719596432384634,12.450119712689546,-0.43908723498331526,-0.8944223717497017,-0.0015487280284972593,-0.11101179572440145,-0.04883415685223991,-0.027243413429310137,-4.259695955903709,12.450119712689546
2.8779457066124836,-1.7372292324458964,0.25854474260844684,22.345605246987102,2.7467309366428605,0.24519262967472827,19.2729173377334,8.300079808459698,-0.8587078078594601,-0.2473630757087122,-0.067432122581403,-2.9495674594041574,-0.9259587709965711,-0.07385807952463781,-4.465088482561825,4.150039904229849
0.44755057523169217,-0.17694710381829637,0.048926441646958474,6.288253502694559,0.7091515382642744,0.05133986779028221,5.028698782340541,4.150039904229849,-0.8856119929233852,-0.13069258820962304,-0.07251442150071574,-2.0159566195543306,-0.624011029890803,-0.070100995357392,-3.2755113399083484,4.150039904229849
0.059595533345468965,-0.2521685799894122,0.010416188556204464,0.6242392133846053,0.07824207711948361,0.0022671314488361127,-1.3994418499990502,4.150039904229849,-1.125436154005488,-0.05317106756977097,-0.09321381697887021,-1.7996192596968825,-1.1067896102314734,-0.10136287408623856,-3.823300323080538,4.150039904229849
0.6521576668155893,-1.399136032889249,0.11738069903136705,14.768083355570631,0.8854998949015647,0.06957958687782617,9.05777653883304,12.450119712689546,-2.9689046330036106,-0.8901291684792696,-0.20578739667811768,-0.07948180509826841,-2.7355624049176352,-0.25358850883165857,-5.789788621835861,12.450119712689546
1.1134399509730608,-0.23290127248557901,0.10297916359289411,12.435485053459114,1.1134932804488074,0.0969424662600159,10.37744284734136,4.150039904229849,-1.0308591898724462,-0.23344476706681583,-0.09025136135410747,-2.207873641468808,-1.0308058603966996,-0.09628805868698567,-4.265915847586562,4.150039904229849
-1.175769378384528,-1.014982507632137,-0.06125720396956058,12.900884395925743,-0.7549455557856133,-0.0815754778395329,8.711943118596835,12.450119712689546,-1.7474807912908341,-0.4116263116094423,-0.12431595911082877,1.4210854715202004e-14,-1.4699078415636002,-0.1374451898405203,-2.7632634052466614,8.300079808459698
1.4645953903833941,-1.4385849243323694,0.21726385718003827,25.016040478233304,1.9518379784956963,0.18644329106912683,20.48351277066855,12.450119712689546,-2.09477268871332,-0.8878184103410014,-0.13903368009646,-3.608538396713641,-1.6075301006010179,-0.16985424620737144,-8.141066104278394,12.450119712689546
0.045497950881845384,-0.44101519363515784,0.034447237944187914,2.435730915808378,0.5915714721490772,0.010957900278784405,-0.9682505674032811,8.300079808459698,-1.8249681827694708,-0.6163379428355391,-0.1031233727325126,-1.5090965081527727,-1.278894661502239,-0.1266127103979161,-4.913077991364432,8.300079808459698
-1.80083530020676,-0.3154981712772109,-0.10166555545592071,-0.7595713510345838,-0.33238013831731195,-0.12958058132963068,-3.151799641577547,12.450119712689546,-1.6041589008734878,-0.3012526216863929,-0.08846452636503876,-0.7595713510345838,-0.13570373898403965,-0.11637955223874874,-3.151799641577547,12.450119712689546
-0.4794599443774139,-0.510543862789504,0.004357973457741915,3.1868468768307494,0.22613351900111667,-0.011715500670311352,1.3999107824453567,8.300079808459698,-1.6791033816768497,-0.38205347805297407,-0.11044057294557064,-1.2395155839647671,-0.9735099182983191,-0.1265140470736239,-3.02645167835016,8.300079808459698
-0.24626795863860096,-0.23259276756732383,0.0009487241603374219,-0.5109106810053703,0.09565947278829157,-0.0055780181110478555,-1.3033339386031102,4.150039904229849,-0.24626795863860096,-0.23259276756732383,0.0009487241603374219,-0.5109106810053703,0.09565947278829157,-0.0055780181110478555,-1.3033339386031102,4.150039904229849
2.1474149099740547,-1.7130899631773975,0.17639192490409997,13.316473683067144,1.6801973570798046,0.14373267432297931,8.783945975502405,12.450119712689546,-0.6890108701182007,-0.1840338641727346,-0.05374414075516666,-4.670107798659963,-1.003587340099299,-0.07459185842700058,-7.655198121718364,8.300079808459698
-1.011967360855004,-0.39008874060386667,-0.07574498539863928,-0.510910681005381,-0.7104356936766587,-0.09387589858198186,-2.100739614641398,8.300079808459698,-1.1319018401230618,-0.39258124042106957,-0.08757432487413808,-0.510910681005381,-0.8303701729447166,-0.10570523805748067,-2.100739614641398,8.300079808459698
1.4608984997877439,-1.432597754697989,0.13270024709474307,7.519752293554227,1.2563955433599006,0.10099134144448713,3.201022134657677,12.450119712689546,-1.1838578299204316,-0.4852031817247582,-0.08598254733624419,-1.3770534849475737,-1.3236716036690632,-0.10636613939788792,-4.224416552125831,8.300079808459698
-0.9377274711064976,-2.5635634956510884,0.00240120649960901,12.405427583587823,-0.8991972238093782,-0.07975533974438936,5.350210420699888,20.75019952114924,-3.49483747021595,-1.2917701303250073,-0.23087933184273213,-2.980695271846905,-3.4563072229188307,-0.3130358780867305,-10.03591243473484,20.75019952114924
1.172928554934538,-0.9753288150838966,0.106094588573625,3.788698792133168,0.9952235690276146,0.09148836191109216,1.6213814740199837,4.150039904229849,0.0,0.0,0.0,0.0,0.0,0.0,0.0,0.0
0.31487380406149956,-1.130853615971061,0.0382307187973526,16.140156003109375,-0.11400043444851349,-0.014644274132975532,11.10184795842516,12.450119712689546,-1.7810439941053247,-0.26454081974883437,-0.14439856378946694,-2.2958369861828274,-2.2099182326153377,-0.19727355671979507,-7.334145030867042,12.450119712689546
0.03460525406571158,-0.34552346482495544,0.011379139043587727,9.32519247094374,0.08181583496158495,-0.004841754713253488,5.348950369291138,8.300079808459698,-0.5171978753655715,-0.12605198838748422,-0.04433360251154428,-2.4916038426081073,-0.4699872944696981,-0.060554496268385494,-6.467845944260709,8.300079808459698
-1.2467302761886234,-0.6829837181444471,-0.08094207038025941,-12.954783974219751,-0.36698680710900433,-0.10006771671443221,-18.339436451977388,20.75019952114924,-3.6665670994060706,-0.41383774812809904,-0.3030813003775677,-18.27274401297175,-2.7868236303264515,-0.3222069467117405,-23.657396490729386,20.75019952114924
-0.20119288552979953,-0.5264903542616803,0.004856535761608605,-3.9082575319712376,-0.16067460238249343,-0.04947115371872657,-6.660646370403409,12.450119712689546,-1.226892131678059,-0.24340997092187955,-0.11169709401262984,-9.757192904538126,-1.201803316806016,-0.14666933291296658,-11.584315747129825,8.300079808459698
-0.6657184055976604,-0.9495193377622702,-0.0022412957745538975,-6.7335208810320495,0.5976097002983396,-0.00849728482558787,-12.46412353137515,16.600159616919395,-3.1295384855242636,-0.6620161519224599,-0.20794478088018298,-15.124921993483525,-2.185723653825854,-0.2128511626591333,-19.38272218033375,12.450119712689546
-1.2464014324559134,-0.8906406495896224,-0.04544087852452694,4.46417810654728,0.0016954413968530702,-0.06276887786210927,-0.653750205232285,16.600159616919395,-2.9045484455197945,-0.5923063525212502,-0.20948999254005773,-0.12081405316984473,-1.656451571667028,-0.22681799187764007,-5.23874236494941,16.600159616919395
-1.62234196082639,-0.5872453768327812,-0.1384579002858482,-16.910004608809487,-1.9845317720122435,-0.1660247301530335,-20.080205881722335,8.300079808459698,-0.8441187616992307,-0.28280992372526725,-0.0699423294706302,-9.102591004281663,-1.0265111087427004,-0.08317858818107934,-10.66998887279096,4.150039904229849
2.149387152143012,-1.0770356803975325,0.2541442399066889,22.692470813760725,2.2028828277747214,0.24271713547088514,21.179881271415294,4.150039904229849,0.057943695981776955,-0.11051906235113762,0.00935859048357457,0.0,0.1114393716134865,-0.0020685139522291784,-1.512589542345431,4.150039904229849
-2.5016484892910418,-1.1089210474688809,-0.16445140789138663,-3.0917632236783916,-2.0135436499224113,-0.18731774695901932,-6.337959281779849,12.450119712689546,-2.9646418364295712,-0.9211164943011454,-0.20975411462229376,-3.091763223678278,-2.4765369970609408,-0.23262045368992645,-6.337959281779735,12.450119712689546
-0.37733767217853487,-1.5991587297354872,0.048154653925163604,13.540103937590793,0.1329098856686306,0.019162927225550908,9.007576230026025,12.450119712689546,-3.086148507801667,-0.9004428797308854,-0.2110837659751308,-3.4328504490201226,-2.5759009499545016,-0.24007549267474348,-7.96537815658489,12.450119712689546
-0.6497102840653968,-1.2815998901591676,-0.006489068577710144,4.371296148006131,0.18044526269640482,-0.005877131319969253,-1.3044853602965816,16.600159616919395,-3.4931282659344864,-0.5438660980938934,-0.2704074391543244,-4.349596914371709,-2.8741695988926175,-0.27032003900214097,-8.564486478567602,12.450119712689546
0.10673369614324635,-1.4025692945165105,0.0766318491317568,15.33662702512419,0.7266502193869817,0.06149040159693153,11.187942864944862,12.450119712689546,-1.8596548589636885,-0.7180372856584611,-0.1180913048714739,-8.30390813102683,-1.2397383357199532,-0.13323275240629917,-12.452592291206159,12.450119712689546
-1.9811471664893832,-0.7156108967371946,-0.1384258974136766,4.255795838192224,-1.137328821354977,-0.15409453201745427,-1.3128523859338692,16.600159616919395,-2.5348319621314896,-0.49728886835777253,-0.19557142858934035,-2.6571103540502534,-1.9052273149454013,-0.20738515485474657,-7.003552352662371,12.450119712689546
-0.4598837818418966,-0.4882629592132641,-0.012476625441182887,-6.499554179225605,-0.34878022407429654,-0.027563360967001405,-8.37284264717998,4.150039904229849,-1.6200658749772279,-0.4048118040780455,-0.12419766271735855,-1.002635497112209,-1.5089623172096278,-0.13928439824317707,-2.8759239650665833,4.150039904229849
-1.1419272672986036,-0.39872628639172625,-0.07956709670733103,-8.641352224360638,-0.9760790986243162,-0.09255939632440546,-11.72103665367053,8.300079808459698,-0.865311396951185,-0.19269063957524324,-0.061968654049386174,-5.811024606008303,-0.7839514522641089,-0.06826972770590095,-7.360500242663171,4.150039904229849
0.841585383889143,-0.6711416088116096,0.0671971854061332,8.624211519759122,0.4326404837323494,0.03717957439933958,3.265741895183993,12.450119712689546,-0.7252096465275026,-0.3114814322288453,-0.06025600195119276,-0.9998003115235008,-1.000832009150543,-0.07941514281248624,-4.513412890059023,8.300079808459698
1.8879558164058619,-2.1428010801563318,0.17619711142982028,13.52359050402736,1.3938416334297044,0.12335738401142426,6.582743255363745,16.600159616919395,-2.0800175518196684,-0.8900159747608676,-0.1639978567320172,-6.993770169902426,-2.4554568349281936,-0.20202458962536043,-12.12526323673174,12.450119712689546
-0.8954457950544503,-1.3454746168230383,-0.016194197452041648,3.6435328850432533,-0.3443762696926589,-0.05603311157808277,-1.6051203265583958,16.600159616919395,-3.3106188244436785,-1.051604717870914,-0.24895680173469054,-4.704636938099981,-2.759549299081887,-0.28879571586073166,-9.95329014970163,16.600159616919395
-0.3398710897798418,-1.6741829852763814,0.0524597540514562,10.173177918955773,0.18565757211039813,-0.021026209889963954,3.117960756067788,20.75019952114924,-1.1008876243522314,-1.8195067871277608,-0.009698256637237557,9.921348996990076,-0.5753589624619915,-0.08318422057865771,2.8661318341020916,20.75019952114924
-1.2681565825426677,-1.11471085005849,-0.04056110854042394,-0.5109106810053952,-0.5158488657446503,-0.09445124061018573,-3.710543235058772,16.600159616919395,-1.7613176313837853,-0.9306888717064421,-0.10171788581685248,-0.510910681005381,-1.0090099145857678,-0.15560801788661427,-3.7105432350587577,16.600159616919395
1.11373965708641,-1.139421028089176,0.12192787581631864,15.197582231436861,1.2614444910730827,0.11455181943865883,12.052694421124706,8.300079808459698,-0.4652804850385328,-0.22016635596459722,-0.03305729025627974,0.0,-0.3928299207648145,-0.036660807816633834,-1.5505237220932955,4.150039904229849
0.48980412620718283,-1.2531668352903722,0.07816965960347405,-1.0362492360705176,0.6220636529369106,0.05918033267498862,-4.723603726417977,12.450119712689546,-1.243833442982245,-0.3277143834917844,-0.10450720038079817,-2.7122973801306287,-1.1582489422806708,-0.1168362325591916,-5.150972693669935,8.300079808459698
-2.127256515143361,-0.8402406894167083,-0.13408332860537087,-0.482599904946845,-1.5154937645483368,-0.16311993666373947,-3.2127361400866157,12.450119712689546,-3.1717125224199005,-0.9163526089245977,-0.22302338349636874,-0.482599904946845,-2.5599497718248765,-0.25205999155473735,-3.2127361400866157,12.450119712689546
1.3266250814408354,-2.976765314999815,0.2314520108081376,18.59994845466855,1.4037123839310217,0.16451820975472642,12.368083373286325,16.600159616919395,-4.863379095758402,-1.5583671637639096,-0.3474295149506043,-0.10085458487854027,-4.786291793268216,-0.4143633160040155,-6.332719666260765,16.600159616919395
0.15356513322715237,-1.3933302316035956,0.1569236596358361,22.63931803168168,0.42888138486581084,0.14622895619262755,21.283947502152767,4.150039904229849,-1.473831821310979,-0.634903767677697,-0.08267213661447004,-0.11101179572439435,-1.1985155696723204,-0.09336684005767859,-1.4663823252533064,4.150039904229849
1.6474800109622647,-1.4603037302497555,0.2160938704433608,22.689590546457154,2.2025934572727603,0.19975440239489317,18.157062838892415,12.450119712689546,-1.3797688980051737,-0.452503909001706,-0.09453995564444906,-2.8187564436776142,-1.0123351766183175,-0.10521110083388918,-5.803846766736044,8.300079808459698
1.997032695490586,-0.882266347490976,0.14693370187731478,0.20511103990364177,1.7056905230333985,0.1250137909163785,-4.5663963435650885,8.300079808459698,-0.6063742658145799,-0.2715155961500759,-0.04323583287867208,3.552713678800501e-14,-0.7538588495742182,-0.053757696876685857,-2.4457218744275053,4.150039904229849
-1.7553830136492143,-1.5006949174152702,-0.11607083528089568,-15.569896107237547,-1.3730603540961228,-0.14695438794528237,-22.568167035350175,20.75019952114924,-3.883448917627863,-0.846859068518949,-0.3074845193628297,-24.454690306417234,-3.5011262580747715,-0.3383680720272164,-31.452961234529862,20.75019952114924
-0.05746572238134462,-1.1532472969374368,0.07071288936560638,10.890050978649548,0.7764202377607443,0.04079690133066893,5.810061314724933,16.600159616919395,-2.7007349118865376,-0.6396124594328274,-0.21195895744781457,-3.371369201783999,-1.8668489517444486,-0.241874945482752,-8.451358865708613,16.600159616919395
-1.4308182244170187,-0.7991302440572792,-0.07802716610156413,4.385862688397793,-0.5699481080092772,-0.10551543620708415,-2.2349599653690966,16.600159616919395,-4.117127383393204,-0.9159398235838676,-0.31132498393855257,-1.023377019539339,-3.256257266985463,-0.3388132540440726,-7.644199673306229,16.600159616919395
-1.1345793694879092,-0.9472461139082107,-0.06539439513706896,-1.9043959578578153,-0.7714055701806499,-0.10581617427972473,-8.945104296264446,16.600159616919395,-3.564691970339995,-0.9794433366448754,-0.2832075708412516,-7.910547253784735,-3.296711718731693,-0.3126476778547712,-13.140468225041054,12.450119712689546
-0.8073459310528941,-0.55613195555107,-0.05457964976580182,4.975568566405364,-0.5912074755935803,-0.0822832022854092,0.5743179482456142,12.450119712689546,-1.2724704891490024,-0.2412594897261524,-0.10650321393847839,3.552713678800501e-14,-1.1308763515728293,-0.12452928888197207,-2.9809590186471553,8.300079808459698
-0.6986823938091469,-0.5903961024142248,-0.04980534891651622,5.020042600050836,-0.8289801146936782,-0.0870843193581371,-2.62661630944919,16.600159616919395,-1.8748079614146596,-0.3449658852555544,-0.14553755032144317,1.4210854715202004e-14,-1.9775273929270032,-0.17251647968743233,-5.641304513567761,12.450119712689546
-1.1406587454479533,-0.5290032040324437,-0.07477276436454727,-8.702949948662127,-0.6765792400085457,-0.11583245836273781,-11.902582502715504,16.600159616919395,-2.0245477108069343,-0.8242733543686036,-0.14176537499455794,-8.702949948662127,-1.5604682053675267,-0.18282506899274847,-11.902582502715504,16.600159616919395
-0.7227681905312311,-0.729208450227258,-0.019776611633876895,-6.296698953545533,0.021838950086094933,-0.030437090505638142,-8.247385420997823,12.450119712689546,-1.6717290245213734,-0.5807612897950776,-0.12310897027613388,-9.08876347187567,-0.9271218839040474,-0.13376944914789513,-11.039449939327959,12.450119712689546
-0.15013388661671012,-1.1276691363495868,0.01445929273226998,5.577954167400833,-0.33384784534018497,-0.050508720854165357,-1.8452404534820133,16.600159616919395,-2.678312181364517,-0.681015328347625,-0.20521419520023515,-0.27717044689526205,-2.862026140087992,-0.2701822087866705,-7.700365067778108,16.600159616919395
-2.18949494561722,-0.6021075881825997,-0.14480602633614215,-6.6214613810190315,-1.4167765165193238,-0.14636941462782738,-8.823404815861569,8.300079808459698,-2.656036346902657,-0.4068126027669674,-0.20087137356028273,-7.1543620748348395,-1.883317917804761,-0.20243476185196796,-9.356305509677377,8.300079808459698
-0.44749487396966714,-0.5053634868827857,-0.004481883338223747,1.193716484662442,0.11792214977426241,-0.012998339127272773,-1.0268482912124703,8.300079808459698,-2.169485115424296,-0.4686799549809031,-0.15589063946191573,-7.575931732256667,-1.6040680916803662,-0.16440709525096475,-9.796496508131579,8.300079808459698
-0.2936629791561174,-1.148764155814261,-0.006845275910261128,11.248858461944913,-0.35442120557551693,-0.04820620433827433,4.315028962611358,16.600159616919395,-2.239649434524149,-0.6983771417089617,-0.1966457350635817,7.815970093361102e-14,-2.288784462610094,-0.22646495311238848,-5.132076392252031,12.450119712689546
-0.23996735180367157,-0.3001631997872458,-0.0016571418534417903,4.9798537898362625,0.4519952528886151,0.006649379470880956,2.36648535145558,8.300079808459698,-2.023740446205391,-0.5010969013025992,-0.15742355642567807,-5.769154172546045,-1.3317778415131043,-0.14911703510135532,-8.382522610926728,8.300079808459698
-0.4629146054928821,-0.20742830555515646,-0.018280547759699894,-5.580613702448975,-0.11410508481417558,-0.032818074225422045,-6.4690010710210615,4.150039904229849,-0.5035539558482469,-0.2041401734861168,-0.022497663220246267,-6.250665398167985,-0.1547444351695404,-0.03703518968596842,-7.139052766740072,4.150039904229849
-1.5266913180329578,-0.9170037029532061,-0.08467188349581645,0.2558751402223578,-0.7561361055368421,-0.09663400247466036,-3.399119496274352,12.450119712689546,-3.5343949943563713,-0.7909119747030218,-0.2852431064925514,-3.9100223261578506,-2.7638397818602556,-0.29720522547139533,-7.5650169626545605,12.450119712689546
-0.9529969534562532,-0.7369136007192001,-0.07903938687984724,0.0,-0.9674759556258072,-0.11079032357225996,-7.642294972403732,20.75019952114924,-3.136223200167776,-0.7219454079324787,-0.28201469616909713,-9.32588125928141,-3.15070220233733,-0.3137656328615099,-16.968176231685142,20.75019952114924
-1.91351182977344,-1.7309404508522324,-0.13596686237305572,3.1244242010434746,-1.784366442085994,-0.18353475796077878,-3.930792961844503,20.75019952114924,-4.192005873831617,-1.0458925618828445,-0.34632793500034464,-3.2632595837214424,-4.062860486144171,-0.39389583058806765,-10.31847674660942,20.75019952114924
-0.0532432359241275,-1.0382356926102982,0.025626497905853585,8.813260605733042,-0.12916323569645005,-0.021845546839963703,5.046574534901872,12.450119712689546,-1.1496334579330414,-0.2365164048750561,-0.09515321439256647,-1.9957807160593006,-1.2030247933010774,-0.12575038419096074,-4.486293255413926,8.300079808459698
1.6370107093871766,-1.4148219870563459,0.1719453766524056,5.921731441132749,1.5976625867138106,0.1439693737755497,0.45476522227144756,12.450119712689546,-1.4328173464193794,-0.6735198952106884,-0.11226649613354675,-0.1095614157725322,-1.4620105660176241,-0.13023760637075824,-3.711722500814318,8.300079808459698
-0.7618028170661484,-1.1859429421669638,-0.015201334387071497,2.612868781759527,-0.11098525654147373,-0.019449891753324677,-1.0835956979891925,12.450119712689546,-2.7517890448276905,-0.7974118021576686,-0.20298073219476997,-6.889504459608062,-2.100971484303016,-0.20722928956102316,-10.585968939356782,12.450119712689546
-0.686114871090937,-0.7540050329019152,-0.02025544094105336,1.2837253971359708,-0.43086271499195306,-0.045574525429459056,-0.7103668978314488,8.300079808459698,-0.8959931172921154,-0.22009277269244443,-0.06650311922968544,-3.52478879905188,-0.6407409611931314,-0.09182220371809113,-5.518881094019299,8.300079808459698
-0.46678720798363216,-1.6910309626468294,-0.007625764656014222,11.89827651721071,-0.6211597259273338,-0.051739063921327655,7.363869165467094,12.450119712689546,-2.4160678463978957,-0.8325309986151304,-0.20035208040834715,-0.11376517631539684,-2.5216266449180402,-0.2286143599804412,-3.1049710588921116,8.300079808459698
0.9032951779901266,-1.0959112293169202,0.09798495321821199,9.991861213149804,0.9799973172206711,0.08155254625553315,6.538027242614021,8.300079808459698,-1.8586086844442073,-0.32080824025666566,-0.13645715426928628,-3.3380432344447115,-1.7819065452136629,-0.15288956123196512,-6.791877204980494,8.300079808459698
1.3365524164379528,-1.4934411611548466,0.16738286433653932,22.58045180626297,1.4147110010936714,0.12638066486952154,16.462894008125275,16.600159616919395,-0.7959028402729551,-0.29117376323958233,-0.06165888807176517,2.1316282072803006e-14,-0.7414322130010254,-0.09144523402481824,-4.532527707564654,12.450119712689546
-0.11605427951388858,-0.356133324420286,-0.008318652358560386,0.14127632423381442,-0.3789430299103058,-0.030431984744120427,-5.19546849651217,8.300079808459698,-1.7989493530310874,-0.5537441116287596,-0.13831739423435818,-5.672182613685948,-2.0618381034275046,-0.16043072661991822,-11.008927434431932,8.300079808459698
-1.0315742390606175,-0.5936567150172518,-0.05273021342745832,-5.913136201874359,-0.6144057749515763,-0.07470260145093188,-8.599717069838544,8.300079808459698,-0.9337241338285063,-0.32799490834675993,-0.06050966797331525,-6.468087793371609,-0.5165556697194651,-0.08248205599678882,-9.154668661335794,8.300079808459698
-1.5872211343055609,-1.6346471564417406,-0.049846915393923275,0.9659333064837625,-0.5486985259956834,-0.03990670026014387,-3.4374943502857747,12.450119712689546,-3.166396044877562,-0.7093981086401939,-0.21103991299863778,-5.225133152672143,-2.476488465960025,-0.20496718250357848,-8.12792901587136,8.300079808459698
-0.4319357003202313,-0.229153473915634,-0.01782573212942795,5.501640313626567,-0.010553233283095764,-0.05569459454539549,3.556466612427002,8.300079808459698,-1.83807127691491,-0.2799255389180946,-0.1459372194915447,-7.548968775897247,-1.4166888098777743,-0.18380608190751224,-9.494142477096812,8.300079808459698
-0.8761576295731599,-0.8499566012371034,-0.03747721251639746,5.86198126572927,-0.3760735490565992,-0.10219136966500375,-0.5407712041481574,20.75019952114924,-2.0910238442831464,-0.5780289485745325,-0.1473417420814272,-7.105427357601002e-15,-1.6966081844832503,-0.19734722420693124,-5.082865336881767,16.600159616919395
0.32236338758213634,-0.21921963995478322,0.028883772107745176,3.342127195609514,0.26729921130790313,0.017884392385878245,1.397329012165116,4.150039904229849,0.0,0.0,0.0,0.0,0.0,0.0,0.0,0.0
-0.6605026351058418,-2.2900452097730764,0.008234327075282377,7.932337365078865,-0.24875055689332903,-0.02980941781242863,0.11591956940050352,20.75019952114924,-2.8394908807225505,-1.0158681211061396,-0.20025610787184087,-8.176134061829337,-2.517367929182446,-0.2299887504991249,-14.519459714811838,16.600159616919395
0.34356577486323037,-1.0050212189478778,0.05204641296359824,7.8196622495752806,0.4081053488058872,0.02400483793564101,2.6644206925844287,12.450119712689546,-2.8834270069170165,-0.6076424990145917,-0.2277679431447753,-4.970935453491897,-2.8188874329743596,-0.25580951817273256,-10.126177010482749,12.450119712689546
-1.5182465547131763,-0.915892149629256,-0.13582837705169457,-7.691720006632419,-1.8589919711195169,-0.1915512971430417,-11.886454932068471,20.75019952114924,-1.9422919947173711,-0.616852174382867,-0.17348341997192065,-10.772042772867248,-2.22016192630049,-0.21640418535187228,-14.203853007146215,16.600159616919395
2.781917841980852,-1.7995365517084068,0.36991804805722917,16.92570898953818,2.951911872882551,0.3251456452661413,12.229314152077954,12.450119712689546,-2.4281849148267476,-0.5326278364759034,-0.19824894443911084,-5.556729219880978,-2.2581908839250486,-0.2430213472301987,-10.253124057341203,12.450119712689546
-0.40784440314867165,-0.7700803422818705,-0.004934106871399946,-8.760238381381782,-0.3160956279289584,-0.05293592307667383,-13.169928342596073,12.450119712689546,-1.2813069477902506,-0.650000073576658,-0.09104053026202286,-9.486880670213715,-1.1895581725705373,-0.13904234646729674,-13.896570631428006,12.450119712689546
2.2524845393164794,-1.0127210371573376,0.2000660875620101,26.772337512638252,2.118916467861376,0.1899377320424135,24.851392267645366,4.150039904229849,-0.1887335931690659,-0.09969599894701986,-0.01621056976608172,0.0,-0.3223016646241694,-0.02633892528567834,-1.920945244992886,4.150039904229849
-2.250334807257137,-1.3187921500290933,-0.16196110958367876,-9.249378201184356,-2.234597489533474,-0.225194014414212,-13.999570261668005,16.600159616919395,-3.1247611057314773,-0.9785536718600998,-0.24679175373778944,-15.779181835132391,-3.117449397765637,-0.2925669733621364,-19.31812644585744,12.450119712689546
-1.7613756434123005,-1.1067042668622058,-0.07287927385553705,0.09989661540823747,-0.3071488406068976,-0.12090512624191574,-5.187078092573714,20.75019952114924,-5.299879746794844,-0.8874924434222748,-0.42997475706663457,-10.10775717305594,-3.8456529439894416,-0.47800060945301326,-15.394731881037892,20.75019952114924
-0.7333900897370071,-0.7324353811060877,-0.013086500673652912,3.4234406655319063,-0.24673211402312845,-0.06384059990452673,0.008579246548833908,12.450119712689546,-2.0119856508280742,-0.7221996292818993,-0.13872805369586927,-1.1962616235173265,-1.5253276751141955,-0.18948215292674309,-4.611123042500399,12.450119712689546
-2.849990564143967,-0.3633208211417962,-0.23514708701198894,-13.868929294754494,-1.746471891366519,-0.24083454814234562,-17.06856184880788,16.600159616919395,-2.802632199945032,-0.3791863438083549,-0.23014599423723414,-12.955089906961739,-1.699113527167584,-0.23583345536759082,-16.154722461015126,16.600159616919395
0.7982228763522059,-2.4389190952980897,0.16017694429209428,14.548733617733035,1.0626579398895108,0.13971901762025307,10.016205910168296,12.450119712689546,-2.9903095109670375,-0.651521276652236,-0.2332997363892911,-6.606069786556098,-2.8171037939329624,-0.24653959050526555,-9.59116010961447,8.300079808459698
2.592420776821447,-1.9066474998645297,0.33100624349546015,23.246260207064662,2.9347099769308826,0.3134197855775512,18.853304557516804,12.450119712689546,-2.0365050432919807,-1.2320065209019457,-0.14837303293709192,-0.10777991065585013,-1.694215843182545,-0.1659594908550009,-4.500735560203708,12.450119712689546
-2.4355589456884763,-0.5851303969025761,-0.1777967437546525,-4.698961526045771,-1.568453992934816,-0.18905663365195036,-7.455153629742615,12.450119712689546,-2.1564734583964684,-0.426047478261367,-0.16123008424347862,0.0,-1.5801127586460906,-0.1688643383476841,-1.8321327570492443,8.300079808459698
1.3096067316540783,-0.6369617895573985,0.08911036840216478,2.6402309488366313,0.9836642266200735,0.08325208193580805,-0.6863441687897591,8.300079808459698,-0.5982063116119929,-0.08377059735822634,-0.04620447865420742,-2.842170943040401e-14,-0.7629285682225984,-0.04899383810433684,-1.6228307112857436,4.150039904229849
1.6002960681696043,-1.1027212266370228,0.20506622982299116,22.562682889867272,1.7905748692800039,0.20372853694221893,21.057937531758565,4.150039904229849,-1.0702053765283548,-0.2994054850733452,-0.0822318759303669,-9.695052416541188,-0.8799265754179553,-0.08356956881113914,-11.199797774649895,4.150039904229849
-2.5648192949122794,-1.449540308807931,-0.15911883269312876,-11.631830606428352,-1.8323052998541867,-0.16512756715660037,-16.682905993273415,16.600159616919395,-3.6051679345641796,-0.7560334046463275,-0.248525562762004,-7.105427357601002e-15,-3.061197698737672,-0.25319675536933073,-3.7617014410055347,12.450119712689546
-0.7185540403375823,-1.2478196747267987,-0.03503028448843343,6.751012128499266,-0.3425010122630301,-0.05758885230383892,0.7767935887668322,20.75019952114924,-3.3995595589739525,-0.5439956421079568,-0.2746737691147114,-1.7326455840236719,-3.0235065308994002,-0.29723233693011686,-7.706864123756105,20.75019952114924
-0.4653074729192408,-1.2983636964037686,0.04405509272516228,-0.5109106810053596,0.3579800087221141,0.024180596132993504,-2.903138971548323,12.450119712689546,-0.5766337492355333,-1.2966147258793956,0.03446246779836504,-0.510910681005349,0.24665373240582156,0.01458797120619626,-2.9031389715483122,12.450119712689546
1.9510823242803843,-2.156926106471502,0.19123523008931662,10.41722333538069,1.5726158624802755,0.15635049226713452,5.435999223104005,8.300079808459698,-0.5572041169842779,-0.20864005953421305,-0.044376683827031554,-0.04379182905403667,-0.7478023717599758,-0.06110516017072021,-2.46802629658783,4.150039904229849
-2.6160651743299743,-0.7926460904136903,-0.17504301521947618,-0.510910681005381,-1.8399625051560795,-0.21214450254791262,-2.9031389715483336,12.450119712689546,-3.1257374292733573,-0.8694960779498384,-0.21838509369398262,-0.510910681005381,-2.3496347600994625,-0.25548658102241906,-2.9031389715483336,12.450119712689546
-1.3948211236612273,-1.0708035533264706,-0.08167123297169859,-0.19899836491663336,-1.1653365270669624,-0.10879665984766357,-6.325528248055058,12.450119712689546,-2.808413348705119,-0.8495222787419312,-0.20188042242305315,-0.4197738258747563,-2.578928752110854,-0.22900584929901813,-6.546303709013181,12.450119712689546
3.834016583964295,-2.0535307963178706,0.40504883368538136,25.558399480589554,3.7827926187000482,0.38946523844682873,22.30911814887067,8.300079808459698,0.2907456598143954,-0.07269527256257291,0.02497268142788603,0.0,0.23952169455014882,0.009389086189333429,-3.2492813317188833,8.300079808459698
-0.5179460563719873,-2.051947516230115,0.05188612646235058,11.44989502012346,0.05420836920615457,0.03753352424105416,7.542035848186561,12.450119712689546,-3.2598632453121112,-0.9585782536072731,-0.24314135639426793,-14.351736080324017,-2.6877088197339694,-0.25749395861556434,-18.259595252260915,12.450119712689546
0.435350514336974,-0.16887295798851198,0.03393555088126442,4.248331536167093,0.31772961741008965,0.03321875247862399,2.477854741794701,4.150039904229849,0.0,0.0,0.0,0.0,0.0,0.0,0.0,0.0
-3.1712676122462646,-0.7691391444780287,-0.22145183393751944,-18.54010819280386,-2.4134347508425025,-0.26054036061304287,-24.330224733284922,16.600159616919395,-4.2527641286850715,-0.9140961700601284,-0.3088859735979161,-19.282056683207646,-3.4949312672813093,-0.3479745002734395,-25.072173223688708,16.600159616919395
-1.0105951336651264,-0.6156207685082968,-0.0655433972949534,-6.824474990628424,-0.8973225865987811,-0.11477127934237535,-11.180000711486745,16.600159616919395,-2.0095192214822033,-0.7443323760559419,-0.14651226864735034,-0.4717574069940902,-1.9292212662392005,-0.1823435773094017,-3.7271757549220617,12.450119712689546
1.4164589333204525,-1.693300365477672,0.27716348600497187,30.15318658358217,2.1930217072659186,0.26884767235940144,25.573905838523586,12.450119712689546,-2.1234474846775653,-0.5927605448815463,-0.16098583080269724,-0.22317716418507416,-1.3468847107320991,-0.16930164444826767,-4.802457909243657,12.450119712689546
-1.4631992064053865,-1.0137077817988214,-0.059799162853697796,-0.5043072209527253,-0.6263586637212502,-0.11390888673860422,-3.8743810487613217,16.600159616919395,-2.1046306274720603,-1.0246573853821488,-0.11824553752753875,-0.5043072209526827,-1.267790084787924,-0.17235526141244517,-3.874381048761279,16.600159616919395
1.7781644177395917,-2.2928572123605804,0.18713821920219254,9.028677826101195,1.5168460556636898,0.14698117914178,4.451726493555256,12.450119712689546,-1.711537478490155,-0.672006322407011,-0.12755332604715494,2.1316282072803006e-14,-1.8891689028012193,-0.15323973491130896,-3.007802600577982,8.300079808459698
-1.474468070809687,-0.2842542225704072,-0.13205584924969088,-7.184486165233913,-1.4831080749931447,-0.1550127955340304,-10.831244125717909,8.300079808459698,-2.418103129971527,-0.3059719997725914,-0.22203279782420426,-3.515386330801796,-2.426743134154985,-0.2449897441085438,-7.1621442912857916,8.300079808459698
2.530855756335937,-1.4111367206425065,0.26103012180172436,20.800390050562537,2.901773755048165,0.2420048258125843,15.963739176112146,12.450119712689546,-2.684410375170354,-0.6503808126396375,-0.19481350177006124,-7.857910089553727,-2.313492376458126,-0.21383879775920128,-12.694560964004118,12.450119712689546
-0.9548912386383659,-0.5067240358890892,-0.05228003277166371,-0.7709160498441605,-0.3680388021651604,-0.052517525935133924,-3.1564692496383167,8.300079808459698,-2.1837247616391933,-0.30477226088339293,-0.17135145174249433,-16.69176484582386,-1.5968723251659878,-0.17158894490596455,-19.077318045618018,8.300079808459698
2.4707635397546834,-0.6351198540848166,0.2109364586312779,12.870853201121875,2.331918559446633,0.18622286485013312,9.623391166284875,8.300079808459698,-0.4927651778331654,-0.06744912640428602,-0.038296763321545774,0.0,-0.5637643475002951,-0.05023165731903925,-1.5907818832092175,4.150039904229849
-0.13258660966779523,-1.6082684539703216,0.05861327376482406,18.68876278503995,0.31150169506939385,0.01393944802555458,12.209573795206552,16.600159616919395,-2.361640073786142,-0.5935086039516797,-0.1669567848004837,-3.9237389155811115,-2.0328756807805437,-0.19936660960220443,-8.716073714141082,12.450119712689546
-0.13986877232359252,-0.24614734847106945,-0.002972730084391473,2.9756104238654544,-0.015446550230380218,-0.02675445726427128,-0.4171782478419388,8.300079808459698,-1.633907655617306,-0.46802154101141547,-0.12366138127932147,-0.09991331347516308,-1.5094854335240937,-0.14744310845920128,-3.4927019851825563,8.300079808459698
0.546158491639237,-1.118797865841346,0.12313169487675857,18.00021583623932,0.9345245209113617,0.08147475545662863,13.854479630806104,12.450119712689546,-1.511002912884063,-0.3532672638265506,-0.12021415700349425,1.4210854715202004e-14,-1.254350843185592,-0.14702726578086212,-2.7380844226323546,8.300079808459698
-0.5775504174965196,-0.1511671620395969,-0.04729113347916555,-4.2150300141006625,-0.8608166402962469,-0.06833778696455636,-8.600959412719327,8.300079808459698,-0.3034631783079944,-0.0659346725100054,-0.02460811614767379,-1.4210854715202004e-14,-0.44671590311861076,-0.034701409084855084,-2.137856325551411,4.150039904229849
-0.9133234460569923,-0.22777136228838124,-0.06957061783683471,-4.068493281573815,-0.6045419816175475,-0.07469618271933354,-4.779307128170075,4.150039904229849,-0.9741250878321015,-0.22200330480790775,-0.07624867763365639,-5.607463872049845,-0.6653436233926566,-0.08137424251615522,-6.3182777186461045,4.150039904229849
2.4925948110844365,-1.5142471056486269,0.23049219107028462,16.715414299571684,2.191758561510526,0.19934597284399574,13.977303579161521,8.300079808459698,-0.7565676185354864,-0.41998798342516785,-0.05994121655705972,-8.928141343414211,-1.0574038681093967,-0.0910874347833486,-11.666252063824373,8.300079808459698
0.3999535071414373,-0.9879282878552829,0.06999781629010593,9.182745138535495,0.6343137608202154,0.05416478450664197,6.045532361731318,8.300079808459698,-1.7193802582164963,-0.4358287689200342,-0.12452440034404622,-0.5894262530294228,-1.4850200045377182,-0.14035743212751017,-3.726639029833599,8.300079808459698
1.741509079395609,-1.1833745039828063,0.17103941178818086,5.337545522934171,1.6635344328001844,0.14651507559930543,0.1521556414652281,12.450119712689546,-2.3880214784444576,-0.3896689065695007,-0.20000292252089413,-0.10221835458603579,-2.442843860598898,-0.2157772579941202,-3.5172149803715342,8.300079808459698
-0.6817532286625072,-1.0451005549405554,0.0031951759787810508,8.264880742106275,-0.26250003317449533,-0.04521969758613198,4.457260214929438,12.450119712689546,-1.668692183144671,-0.7113089531141714,-0.10371241801971287,-0.12081405316983762,-1.2494389876566592,-0.1521272915846259,-3.928434580346675,12.450119712689546
1.4106676692996922,-1.4359967722862983,0.19187807848136434,9.577308835786368,1.411103143697856,0.1662923536694902,6.9431401308744825,8.300079808459698,-1.4122722265080156,-0.6771455935716322,-0.11723356372617844,-8.329849853257457,-1.4118367521098518,-0.1428192885380526,-10.964018558169343,8.300079808459698
-0.6755320517487711,-0.17346794188699377,-0.04968466921842085,-2.64739770497604,-0.38531332214452974,-0.05566632513521996,-3.478452015082514,4.150039904229849,-0.7680827784560353,-0.17999219520255494,-0.058092243556361556,-3.5894943578355765,-0.477864048851794,-0.06407389947316067,-4.42054866794205,4.150039904229849
0.6004964600646145,-1.0678812977304322,0.04417040196541372,13.279924879274112,0.3887715974695505,0.03173883124611432,8.340788500825603,12.450119712689546,-1.7815779062616555,-0.2424129513040576,-0.13517446300106659,0.0,-1.9264469893758074,-0.1431340613205182,-3.204343982272306,8.300079808459698
-2.1049486758029756,-0.9840842754710462,-0.14717894861625158,-4.74144962043901,-1.3836320252661682,-0.16729862196395107,-7.941082174492401,16.600159616919395,-2.7580139013045235,-0.6514992652738254,-0.221513890413798,-5.764000647173493,-2.036697250767716,-0.24163356376149747,-8.963633201226884,16.600159616919395
-0.917910608978878,-1.7833425401527556,-0.03440567320356713,14.58272024196291,-0.7807383210135521,-0.09183193124936978,7.519160832281237,20.75019952114924,-3.0940807562875428,-0.9331786762282341,-0.2401340300248883,-4.594933415713783,-2.9907342017281513,-0.2845246790515028,-10.189320902360372,16.600159616919395
-0.42521481410218165,-0.43303879759626973,-0.010285024433950851,-3.253445395516337,-0.014377466365855796,-0.030097021854388006,-6.200114415921199,8.300079808459698,-1.7673532184016238,-0.6947082062898904,-0.11451331054282776,-0.10211481470192751,-1.356515870665298,-0.13432530796326492,-3.0487838351067893,8.300079808459698
-2.867608164172464,-0.9250844468169461,-0.19301140871482614,-0.5109106810053703,-1.3098745451937566,-0.2187408872485479,-5.34041120072397,24.90023942537909,-4.346764230870304,-1.0995092927742522,-0.31703054722303836,-0.5109106810053703,-2.7890306118915964,-0.3427600257567601,-5.34041120072397,24.90023942537909
1.8902198626040256,-1.1870293864922719,0.19949800980003524,11.210750835935173,2.094486243438043,0.16481724995340918,7.062066675755844,12.450119712689546,-2.328599609364246,-0.6505535093777919,-0.17069543700827272,-11.268972427655655,-2.1243332285302285,-0.20537619685489877,-15.417656587834983,12.450119712689546
-0.35347825287088597,-0.15085852051472592,-0.017303085038501864,-5.050349514439919,-0.08137700120185443,-0.028957535243874677,-6.470131417969991,4.150039904229849,-0.7889258682197031,0.017641410369165555,-0.06486671282501255,-5.095108765898647,-0.5168246165506716,-0.07652116303038536,-6.51489066942872,4.150039904229849
-2.5735403758209587,-1.1209334371948128,-0.14669168723863457,-2.3779530870248777,-1.3780810371945664,-0.16627164877032374,-7.414406478366921,16.600159616919395,-3.5506288566261137,-0.8903370418055321,-0.23968972928550525,-7.4576066970623245,-2.3551695179997214,-0.2592696908171944,-12.494060088404368,16.600159616919395
-2.046586708805532,-0.6091445347997766,-0.1474876177044725,-20.756873883317198,-1.5360171396154643,-0.19227056879678295,-24.54578909804718,12.450119712689546,-2.782383067476913,-0.8807508997679818,-0.20309653720346843,-16.032846364790103,-2.2718134982868454,-0.24787948829577888,-19.821761579520086,12.450119712689546
-2.164174789065788,-1.6124629960588166,-0.10233730913927097,6.38307931654122,-1.4229373255969069,-0.1771291893366077,0.38173755732166015,20.75019952114924,-3.776227186761828,-1.278303726350206,-0.26910806153801714,-7.346798342903661,-3.034989723292947,-0.3438999417353539,-13.34814010212322,20.75019952114924
1.7905190098215673,-1.8870838371167231,0.14542411153514687,6.191364694587975,1.4409078793334862,0.11955410402835531,1.694591583974713,12.450119712689546,-2.1940662708480274,-0.5834403005055133,-0.16821015878704149,4.263256414560601e-14,-2.430904564053449,-0.18475915677971874,-2.886606383820208,8.300079808459698
-0.9542056836864488,-0.679410884746348,-0.04736668121342302,-2.0726165135566887,-0.3934954362911691,-0.0721753946506063,-6.19021640435178,12.450119712689546,-1.5828058279259594,-0.38301271298094264,-0.11899031709844188,-1.6675417826114654,-1.211158180038252,-0.1351647552859262,-4.390359842847332,8.300079808459698
-0.46846856410525106,-0.7658185848149834,0.011297268750066425,0.9006207759001867,0.3217030906107263,-0.005239027955212361,-2.9031389715483336,12.450119712689546,-1.302963498341315,-0.6671974054791416,-0.07295734383014585,-1.623052699187621,-0.5127918436253376,-0.08949364053542463,-5.426812446636141,12.450119712689546
-3.274282285076647,-1.0581203804037518,-0.1986990455150438,-4.317440747278777,-1.2385774809570362,-0.2247994503255215,-9.873499491061377,24.90023942537909,-3.96270191164907,-1.0913996306575129,-0.2553384881347295,-3.2112979278996256,-1.9269971075294592,-0.2814388929452072,-8.767356671682226,24.90023942537909
1.8220841637645702,-0.7574121748297813,0.15960811458190657,3.278743082170152,1.5356725120989179,0.1333238340739144,-1.97759795918752,8.300079808459698,-0.4767325809478029,-0.10463076672271754,-0.0397835871238721,-1.7763568394002505e-13,-0.621377358068731,-0.05242034740541539,-2.5483443193989643,4.150039904229849
1.728692758056849,-1.5946831666205163,0.22107419644556392,25.19818606350056,2.0293209785245736,0.17645547526508154,19.222747696534935,16.600159616919395,-1.7048280179125852,-0.5200213447280646,-0.12669144172333274,7.105427357601002e-15,-1.4836940483406114,-0.15912462560761537,-4.431504845944126,12.450119712689546
2.5055528593714627,-2.400602518560275,0.30110181627281835,22.68959054645714,2.397659124244944,0.22601356972582243,16.57203274831945,16.600159616919395,-2.433224461094441,-0.7767530862207916,-0.16843215740515338,-0.10122383460845441,-2.5190730321754895,-0.22242573780443425,-4.6337515421731865,12.450119712689546
0.4569833370469798,-0.4320399919158717,0.09018756595087707,5.757339711341125,1.156052401295037,0.06613398530253356,3.2945825331710843,8.300079808459698,-0.7606593809424744,-0.6861420315932225,0.005393100310268517,-7.674658775500628,-0.06159031669441717,-0.018660480338074992,-10.137415953670669,8.300079808459698
0.6349497193758102,-1.9984558553899436,0.08254575403108833,2.4339849385576002,0.3482860063610982,0.024003459233163105,-4.621232224330406,20.75019952114924,-2.599647189575427,-1.0049039078271917,-0.21277112440854087,-8.134396120549802,-2.8347368424677666,-0.2575807594967485,-13.721956948996002,16.600159616919395
0.734221988911754,-1.7897557779567244,0.13490627196211957,18.571253338376238,1.2187634168505213,0.11080979040940342,12.670478623711446,16.600159616919395,-1.2247473552146726,-0.53042118941522,-0.08396720055643325,-0.5435919184767215,-0.865465582336955,-0.10163929651690218,-4.92166075154784,12.450119712689546
0.9339909606598917,-1.5733986738625596,0.13214724277728562,28.08939418008427,1.0952096603321193,0.0703935485103736,19.810472280925893,16.600159616919395,-1.4511852781057044,-0.6729064802948432,-0.08749205390163939,4.263256414560601e-14,-1.3356777485063809,-0.13230114532728987,-6.093628497286069,12.450119712689546
2.216538260332812,-1.9058099222984932,0.24976231877479615,25.603813386660246,2.3220119104538917,0.2105528915332242,18.651364778699023,16.600159616919395,-1.4567491454966275,-0.6648206742822502,-0.10481987619410682,-3.6817358989744946,-1.3822912253319108,-0.13326766386086825,-8.82380144618461,12.450119712689546
0.39952534575535914,-0.10765926657074054,0.04701751719344249,3.739293922310626,0.5733931619754671,0.03358324563552906,2.743363741524483,4.150039904229849,0.0,0.0,0.0,0.0,0.0,0.0,0.0,0.0
-0.4483365912676618,-0.1347712815006723,-0.03829028553496516,-6.743776809486569,-0.3587038506314588,-0.05732740684963522,-9.869937197268676,8.300079808459698,-0.04927551018389931,-0.12384047999135461,-0.0006016755158989029,1.4210854715202004e-14,-0.0055101065489227,-0.00984170154842412,-1.5479338448459004,4.150039904229849
2.1238639651665947,-1.5307619397885492,0.3074751667024579,28.79926685945542,2.9500426115293577,0.30124461372684863,24.26673915189071,12.450119712689546,-1.777654918107019,-0.5551273558625649,-0.12488184542108915,-4.47681673731752,-0.951476271744256,-0.13111239839669842,-9.009344444882231,12.450119712689546
0.3455757287269101,-0.7279168999941579,0.04560580791001484,3.599620056974068,0.4854841529215115,0.031598774757811754,0.7222251708624228,8.300079808459698,-1.9070518337077402,-0.47601214499182376,-0.14054903884377107,-0.08235179325821917,-1.7671434095131389,-0.15455607199597415,-2.9597466793698644,8.300079808459698
-1.7099021863734354,-0.7422164093504051,-0.07550470373794749,-0.5109106810053703,-0.624809096528244,-0.10711622887245364,-2.9031389715483336,12.450119712689546,-2.7218049028184375,-0.6758575919090273,-0.17007563823869098,-3.5554566477712584,-1.636711812973246,-0.20168716337319714,-5.947684938314222,12.450119712689546
0.8547905593914393,-1.7469281449157634,0.20744204699822189,19.192764829345673,1.2831224182468866,0.18842937198552534,16.45465410893554,8.300079808459698,-3.1124768272330128,-0.5617841491861153,-0.23790408757631043,-10.448598986108387,-2.6841449683775656,-0.256916762589007,-13.18670970651852,8.300079808459698
-0.2155063557586434,-1.9430803288743714,0.05802998529471115,12.853469915318549,0.20430670539453022,-0.01206991748923747,5.772726094361069,20.75019952114924,-3.119207027343096,-1.4059448175175735,-0.2039313008826561,-1.238807301920552,-2.6993939661899224,-0.2740312036666047,-8.319551122878032,20.75019952114924
-0.6609666769022748,-0.7846344992081029,-0.026590419475186255,1.6389483798999507,-0.07714646893342003,-0.027321844783929072,-1.7591665816224946,12.450119712689546,-2.517731479421359,-0.6781159428520027,-0.21317918844706457,-6.3399761621774715,-1.9339112714525042,-0.2139106137558074,-9.738091123699917,12.450119712689546
-0.9674145313943283,-0.6397429653769429,-0.06564774254465161,0.43626306068225773,-1.1740701086505823,-0.1062418443944323,-7.148636308201283,16.600159616919395,-0.9253910791344744,-0.45585430308492647,-0.06340558553712031,-4.263256414560601e-14,-1.0857934345083864,-0.09265677691334087,-5.578540484409892,12.450119712689546
-1.1684188615084468,-0.6698912484510462,-0.0753337103744518,-0.46958009927513444,-0.9628031392191705,-0.11321402192826391,-3.516001728485463,12.450119712689546,-1.3639710692001872,-0.723773844004798,-0.0908466541801371,-0.46958009927513444,-1.158355346910911,-0.1287269657339492,-3.516001728485463,12.450119712689546
-0.8386978286141646,-0.8954911518747597,-0.017894262939971872,-0.4730598808677122,-0.17674385350514576,-0.0432713632819145,-3.6930537708838145,12.450119712689546,-1.508895490231387,-0.7290865048158537,-0.09125492158232451,-0.47305988086768025,-0.846941515122368,-0.11663202192426714,-3.6930537708837825,12.450119712689546
-1.6282767105566975,-0.9253371164247692,-0.08439231241336931,-0.5109106810053703,-0.970352264649966,-0.144710052290148,-3.7105432350587577,16.600159616919395,-2.6795226387915205,-1.0331700586847141,-0.17482821667196624,-2.971818455016141,-2.021598192884789,-0.23514595654874493,-6.1714510090695285,16.600159616919395
0.5183824195764029,-0.4120078478813536,0.08949605823655549,1.9379877025792887,1.0938764023661136,0.07426051896782382,-0.46191891033577903,8.300079808459698,-1.99653435479894,-0.26602820320373155,-0.16835070600742996,-6.115615793038643,-1.4210403720092293,-0.18358624527616163,-8.51552240595371,8.300079808459698
1.0743897238331135,-0.6359602633155017,0.13210119190186553,3.7620989385448347,1.423855433160437,0.09160634997523298,-0.8515773617785527,12.450119712689546,-1.7511928262158971,-0.5761910623406639,-0.12705402864695103,-6.445451780788481,-1.4017271168885737,-0.16754887057358359,-11.059128081111869,12.450119712689546
-1.676292920648259,-0.7259847303512146,-0.11713524644213003,-2.1878918398276284,-0.9661872922838821,-0.13652590527657316,-5.387524393881051,16.600159616919395,-2.6403638823800035,-0.543007284757067,-0.2115129211247666,-12.918551011194612,-1.9302582540156266,-0.23090357995920974,-16.118183565248035,16.600159616919395
2.6791878085359766,-2.309936975992695,0.33419660903506265,27.957455512378402,2.9136437222822886,0.3096505989449208,23.25297670816122,12.450119712689546,-2.3871278268839724,-0.5823335669306022,-0.17962429636606508,-8.315354663730503,-2.2337286308606874,-0.19548735105943466,-11.407841676984134,8.300079808459698
-0.027258038946409435,-1.2728148485258934,0.05794744007348185,9.030761590938845,0.37925317164604344,0.05190090997723884,6.173484465087064,8.300079808459698,-1.6058183195151399,-0.5638090633063069,-0.11514052983803413,-9.192004946164715,-1.199307108922687,-0.12118705993427714,-12.049282072016496,8.300079808459698
1.7474487992046095,-2.2178584609297953,0.24101760601715055,17.725259499096623,2.041551892487692,0.23255412651165985,12.951475894845345,12.450119712689546,-3.057765046567784,-0.746048201558871,-0.2543237265881497,-16.19838468818449,-2.7636619532847018,-0.2627872060936405,-20.972168292435768,12.450119712689546
0.40509232272143425,-0.6972012488110177,0.036402533164611395,4.775792246644983,0.09846046838477562,0.005010460803709871,-0.8944969396685138,12.450119712689546,-1.0821662790002073,-0.12452238915552805,-0.08944104912594361,-2.715092798405294,-1.2895313578876633,-0.10957334392368051,-6.3998557946526375,8.300079808459698
-0.3261826790122546,-0.6150661352318618,-0.009968012769106471,1.6946021598757994,-0.23470672687289085,-0.02839635818313918,-3.0542051681463747,8.300079808459698,-0.8803387655279771,-0.09173077127388751,-0.06458537045433477,-5.350635270600677,-0.8362918854933898,-0.07354245150185629,-7.693415749884565,4.150039904229849
0.9706787525793459,-0.8176410818317574,0.10490372524913127,2.3759487014522307,1.3056318719547155,0.1007212882092865,-1.139117682173918,8.300079808459698,-1.1829058833111583,-0.4723423903370332,-0.0785564056277347,-2.1942803384231055,-0.8479527639357887,-0.08273884266757947,-5.709346722049254,8.300079808459698
0.4219352640350449,-1.787975535215507,0.08706268079350155,18.04995674795805,0.5681715504885165,0.06042282408953209,13.013564829539469,12.450119712689546,-2.71354629989895,-0.800157397263952,-0.20201112124627454,-1.029566412655626,-2.5673100134454785,-0.228650977950244,-6.0659583310742065,12.450119712689546
-1.6418947759517355,-0.6406640221587061,-0.10498071576913903,6.692643007252531,-0.8921020637597366,-0.14667313802130666,1.1814584593047606,16.600159616919395,-3.280199338223855,-0.7689913145966525,-0.24579833993247013,-0.42810446444405414,-2.530406626031856,-0.28749076218463776,-5.939289012391825,16.600159616919395
-4.600740361651102,-1.5320636963975023,-0.30699200287155237,-1.9036840368067622,-3.462916007806549,-0.34991007417173126,-6.591889088428037,20.75019952114924,-5.160936097221037,-1.3330480564033174,-0.3609865647155003,-9.399179813111392,-4.023111743376484,-0.40390463601567916,-14.087384864732666,20.75019952114924
-0.44303456210830205,-0.6729107449604275,-0.019700643295932352,8.01542073560028,-0.22839960712088825,-0.03739612998733244,3.215060519409853,12.450119712689546,-2.399908545871643,-0.7776627093928248,-0.1712063704079091,-0.09413038468792934,-2.2601262415190337,-0.1826192085606811,-3.2498653085934563,8.300079808459698
0.2399214380217618,-0.1657088415757748,0.02845105401677983,3.2216056468414394,0.30754861754302976,0.016854781746243774,1.1505922853609079,4.150039904229849,-0.6214134559816342,-0.11939971302086505,-0.05067906136397804,0.0,-0.5537862764603663,-0.062275333634514096,-2.0710133614805315,4.150039904229849
-0.5774550481264518,-0.2847432788086621,-0.043318236693454054,-2.0569387642508445,-0.6016858191069341,-0.04711875707924151,-3.3340237477009254,4.150039904229849,0.0,0.0,0.0,0.0,0.0,0.0,0.0,0.0
1.3141293994279888,-2.0923780137853143,0.24499831889764856,11.80173024998733,1.7096213740539943,0.207292603152325,7.169433485683726,12.450119712689546,-1.644354842761775,-0.5943773449118925,-0.10830158007204593,-1.3098581413302028,-1.3834752606589173,-0.13269039575578334,-4.365418456343562,8.300079808459698
-1.2682579423284546,-0.541009020306241,-0.08080455616298665,-0.5109106810053703,-0.8540581944574299,-0.10294333803933375,-2.100739614641409,8.300079808459698,-1.2726434519158225,-0.5374627617337584,-0.08147299266880792,-0.5109106810053703,-0.8584437040447979,-0.10361177454515502,-2.100739614641409,8.300079808459698
-1.0940100764892167,-0.24518928401087692,-0.08127175934596786,-1.2044036270515655,-0.6064123728503725,-0.0971996413520062,-2.7586162784859383,8.300079808459698,-2.0497706302713423,-0.26830472315089793,-0.1669140101701826,-7.533704508273853,-1.5621729266324982,-0.18284189217622093,-9.087917159708226,8.300079808459698
0.9050854851544887,-0.8145736359054716,0.10319955442684098,0.4904344695621461,1.1289472571302417,0.08166519846872566,-4.250563725287066,12.450119712689546,-1.4886635189544917,-0.22878304280166972,-0.1190892643298937,-6.350986593594527,-1.342547668461247,-0.13315855360772844,-9.4829431136735,8.300079808459698
-1.084081708964768,-0.1916450934949161,-0.07795147418422504,0.7939265611297941,-1.2808797139056693,-0.10057148269787011,-2.775383491078543,8.300079808459698,-1.1797214799270206,-0.043146959532773366,-0.08498856513451938,0.0,-1.2799654002591865,-0.09587074870302115,-1.7450008472711858,4.150039904229849
-0.16105535926640435,-0.9643958437092941,0.038273020783615164,2.6118718917915054,0.38786268320740724,-0.009406211985151569,-3.64772382152697,16.600159616919395,-2.718646869356056,-0.6127624274012771,-0.20999290791992847,-6.791804880874423,-2.3108589328671547,-0.24500442208282375,-11.441139577701932,12.450119712689546
-0.8711677497703185,-0.41813416763137035,-0.038958915200155486,-2.8587474020526997,-0.2319647477635023,-0.06199515200043093,-4.260455061344061,8.300079808459698,-1.1729712254288103,-0.41959743813082007,-0.0671694365719191,-3.8559142068985928,-0.533768223421994,-0.09020567337219454,-5.257621866189954,8.300079808459698
0.5332715658376896,-1.737286947398525,0.13477558031961712,19.26615125867249,1.0852519104159297,0.09503903289784177,13.545510631200717,16.600159616919395,-2.630838445761019,-0.6075112165734939,-0.196182012431093,-9.243818352631763,-2.2208593871956284,-0.22505773571826604,-13.488408639371237,12.450119712689546
0.7325499560616899,-0.9463086825334646,0.08604225398350435,15.378073870255172,0.95751929858503,0.08150552209050138,12.761431978175175,8.300079808459698,-0.45409769080613227,-0.6630319250804444,-0.021362672345023148,-0.4062286143586604,-0.22912834828279216,-0.025899404238026114,-3.0228705064386574,8.300079808459698
0.6686160318743362,-0.2644197171400329,0.05520804678327433,0.8692146571608959,0.6636470711161024,0.05689893566838965,-0.694194718333101,4.150039904229849,0.0,0.0,0.0,0.0,0.0,0.0,0.0,0.0
-0.3653880770094542,-2.1013771277810154,0.004932573340667823,17.769987033712972,-0.5019979596696311,-0.05486409828246558,11.2917923270658,20.75019952114924,-3.619134110177158,-1.3387404251124835,-0.312753957667094,-10.021808281342551,-3.755743992837335,-0.3725506292902274,-16.500002987989724,20.75019952114924
1.5823250420884838,-1.222542532484903,0.2227867836894556,28.14811362941377,1.762555805494781,0.19639288698166113,24.654140816200773,8.300079808459698,-2.0262665851411787,-0.6107457539764685,-0.15992787994032065,-0.72676337673213,-1.8460358217348816,-0.1863217766481151,-4.220736189945129,8.300079808459698
-1.7619979538930242,-0.9158124357983208,-0.09524644284367223,6.8622346638193115,-1.05106293807129,-0.1189996505703721,3.9398190313916324,12.450119712689546,-2.863453714648312,-0.5733656998472849,-0.2080019112511673,-2.326584720960554,-2.1525186988265776,-0.23175511897786716,-5.249000353388233,12.450119712689546
1.0083247967559439,-1.237526246432477,0.1217160377081195,15.134419556622134,1.0367554337566087,0.09028230711789109,10.985735396442834,12.450119712689546,-1.4933434125384837,-0.8958903706907453,-0.11206519587776853,-0.41884655682377314,-1.4649127755378188,-0.14349892646799695,-4.5675307170030734,12.450119712689546
-1.734471039958141,-0.327472564957608,-0.14872200388458756,-5.41010549542974,-1.190117847887029,-0.1805537240179096,-8.114979154780256,12.450119712689546,-2.3893379630259837,-0.16485536996772687,-0.22191442565387032,-11.760571414032526,-1.8449847709548717,-0.25374614578719235,-14.465445073383043,12.450119712689546
0.8272383123080873,-0.26341686735772996,0.07312894174053819,1.5592640974019787,0.6346155938054876,0.0416714380366357,-2.1777910377252425,8.300079808459698,-0.4761303272683204,-0.06882566771148824,-0.03874405623428326,-3.552713678800501e-14,-0.5739192444929708,-0.053851990990183424,-1.829927390047402,4.150039904229849
1.768669309842874,-1.492565055040357,0.20976705270998947,24.69842525911618,1.6852891603136966,0.16557980225413926,19.987157246885953,12.450119712689546,-0.6221024870188385,-0.4672537949075988,-0.04210664076638887,-5.684341886080802e-14,-0.6802318806066854,-0.07050229130500979,-3.099630439459432,8.300079808459698
-0.2579978444060993,-0.9396944594947634,0.009068040195530813,8.264880742106286,-0.1288813931493049,-0.02658854250827719,4.457260214929448,12.450119712689546,-2.4374260151654337,-0.7796406449667703,-0.19370913596435763,-0.6554226562682288,-2.3083095639086393,-0.22936571866816563,-4.463043183445066,12.450119712689546
2.978167862311998,-1.9346445216030723,0.31515424436156314,19.20090116498416,3.062695565712592,0.2944562989924655,14.683683411128122,12.450119712689546,-1.7802147729046869,-0.6590177725416577,-0.13814971513281177,-9.187049761810755,-1.7268585151419824,-0.1514655429488751,-12.161554488781512,8.300079808459698
2.529362564557225,-2.777698271359494,0.3187767777027925,10.816805083264981,2.7461271141420163,0.3012922499965415,6.436884247927821,12.450119712689546,-3.4714361286199757,-0.5488546902501046,-0.26823834328287666,-11.953322625703585,-3.2546715790351843,-0.28572287098912763,-16.333243461040745,12.450119712689546
-0.8010572954371575,-1.3996488400024774,-0.06588601073290025,7.318929697445689,-1.2632958910679282,-0.12554917130203952,-1.2151837123602292,20.75019952114924,-1.601823225611132,-0.5358068477621227,-0.1319069799932867,2.1316282072803006e-14,-1.9776813351088274,-0.1775362227139346,-6.744493053300559,16.600159616919395
-1.6433520249705236,-0.39100276623000596,-0.13018206827145906,-0.7201596457956363,-1.2209305725248587,-0.14722209583691415,-3.996502863269381,12.450119712689546,-1.7722345295148045,-0.41544433053032925,-0.14107327135559328,-1.1493495695587228,-1.3498130770691397,-0.15811329892104836,-4.425692787032467,12.450119712689546
-3.5085197524548084,-1.3806069844550972,-0.24780772964058906,-0.32775842093135665,-2.6639755537354537,-0.3122890213563756,-6.664583353674878,24.90023942537909,-5.408314773467149,-1.3745523174009247,-0.42074068639638806,-6.006183904592902,-4.563770574747794,-0.4852219781121746,-12.343008837336424,24.90023942537909
1.6739619632953007,-0.6514304550184153,0.1362508543593904,10.471687014823807,1.379459057323018,0.11478760534012122,5.982333890443037,8.300079808459698,-0.02564539067633209,-0.13814806190611328,-0.0025771173601110975,6.394884621840902e-14,-0.17450986895564125,-0.012882555973177445,-2.1922750385743797,4.150039904229849
-0.6159665068709028,-1.2953148098777554,0.03441032619629014,6.568191081410241,0.2631835079099254,0.011920713186202359,2.818238892697501,12.450119712689546,-2.4087637778073,-0.7841927094423262,-0.14489223924575445,-0.11955298857561303,-1.5296137630264717,-0.16738185225584223,-3.869505177288353,12.450119712689546
-0.7531520117341151,-2.363342633721391,-0.013421742666800462,16.265249769399993,-0.5696736692833104,-0.07296001174954064,4.626612728427858,24.90023942537909,-4.316636158064835,-1.0439096750052297,-0.32576506663965116,-4.988365512316889,-4.172529914471457,-0.37340886232988624,-14.469451298682529,20.75019952114924
2.088413384108301,-1.8308148061308938,0.19783028216797108,10.008044342667269,1.9537137134512328,0.1672753722617094,3.8904865445295513,16.600159616919395,-3.0270342996464916,-0.8305807205905733,-0.24143964022075826,-6.537200083641068,-3.1871294272736272,-0.28126964980995534,-14.278144089347656,20.75019952114924
-2.9324756912240115,-1.4479307684790879,-0.17744519101841072,3.187555840946974,-1.8499025088707821,-0.22672525419534106,-2.6429118033587713,20.75019952114924,-4.129448746922581,-0.937304745658631,-0.3130045240946142,-9.574408447787498,-3.0468755645693513,-0.36228458727154456,-15.404876092093243,20.75019952114924
-0.5014231238563704,-0.6325794823571478,-0.005422525368568909,1.5914141527579986,-0.05534633269137501,-0.045228773787491794,-1.821484900541659,12.450119712689546,-2.4103891626656715,-0.23409625063055906,-0.22114270891274934,-11.386668950264013,-1.964312371500676,-0.2609489573316722,-14.799568003563671,12.450119712689546
-1.0332264321527562,-0.5988750866518853,-0.07159741494581184,9.390530020157222,-0.8910681764962458,-0.09470043192821337,3.310488732560394,12.450119712689546,-2.851062785014369,-0.49515378590924186,-0.2247816614539887,-1.1954632772231832,-2.7089045293578584,-0.24788467843639023,-7.275504564820011,12.450119712689546
0.06646395620808487,-1.9110930348371689,0.1330203396062153,19.24889002025071,0.5286428273362009,0.07187904257603861,12.628047474543681,16.600159616919395,-3.067604359824161,-1.2124690160310116,-0.23134207446354227,-5.722734096457458,-2.605425488696045,-0.29248337149371895,-12.343576642164486,16.600159616919395
-1.3958178273958852,-0.4884110163369577,-0.08834969060873565,4.711909429873206,-0.7801136329598002,-0.11459818312800352,-0.12128609993967743,12.450119712689546,-2.6534755791859608,-0.5464453834756391,-0.19032868798717162,-0.43233031609083383,-2.0377713847498757,-0.21657718050643948,-5.265525845903717,12.450119712689546
-2.181392102167101,-0.877446407330245,-0.15032562744203054,-3.9496734518251095,-1.5078949059244007,-0.1702295029125725,-8.722416621471442,16.600159616919395,-2.8768161329949526,-0.7451212316303799,-0.21408434471825227,-11.590263712715565,-2.3755320702287586,-0.2288832968973213,-15.148994247787627,12.450119712689546
0.6691373752583551,-1.8298131576075267,0.14044073435338966,11.861667679441254,0.7225590611358523,0.08925025355415939,7.941760407716224,12.450119712689546,-1.199477969454521,-0.1497596232071281,-0.09359229047773326,-5.833307241388631,-1.1667158631458063,-0.12641179232904726,-8.423357184262166,8.300079808459698
0.6071291516268396,-1.0834587051880682,0.09604274061256135,7.9062594615149635,0.7849884363037241,0.09062412570046141,6.076017998774809,4.150039904229849,0.0,0.0,0.0,0.0,0.0,0.0,0.0,0.0
1.36757031873449,-0.6706145604621288,0.11297595281181194,11.289809080241291,1.3795440405724335,0.10832821024084033,9.619413523910701,4.150039904229849,-0.33962789146224637,-0.2805578790562091,-0.022760559240716377,-0.07821976159981148,-0.32765416962430294,-0.02740830181168799,-1.7486153179304011,4.150039904229849
-1.244695130892115,-0.5450724767742532,-0.07154757497828224,-3.1684968324003293,-0.8071768236654666,-0.10102876159234442,-6.31719809964321,8.300079808459698,-1.6298687387881872,-0.23688934676455808,-0.13011485276931123,-5.814751728624216,-1.1923504315615387,-0.1595960393833734,-8.963452995867097,8.300079808459698
-0.09930041900481079,-0.24533020905753133,-0.009555260855206638,7.301402104473183,-0.2891200697476837,-0.033472165763321904,3.2512689275813926,8.300079808459698,-0.7900662852195484,-0.08107270157824864,-0.08126661585948575,-3.552713678800501e-14,-0.8859037030764072,-0.09277129910726309,-1.9947294817107917,4.150039904229849
-2.314141018686078,-0.9835753821517859,-0.16152678680768273,-0.5109106810053845,-1.839355210207172,-0.19092034708345307,-2.9031389715483478,12.450119712689546,-2.9584834234377855,-0.8865909991343184,-0.22484471172519394,-1.7072505623586878,-2.4836976149588796,-0.25423827200096427,-4.099478852901651,12.450119712689546
-1.8787155566488023,-0.8071654408174513,-0.13981462600513359,-3.136933611883876,-1.9446388288628436,-0.17850083203910325,-9.812186262889412,16.600159616919395,-3.5984940467126303,-0.5494304332660906,-0.27852526495531665,-5.553356343482243,-3.6644173189266716,-0.3172114709892863,-12.228608994487779,16.600159616919395
-0.7589805035632011,-0.5195397573513656,-0.02591725334699735,-0.7238714043725096,0.0733631747537693,-0.04890298572180041,-4.7525152566666335,12.450119712689546,-1.5949854629442086,-0.19365920972724915,-0.1277033563603841,-11.625346800196208,-0.7626417846272382,-0.15068908873518716,-15.653990652490332,12.450119712689546
-0.5647573267963057,-0.34590420455458215,-0.03336140082545502,-4.730171365103921,-0.22467000221169098,-0.05010152589054251,-7.2401785666922684,8.300079808459698,-2.142982625312606,-0.22248968337550856,-0.1926857522671016,-6.210117111146012,-1.8028953007279913,-0.2094258773321891,-8.72012431273436,8.300079808459698
-0.20564958915680798,-0.984918990053167,0.06069195271544403,7.82549466453559,0.42705994737695185,0.05150212797125808,5.1171298506742176,8.300079808459698,-2.9527066556375594,-0.5436585388059179,-0.22467283365361734,-0.11592820183305719,-2.3199971191037996,-0.2338626583978033,-2.8242930156944297,8.300079808459698
-3.6271057082769342,-1.2117055845858395,-0.2308824161942742,-5.965902464215176,-2.682645777590542,-0.3051900868741825,-15.80710255448733,24.90023942537909,-4.400082656079918,-1.0225142883617409,-0.2973479427300651,-7.352030506381567,-3.621627227040891,-0.35774899793521814,-15.67564953677443,20.75019952114924
0.8800148264640706,-2.114851375873318,0.19783481860017638,25.58288360163519,1.1488659871704554,0.1561666473296932,21.050355894070506,12.450119712689546,-2.041081620197427,-0.8075327285811049,-0.14431413364130596,-2.842170943040401e-14,-1.8647025705066822,-0.1711875341290564,-2.985090323058401,8.300079808459698
2.399772197470474,-1.2392589319679388,0.2676706746302542,17.115174030132785,2.670830763973121,0.2481548194541695,13.837213023571067,8.300079808459698,-2.851338798830616,-0.6345384179173408,-0.21243514441146927,-3.478329642830552,-2.5802802323279694,-0.23195099958755394,-6.75629064939227,8.300079808459698
-0.4326002578907797,-0.5299986333896278,0.002896266291149807,-0.24029032996801547,0.1958666404274787,-0.03748268979581759,-2.3711803634314137,12.450119712689546,-1.4464121119818651,-0.28363880562819155,-0.11457784190822273,-0.6145173613411572,-0.8179452136636067,-0.15495679799519013,-2.7454073948045554,12.450119712689546
-0.135679486405893,-0.20873528304887756,0.0010366147793753333,-2.35923670615108,0.03570172346030187,-0.01086084757942185,-3.5027048660166606,4.150039904229849,-0.7551769054333191,-0.17519588512810458,-0.05919780213967152,-6.177375365162984,-0.5837956955671242,-0.0710952644984687,-7.320843525028565,4.150039904229849
0.6054247547149005,-1.9835927051995341,0.1077354627235439,-3.680013507935385,0.3254772504633241,0.02284092501347912,-10.42285347025527,20.75019952114924,-3.0507983000516825,-0.6445089822954593,-0.25776519443931345,-10.83327648437863,-3.2800553416254097,-0.322954432553067,-16.179032574682843,16.600159616919395
-1.5442591075289114,-0.8488630132187875,-0.1063305589680506,-9.149374384890471,-1.019287097136412,-0.16044283311386082,-13.16142729799282,20.75019952114924,-1.5699526051207835,-0.561914068437348,-0.11912511682796639,-8.697783316830744,-1.1547668606129546,-0.16145985479768415,-11.897415870884146,16.600159616919395
3.1695545196006147,-2.1313254608828824,0.36100118215514354,25.166136400572924,3.2192807213275554,0.32925247504883154,20.633608693008185,12.450119712689546,-1.3977387847615708,-0.3838305693878805,-0.10749273716560026,2.842170943040401e-14,-1.3676857088410266,-0.12791689453995786,-2.9850903230583654,8.300079808459698
-1.8655532155204435,-0.306636569161725,-0.1599954235793296,-11.890380225940063,-1.7048773525087269,-0.20237658818442616,-14.955690868070267,12.450119712689546,-1.6311732901214793,-0.45916237255599235,-0.13343110750319637,-2.4689823662646155,-1.4704974271097626,-0.17581227210829292,-5.534293008394819,12.450119712689546
0.25802098348026714,-0.6153291408996644,0.03132997361732259,0.16410220448141644,0.27119506794899273,0.0024882883344323203,-6.160606207658336,16.600159616919395,-2.5007939224653164,-0.293105459281108,-0.20922270443069768,-13.709652651378981,-2.495174838037162,-0.23017818705230098,-18.410353282835,12.450119712689546
0.28009062726024325,-1.4845130070420982,0.15254571402639627,22.639318031681665,0.8498834692074233,0.1275388987283277,19.90120731127153,8.300079808459698,-1.622488907726627,-0.780668152970815,-0.07567920844628684,-0.11101179572440856,-1.0526960657794469,-0.10068602374435542,-2.8491225161345426,8.300079808459698
1.5439792141267672,-0.8533887062698451,0.19005759337112238,21.326288178446884,1.623219960134592,0.17876599774758895,19.970917648917972,4.150039904229849,-0.00751845224744585,-0.1205634239997142,0.004769811341015395,-1.04759345348009,0.07172229376037897,-0.006521784282518039,-2.402963983009002,4.150039904229849
2.5774267050767463,-1.2465135483743754,0.2820167742208208,26.357000698572087,2.5301228397996978,0.2596412298287343,23.26237558247778,8.300079808459698,-0.6442456121891427,-0.1700690445391615,-0.05524118848707221,0.0,-0.6915494774661912,-0.07761673287915871,-3.0946251160943063,8.300079808459698
-3.4652229642031065,-1.2969867353916502,-0.2286511082620074,-2.7270660167650327,-1.6150167867612586,-0.25113979492325267,-7.556566536483622,24.90023942537909,-4.073506329055253,-1.246953814189185,-0.2899268837269786,-5.578358132778995,-2.2233001516134054,-0.3124155703882239,-10.407858652497584,24.90023942537909
-1.194682333917818,-0.5282338164895091,-0.06808433220591015,0.9162237091568812,-0.8220009931924954,-0.08874056046769463,-2.8447831034054687,8.300079808459698,-1.8358266940084134,-0.6112023293981999,-0.1161019468560478,-0.10296997002130581,-1.4631453532830907,-0.13675817511783228,-3.8639767825836557,8.300079808459698
-0.8171149701084124,-0.11653654807616043,-0.06532079948663838,-2.709354744150126,-0.45190823793228585,-0.1026617791777299,-6.377096709350091,12.450119712689546,-1.8383313402002388,-0.1735115072047222,-0.1530510856823819,-7.656629136802362,-1.4731246080241123,-0.19039206537347342,-11.324371102002328,12.450119712689546
1.4011263360840465,-1.9021331612931114,0.18956151668170085,23.557518322663935,1.709632823970586,0.14790471545722716,16.735277549058193,16.600159616919395,-3.7306244922133747,-0.7348196162659111,-0.27793934068058856,-0.8250610536074845,-3.422118004326835,-0.31959614190506225,-7.6473018272132265,16.600159616919395
-1.073226960089868,-1.8364254978340977,0.0092004578904602,16.513157560959154,-0.5810004743462382,-0.053897345239826144,11.283807253483094,16.600159616919395,-2.695685081167354,-0.9920474443604004,-0.1852153382077536,-2.1316282072803006e-14,-2.3302087164166263,-0.2308003088920182,-3.8876341361280993,12.450119712689546
0.1376178730661639,-1.649786667714837,0.10688596878616075,22.639318031681686,0.6766358591619994,0.07258069470638273,18.49063387150235,12.450119712689546,-2.082241413218644,-0.8254207024671434,-0.12916723573746025,-0.11101179572441566,-1.5432234271228085,-0.16347250981723827,-4.2596959559037515,12.450119712689546
-2.4723464554413432,-1.4577887093303588,-0.13806795873269373,-8.130318787809259,-1.6808600412216101,-0.20327198004222669,-15.558145651100268,20.75019952114924,-4.737579513281687,-1.118943541149461,-0.35654819161858753,-8.130318787809259,-3.9460930990619536,-0.4217522129281205,-15.558145651100268,20.75019952114924
2.493440604584274,-1.4616096446069573,0.25675579198276155,5.686489717017487,2.715051029759419,0.2490825715029586,2.496680241699444,8.300079808459698,-1.0790679108411139,0.027440483046488495,-0.08399775284403321,0.0,-0.9697345775842692,-0.08774464113553476,-1.569464019659165,4.150039904229849
-0.07651220873967723,-0.1888096555208829,0.013645343555731104,-0.510910681005381,0.27889848221584934,0.0014348873380585214,-1.3033339386030995,4.150039904229849,-0.07651220873967723,-0.1888096555208829,0.013645343555731104,-0.510910681005381,0.27889848221584934,0.0014348873380585214,-1.3033339386030995,4.150039904229849
0.32430929543882847,-0.35521346882669214,0.05703104825431238,8.296709406447267,0.7433900063301238,0.0326027215733421,5.675421708182615,8.300079808459698,-0.17579499059112713,-0.2928713307237043,0.006283302797774781,0.0,0.24328572030016815,-0.0181450238831955,-2.621287698264652,8.300079808459698
0.6814798248532261,-1.434115303133538,0.15724310847890288,22.104547091164108,0.9830818145825537,0.13645765348246786,19.24956366930043,8.300079808459698,-2.1432819028041505,-0.8299675417059404,-0.15388346508715678,-0.10838954878546758,-1.841679913074823,-0.1746689200835918,-2.9633729706491465,8.300079808459698
-1.0779078402178612,-0.6928994658946124,-0.03981104614135034,4.949352416896623,-0.2622572613447218,-0.03440932246170336,2.7347314186472396,8.300079808459698,-1.0700724487488813,-0.3112624245404536,-0.0668410571368655,1.0658141036401503e-14,-0.6627683776363007,-0.06442573484988356,-1.1010697359438488,4.150039904229849
-1.6010632862986753,-0.17240870752323545,-0.12027870521897599,-3.667175051831528,-0.9246047754617681,-0.14503326842059994,-5.439367200844067,8.300079808459698,-1.7894391135015546,-0.16808685116285282,-0.13678804504971198,-7.072615065493551,-1.1129806026646474,-0.16154260825133593,-8.84480721450609,8.300079808459698
-1.1057475776431254,-0.7777523126574657,-0.042881781967083366,-0.6528898815293189,-0.5198032373924253,-0.051002164158169494,-4.990814115616072,8.300079808459698,-2.51381695881654,-0.828472764365797,-0.15587635354915108,-0.13233737037869986,-1.9278726185658401,-0.1639967357402372,-4.470261604465453,8.300079808459698
2.0941785102498223,-1.1672007425004765,0.20711250726384434,19.650788528340012,2.1712342864494305,0.1866212446672309,16.66569820528157,8.300079808459698,-1.039940170282505,-0.6977441789386294,-0.06618502712731222,-7.411497585423469,-0.9628843940828968,-0.08667628972392566,-10.396587908481912,8.300079808459698
0.9544439732661392,-0.4643074588175402,0.09430088864509328,4.322654592232894,1.062005034460034,0.08920619263366086,2.762695835657432,4.150039904229849,-0.9974469389393059,-0.13767736993459856,-0.07820366095695147,-1.2136007934081263,-0.8898858777454111,-0.08329835696838389,-2.773559549983588,4.150039904229849
-0.6800987612252793,-1.2961153437742947,0.02510595041993735,-6.268832123470517,0.34801211369106433,-0.005630223959801728,-10.501920424739922,16.600159616919395,-3.2448329510276874,-0.9637774762646067,-0.21850201173403305,-14.867974764783611,-2.4773493715692716,-0.2412092002474392,-18.04007468726795,12.450119712689546
0.12767996363718392,-1.4273774036122386,0.09356393747361524,10.625658442702058,1.0951774590046037,0.07341476037873051,7.3514323109604724,16.600159616919395,-2.9818526442716653,-0.541229886379222,-0.22165265252165495,-4.397780672518749,-2.0143551489042455,-0.24180182961653968,-7.672006804260334,16.600159616919395
-1.6428518276220485,-0.5960922575095662,-0.10452801235966402,-1.5518066740087164,-0.7080836000810775,-0.15108467799301928,-4.80548136557314,16.600159616919395,-1.9736121105113904,-0.5650887118895653,-0.13603905543511796,-7.347178217524675,-1.0388438829704194,-0.18259572106847322,-10.600852909089099,16.600159616919395
-1.8717694816944963,-0.1696856414905774,-0.17368007069328162,-9.397854146421292,-1.3628057236848345,-0.17965093740806026,-11.53041476589122,12.450119712689546,-1.2743176879873586,-0.2273232753757206,-0.1133960530558128,-6.51197361173433,-0.9372391201410535,-0.1177346683373729,-7.962281751305898,8.300079808459698
-1.3750839783108537,-1.8700875086269626,-0.07424405893421915,10.54109941607053,-1.295822282101855,-0.1245867286306736,5.086924897607638,16.600159616919395,-1.8807064965743026,-0.6021707861577461,-0.14642429645490795,7.105427357601002e-15,-1.825244564939088,-0.18278830353771647,-4.105242690495572,12.450119712689546
0.8015489593444336,-1.7424627652440936,0.11743033761375898,13.845137590901714,0.7130958423954503,0.06966118967544693,7.010273579024705,16.600159616919395,-1.3142591985141339,-0.45745405365070013,-0.10873891396565885,-4.263256414560601e-14,-1.3848298856175445,-0.1432889670501725,-5.059792876513747,12.450119712689546
0.8849183390733373,-1.094599397255207,0.07406483915960957,3.486841224021944,0.658267759057285,0.052921827928805676,-0.7706881858141372,8.300079808459698,-0.10823225262921454,-0.15186709183030977,-0.0076784550139310515,2.842170943040401e-14,-0.2231869591475144,-0.01784169647910619,-2.088225407557971,4.150039904229849
-0.9196960381747887,-1.1936341994133546,-0.025825394759419806,7.3199760401568845,0.011052175098069661,-0.05461291603067986,0.8581387367226689,20.75019952114924,-2.84091856183597,-1.0647327943433744,-0.18113628964605455,-0.12272692533593244,-1.9101703485631116,-0.2099238109173146,-6.584564228770148,20.75019952114924
-0.0489597006855913,-1.0614575982470082,0.026951302809605837,4.644737378662825,0.35030262858128935,0.017140585637206163,0.8601879756404927,12.450119712689546,-3.019400437290609,-0.6429681943185219,-0.22912403775165338,-0.3718349269094432,-2.6201381080237285,-0.23893475492405306,-4.156384329931775,12.450119712689546
0.47278840912232667,-0.5469129095703718,0.07935830169036351,5.133673312853102,1.0326097611597982,0.07406956791285724,2.785065352191804,8.300079808459698,-0.34815224803666034,-0.23225542040267833,-0.015007898831492228,0.0,-0.06907993635216769,-0.017718359156234986,-1.1660782924730704,4.150039904229849
-2.136997811474939,-1.9679637733995445,-0.10268272671737094,10.184934474799917,-1.6250562520530698,-0.14269631555210843,4.516642280806153,16.600159616919395,-3.664384317670666,-1.2971517516343969,-0.2519801471300316,-8.738366027271283,-3.152442758248797,-0.2919937359647691,-14.406658221265047,16.600159616919395
0.6038994639074646,-0.9275331289483582,0.06333285970308342,0.22027419940602044,0.6093901806751845,0.04603217877313476,-4.4702413519171955,12.450119712689546,-0.9840989872359707,-0.24697758401417325,-0.07917618602003082,-6.394884621840902e-14,-0.9837113220990679,-0.09036306687715373,-3.0876346832653,8.300079808459698
-0.9623592212445686,-0.012711229816691372,-0.07126929583948763,-1.5470227593426458,-1.1608490372855718,-0.10164352288555076,-6.420064592746698,8.300079808459698,-0.9220604083967077,-0.04273066005955606,-0.06805281778352507,-1.7763568394002505e-13,-1.0230058593231783,-0.08262332219756663,-2.3772712234090037,4.150039904229849
-0.0250952295000495,-2.161048329342682,0.08491572864976893,5.030153252148452,0.5948252493471085,0.05780272371878481,-0.5574075762977415,16.600159616919395,-2.222159034981175,-0.8124189392073564,-0.14528822871899721,-7.7467772206658765,-1.76204565102982,-0.16502036366036416,-11.895461380845191,12.450119712689546
0.7123410539004782,-1.4846070051535083,0.13896903157699347,22.780895131854805,1.1434574908796735,0.10990153185771268,18.248367424290137,12.450119712689546,-2.2789715100466346,-0.742380197546133,-0.16247114769979898,-0.10122383460853257,-1.8478550730674392,-0.19153864741907978,-4.633751542173201,12.450119712689546
-0.5622074985201397,-0.5492860961920751,-0.01648214594551589,1.4760315425228505,-0.01761397874098236,-0.04444253496101502,-1.9916524780158902,12.450119712689546,-1.7802716007398134,-0.42203768976990474,-0.1405543558747484,-7.546716367156858,-1.235678080960656,-0.16851474489024754,-11.014400387695598,12.450119712689546
1.614930593870323,-0.9738329824815661,0.1824171758965225,23.2005012274625,1.727104946780078,0.17448639594455628,21.72600697479979,4.150039904229849,0.0,0.0,0.0,0.0,0.0,0.0,0.0,0.0
-1.1415742168265908,-1.5275201033386363,-0.03908155123417184,5.785710978244829,-0.7209181704471046,-0.0785753155059023,-0.5753072252550311,16.600159616919395,-3.8597748254600495,-1.1452434891032475,-0.26734144691332806,-14.479714397864804,-3.4391187790805633,-0.3068352111850585,-20.840732601364664,16.600159616919395
-1.6746961567193566,-1.1652668968383395,-0.06494248040376993,6.808498334633928,-0.47415182439145553,-0.08099256029833979,2.0564315974778573,16.600159616919395,-2.8715530210286824,-1.00197214841881,-0.17695373955183258,-5.792093146535436,-1.6710086887007813,-0.19300381944640244,-10.544159883691506,16.600159616919395
1.8962710336650312,-0.7223861121810256,0.13661829582733484,9.602491555934016,1.6238825172427251,0.12356341207561664,6.700192051753547,4.150039904229849,0.0,0.0,0.0,0.0,0.0,0.0,0.0,0.0
1.0391301853853516,-1.5601007192567327,0.1889360662182068,25.457951131704995,1.4424644338960189,0.15049634352868624,20.293252666798303,12.450119712689546,-3.323096806934167,-0.8892932754745271,-0.25586458184780636,-2.1316282072803006e-14,-2.9197625584235,-0.2943043045373269,-5.164698464906714,12.450119712689546
2.671179143279967,-1.1998549870827446,0.2268621745869835,5.486280249627669,2.4943104106096126,0.20046705182471197,2.1439393714233077,8.300079808459698,-1.3769587360825009,-0.49389052880382955,-0.1002780909188466,-5.478711970360131,-1.4671492013612175,-0.11296003699882262,-7.125049190015275,4.150039904229849
-2.183068121053844,-1.1295068233774241,-0.18630748953092266,-5.5793249856064975,-2.575324310440963,-0.2497389058222921,-13.061503871354084,20.75019952114924,-3.179059849285637,-1.233936260762711,-0.2787030035550683,-7.846202572850316,-3.571316038672756,-0.3421344198464377,-15.328381458597903,20.75019952114924
-0.4462086718030278,-0.46361893125260245,-0.023594345477095713,-0.7041962266286248,-0.27936951001521493,-0.04024152325148095,-4.104921075945132,8.300079808459698,-0.9391687071553578,-0.4121696070073746,-0.07099887118829062,-4.709085747735109,-0.772329545367545,-0.08764604896267586,-8.109810597051617,8.300079808459698
-1.7946020430158036,-0.7608986584116977,-0.11527024098175032,-3.0497760516227217,-1.2536211672616648,-0.1568713344687961,-7.936183483725731,12.450119712689546,-1.7213900277735625,-0.6688462039722456,-0.11387782491771303,-1.5099133164342575,-1.1804091520194238,-0.1554789184047588,-6.396320748537267,12.450119712689546
0.22020138386913501,-0.4324375087955481,0.05978998405081548,7.848976283531364,0.7745142410542378,0.04800360526059688,5.194075936040999,8.300079808459698,-2.2678203547398246,-0.2703351043985087,-0.19814524030161695,-18.618206413968576,-1.7135074975547218,-0.20993161909183555,-21.27310676145894,8.300079808459698
0.23121462717725727,-0.1792576556813188,0.03176492471951686,-2.1316282072803006e-14,0.6144472147339393,0.03134683792981685,-0.8443880765685918,4.150039904229849,-0.8132631076517072,-0.097967587200527,-0.05960726286327622,-4.594857455040202,-0.4300305200950252,-0.060025349652976234,-5.439245531608773,4.150039904229849
-0.6036914918525316,-0.937996168916527,-0.03099401274506236,-1.4071975937311265,-0.8531076290141604,-0.07795369511414979,-7.333512970517248,12.450119712689546,-1.581103182890642,-0.3918911705325492,-0.10990673621033428,2.1316282072803006e-14,-1.7509507822835335,-0.14002537599954537,-3.8723945161103472,8.300079808459698
0.2956702787541454,-1.670324432745609,0.11884103955371939,29.31280245096093,0.6452710092509806,0.060763750533635474,23.1952446528232,16.600159616919395,-2.401750194815544,-0.4676649054049893,-0.19323421121399792,2.1316282072803006e-14,-2.1431513948072523,-0.23527433042465234,-4.532527707564675,12.450119712689546
-1.2311477821826289,-0.8862494046752492,-0.07873865463738555,4.9375923057277475,-0.3681295504459392,-0.06609142192156886,-1.3988004960684286,16.600159616919395,-3.6356786731579716,-0.686369490371689,-0.31892116464793197,-8.164244759041324,-2.772660441421282,-0.3062739319321153,-14.5006375608375,16.600159616919395
2.3056045003395864,-1.8635918026027625,0.2125049083914099,10.854853215130078,1.8976918096664352,0.1490205546086648,4.303531881568645,16.600159616919395,-2.857871357606623,-1.365455477349073,-0.2124372641225662,-11.894363259109753,-3.265784048279774,-0.2759216179053113,-18.445684592671185,16.600159616919395
0.9232262081073417,-0.943121346932605,0.10601464125059912,1.4813622866080465,1.1241952276898504,0.08482110959982908,-3.8934294089010493,12.450119712689546,-0.8501513050312992,-0.4341857409644785,-0.06141020979140638,-1.0722467979658745,-0.7191616596175843,-0.07508942422394255,-4.601688822002771,8.300079808459698
0.8216999621114764,-1.4598997125452833,0.15802375828775217,11.258145165807136,1.201942195485283,0.13910140510101732,8.520034445396995,8.300079808459698,-2.150405017096091,-0.958797454334249,-0.13314983331672559,-0.11101179572441566,-1.7701627837222844,-0.15207218650346044,-2.849122516134557,8.300079808459698
-0.8141807870756246,-1.437061634241326,0.0068872328260646265,1.7099435444999251,-0.5355816264685842,-0.018792119329629542,-0.39136492479762097,8.300079808459698,-0.982404331977893,-0.7694747666784831,-0.0432668619015113,-0.4992487223747446,-0.7038051713708526,-0.06894621405720547,-2.6005571916722907,8.300079808459698
-1.0144832539737525,-0.5561402825663482,-0.040344541353412144,-0.5109106810053703,-0.49379566270049224,-0.06619099991693012,-2.100739614641398,8.300079808459698,-1.0144832539737525,-0.5561402825663482,-0.040344541353412144,-0.5109106810053703,-0.49379566270049224,-0.06619099991693012,-2.100739614641398,8.300079808459698
-0.7621857697509782,-1.3030041046219498,0.003271883277156995,7.933447003836612,-0.4256869633346483,-0.06736108307757849,3.434628944246228,16.600159616919395,-2.2719687718877113,-0.6591558511506079,-0.16374788553602637,0.0,-1.9354699654713814,-0.23438085189076185,-4.498818059590384,16.600159616919395
-0.8149479797366261,-0.31537887815236765,-0.04359558605756275,-0.5109106810053703,-0.4231808627230613,-0.047369476618686956,-1.3033339386030889,4.150039904229849,-0.8149479797366261,-0.31537887815236765,-0.04359558605756275,-0.5109106810053703,-0.4231808627230613,-0.047369476618686956,-1.3033339386030889,4.150039904229849
-1.0097922386008706,-1.3226492434443617,-0.02380104088579893,0.11769567929773572,-0.5557454272911766,-0.05326358263320552,-2.903138971548323,12.450119712689546,-2.321582053220106,-0.7736268032514086,-0.1681159290482676,-0.5066235328172404,-1.8675352419104119,-0.1975784707956742,-3.527458183663299,12.450119712689546
-0.29078788962901836,-0.5255218769919754,-0.00019819481591909494,3.668438971385733,-0.227458145016457,-0.08463500954180203,-0.5656085460761382,16.600159616919395,-1.2799232193028143,-0.5375684899555928,-0.09439512812082007,-5.696462150624228,-1.216593474690253,-0.178831942846703,-9.9305096680861,16.600159616919395
0.38182411975491437,-1.0742478948276997,0.04021990064361694,11.542512633918612,0.3611103030363827,0.031218346336820357,7.803768728207004,8.300079808459698,-0.909114780165865,-0.24616268484381898,-0.07007061250058838,-0.9528406695218905,-0.9298285968843967,-0.07907216680738496,-4.691584575233499,8.300079808459698
-1.533828719600506,-0.544093160847055,-0.09599731838394432,-6.140597166298445,-0.7791187913813067,-0.11934367762379527,-8.532825456841397,12.450119712689546,-2.9442972833868106,-0.6963849197869276,-0.21115301576203305,-6.140597166298367,-2.1895873551676113,-0.234499375001884,-8.53282545684132,12.450119712689546
-0.04612113519635308,-1.5189091092883942,0.0664016459528518,20.641847398814438,0.40081234739621774,0.038024274717401774,16.245334467177987,12.450119712689546,-2.4554775096251813,-0.8926641977128789,-0.1666472682983341,-0.10523218373707977,-2.0085440270326105,-0.19502463953378413,-4.501745115373531,12.450119712689546
-3.1958836562822945,-0.8686087190314673,-0.23046422997510702,-4.374057529234037,-2.069723685190983,-0.23234615230458616,-9.411693051117147,16.600159616919395,-3.976995375285619,-0.7108805439874679,-0.3035798148940303,-14.443866288953714,-2.8508354041943074,-0.30546173722350944,-19.481501810836825,16.600159616919395
-0.16432811460012076,-1.0009968247962977,0.0257757195243562,9.464236435105796,0.12428942928628395,-0.02355596925150627,3.8342137248504997,16.600159616919395,-2.282725552495135,-0.5526083524485728,-0.17903484108598072,-4.610610347760883,-1.9941080086087304,-0.2283665298618432,-10.24063305801618,16.600159616919395
-1.9715613008518753,-0.778647083490295,-0.12188195652674172,-4.215853986732601,-1.4371121295058797,-0.13841074133983922,-6.002792707514907,8.300079808459698,-2.389048089994205,-0.7416763963358761,-0.16246424418414318,-10.598354933826908,-1.8545989186482092,-0.17899302899724068,-12.385293654609214,8.300079808459698
-1.2153426145049782,-0.3625991819190588,-0.08126594908008955,-4.19812943676212,-0.4854598958895284,-0.08777652147083437,-6.004965874994216,8.300079808459698,-1.5843967212505259,-0.33422443660365886,-0.1224068853935103,-4.688339598043843,-0.8545140026350762,-0.12891745778425512,-6.495176036275939,8.300079808459698
-2.0756023586784513,-0.5795791425012755,-0.1553861888090533,6.1753828977968865,-1.321087484730854,-0.20312816938281197,1.3011998096601012,16.600159616919395,-3.261505828535726,-0.5139142818168274,-0.271359784829291,-3.6028383701808693,-2.5069909545881286,-0.3191017654030497,-8.477021458317655,16.600159616919395
-0.5120581043141392,-0.5547174282028156,-0.014083574151135703,2.1345007430461536,-0.2298958138854612,-0.037978065640127956,0.6057490717841887,8.300079808459698,-0.26754246868707643,-0.2164430228678711,-0.011459982411578196,-1.1013412404281553e-13,0.01461982174160159,-0.03535447390057045,-1.528751671262075,8.300079808459698
-1.4446850075415796,-2.1246551800370757,-0.056322655302028346,14.251849211867064,-1.248415908888978,-0.13113114159791806,7.196632048979065,20.75019952114924,-3.8461204101872593,-0.9833409797844066,-0.2972830122200556,-7.105427357601002e-15,-3.695144175641829,-0.35480844431451014,-5.5875608284462,16.600159616919395
0.04153872367009814,-1.3220576489949583,0.03835910070235743,-1.9507917129457368,0.055510107126321984,0.014992955108604211,-5.230503955012821,8.300079808459698,-1.226907459496407,-0.394848573272478,-0.09014562764053591,-1.285077997600368,-1.212936076040183,-0.11351177323428913,-4.5647902396674525,8.300079808459698
-0.7289222594666578,-1.474439304942731,-0.07763816051885751,-2.8349469480264133,-1.4205214810419253,-0.14218764872925044,-10.439927828339073,16.600159616919395,-2.0275571708038176,-0.5652594722434277,-0.18816528370603497,-6.184782398770132,-2.5498472733294197,-0.23458626449695574,-11.80529495146503,12.450119712689546
-1.5684079446186772,-1.9671562449300986,-0.08321123536488689,9.578731823634122,-1.5102973753368332,-0.14866992922783057,4.309374097459482,16.600159616919395,-3.1278427002017217,-1.118440580649203,-0.2626488455969963,-4.737764005780839,-3.0697321309198777,-0.32810753945994,-10.007121731955479,16.600159616919395
-0.46315037823958427,-1.4615700392065651,0.0678104901535761,19.443326478013876,0.5401743163462545,0.030844928273177752,13.85576564956769,16.600159616919395,-4.606724514077287,-0.7553569187480118,-0.3619760440789566,-2.725872994633818,-3.6033998194914485,-0.39894160595935496,-8.313433823080004,16.600159616919395
-0.8285572940691637,-1.519285073365193,0.028094392267304258,17.25509704657441,0.2559294422872078,-0.009914830123654572,11.319086402837488,16.600159616919395,-2.9101120164839447,-0.9366516260114413,-0.17167173810889458,-5.0415473512601565,-1.8256252801275732,-0.2096809604998534,-10.977557994997078,16.600159616919395
1.0618116908482245,-1.6782224184570413,0.15162955349767016,21.782640798407904,0.9809965870530402,0.09366424104470666,15.85432667955498,16.600159616919395,-1.7334418081015324,-0.47487300025210644,-0.14404872325532875,-3.8688123306546274,-1.7978559672177763,-0.18581927568024242,-8.2653252622911,12.450119712689546
1.2393534933003547,-0.608727523411762,0.12326126710794116,12.358216356248121,1.3527822087655128,0.11555168653187431,10.65977900473056,4.150039904229849,-0.8982430866891322,-0.14025665203152649,-0.0668294066741783,-4.314430232035065,-0.7848143712239741,-0.07453898725024516,-6.012867583552627,4.150039904229849
-0.5632523654765187,-1.5307070186609035,0.0018250878542066529,15.534637560649646,-0.3074527113297698,-0.10408473358718057,6.11628247441519,29.05027932960894,-4.589772042288454,-1.3909588713963856,-0.3950358237101563,-2.7076158761518343,-4.333972388141705,-0.5009456451515435,-12.12597096238629,29.05027932960894
-0.3288003215913493,-1.6076274399938644,0.032660960456534105,-1.0033156265887584,-0.06890761538396184,0.0022315432779149713,-5.151999786768066,12.450119712689546,-2.3383862170483383,-1.0515492800314412,-0.1595780935358032,-0.11101179572441566,-2.078493510840951,-0.19000751071442235,-4.259695955903723,12.450119712689546
1.9602382163803167,-0.8541941436583596,0.1623291339483413,5.287682819094869,1.7374293103114002,0.12049396599107393,-0.6418221811140086,12.450119712689546,-1.7706315094602187,-0.1230216775125168,-0.1290681205180195,-0.6697005846014079,-1.9226398459894156,-0.15589233362953667,-4.540504634537847,8.300079808459698
1.7764049342391175,-1.5657533342669705,0.23373559499832408,15.985501726949849,2.5230969026335472,0.21914951783959102,11.52370674326091,12.450119712689546,-0.9472015144200254,-0.82867523407654,-0.0337708112211389,-1.164840847039649,-0.20050954602559568,-0.048356888379871954,-5.626635830728588,12.450119712689546
-0.8729131216853814,-1.0495482754293395,-0.03940414062343667,3.913772112980169,-0.43118250377307543,-0.051081687478136906,-0.3276558735347166,12.450119712689546,-1.4972004122420834,-0.6491820867312121,-0.11002975887181071,-1.40200279443048,-1.0554697943297775,-0.12170730572651095,-5.643430780945366,12.450119712689546
-1.9777768547974084,-1.1541075698402157,-0.06748063249793945,1.1135764490054711,-0.8607364944510412,-0.09542396416208321,-1.7925944790673896,12.450119712689546,-3.1220412555567965,-1.038144823253841,-0.18074992961303005,-2.4982814063911327,-2.0050008952104292,-0.2086932612771738,-5.404452334463993,12.450119712689546
-0.4393065990552003,-0.9970161205699153,-0.02291038789633859,3.653974896310764,-0.45923835396328716,-0.04547810211378839,-2.4023856341520684,12.450119712689546,-2.0559485567298585,-0.6419596391817635,-0.154830867804839,-6.203197296087254,-2.0727413901115543,-0.1693200082986559,-10.154348492231634,8.300079808459698
-0.5671246997942081,-0.5563719938824132,-0.031011189543830364,6.561526848166231,-0.47174968042567045,-0.06765513126943062,1.5499510367857,12.450119712689546,-1.6390960454805814,-0.3688193497307637,-0.12531540767709132,2.842170943040401e-14,-1.578657979945941,-0.14899222016375835,-3.2975539942670125,8.300079808459698
-1.0231748799049312,-0.5691506058522382,-0.06350788138195129,-0.5004844039446361,-0.5273718301038954,-0.06032997546974639,-2.2110020533527184,8.300079808459698,-2.6799185223764566,-0.3514854015695672,-0.21718736622028822,-21.134592546840636,-2.184115472575421,-0.21400946030808332,-22.84511019624872,8.300079808459698
-1.8863263476916803,-0.700314546426986,-0.15006401935936348,-5.028256098067786,-1.651465057851298,-0.17997406431228286,-8.868071761704332,16.600159616919395,-2.2588342596959743,-0.7328296557329335,-0.1835123328967773,-7.6381636906605195,-2.023972969855592,-0.21342237784969667,-11.477979354297066,16.600159616919395
-0.12850200579612725,-0.7097177100380136,0.025959645857783098,0.06682007171338,0.14752844605008253,0.0030211330091841626,-2.7071341562482516,8.300079808459698,-0.5164132929036835,-0.4214081297449255,-0.02308521572573652,-5.645920337835207,-0.3797032686790658,-0.034238002805492274,-7.02038256333956,4.150039904229849
0.8917396160130098,-1.328648826229676,0.07707151783321255,8.612480646205803,0.5108402327173911,0.043857571616660346,3.0515263508010264,12.450119712689546,-0.9506387972938013,-0.3270769943029954,-0.0772478407675344,-3.5574303850789164,-1.2075079848723913,-0.09847858594087114,-7.423468719090529,8.300079808459698
0.18715727226323775,-0.4723698760133743,0.045039597627580696,4.6692432744859005,0.8524708000696037,0.02336028808788071,1.3157259882389027,12.450119712689546,-1.0085558141800455,-0.18557110709091518,-0.07593967617161546,-0.3478333179378623,-0.5671552993102624,-0.09015907392723188,-2.5705073566025476,8.300079808459698
0.7276601912209912,-0.8771727871176687,0.08819897557362455,-4.287319253516429,0.6692083555097872,0.03917440326704702,-8.437254378059464,12.450119712689546,-0.5169465189466704,-0.15639549186425405,-0.03830057875280557,-0.003578806983227878,-0.5591179733787088,-0.06979147139255748,-2.7406252845380195,8.300079808459698
0.9150125766987927,-1.2819151746873896,0.15123834460390206,24.43268578129486,1.0871946408681277,0.12563061142460996,21.62025817832731,8.300079808459698,-0.8560840666012037,-0.5749024842792316,-0.05047979800785596,-0.10831802260047141,-0.6839020024318687,-0.07608753118714806,-2.920745625568024,8.300079808459698
-1.16687586450257,-1.3508497413500624,-0.043512014171238844,2.976342392502737,-0.9371757550387771,-0.0899123560172036,-0.6509157234118348,12.450119712689546,-1.8960505107336267,-1.0236038603187456,-0.13061935385925783,-3.340205198117914,-1.6663504012698338,-0.17701969570522258,-6.967463314032486,12.450119712689546
1.8399459889679504,-2.1340362874124406,0.23012531370285694,8.788121882672137,2.248030413162083,0.2150905621914484,3.673705021624997,12.450119712689546,-2.3681250484958616,-1.0650793401248677,-0.15998581310723559,-0.08765977454525142,-1.9600406243017288,-0.17502056461864413,-5.202076635592391,12.450119712689546
-1.6884791902983531,-1.0940304054758876,-0.08265417772869688,8.498783345251706,-1.103893047325144,-0.11383380305088442,5.245109876373586,12.450119712689546,-2.045109656582267,-0.521971798137935,-0.1433275084397252,-0.4377854694549441,-1.4605235136090577,-0.17450713376191274,-3.6914589383330636,12.450119712689546
-3.5978486951415247,-1.2645154372910472,-0.2336460989222554,-0.5109106810053845,-2.7610841161165522,-0.2858633037343261,-3.710543235058786,16.600159616919395,-3.5737387240368115,-1.1524410370110143,-0.23641615739314947,-0.5109106810053845,-2.9497969762285017,-0.2743450395063044,-2.9031389715483478,12.450119712689546
-0.5010366089109208,-1.0471365780025899,0.030887563625670356,3.406605976067997,0.1914035378033354,0.001177082597279111,0.28239876476089165,12.450119712689546,-1.8351860545554377,-0.6500900774519156,-0.11703168133370778,-0.13896925912050406,-1.3756757563634814,-0.13644861521128326,-2.212011578670271,8.300079808459698
-1.1779626191883459,-0.6840598034745504,-0.05099638683369456,-0.5109106810053845,-0.43170374994918603,-0.08376620896287879,-2.9031389715483478,12.450119712689546,-2.709038846936763,-1.0747625503420402,-0.15842644380997695,-0.5109106810053703,-1.7094725267837516,-0.20309605523295937,-3.7105432350587577,16.600159616919395
0.1337612911509911,-1.3771632948164267,0.02231092909041424,5.413155545119611,-0.3691092865353518,-0.04812744454758067,-0.7584102987459929,20.75019952114924,-1.9280507236927535,-0.9899494439529253,-0.1653508322008972,-0.07015005913762451,-2.4309213013790965,-0.2357892058388921,-6.241715903003229,20.75019952114924
-1.1690089604560638,-1.149202150929046,-0.05518197247575313,-2.181257730673458,-0.4934296197388166,-0.09213742295905863,-6.2504146770832065,20.75019952114924,-4.484871399814105,-0.9481625668520071,-0.34014975376271306,-18.018770750386537,-3.949839143835754,-0.36872951526010744,-21.269719235989637,16.600159616919395
-0.06524187075869214,-1.3451037609625125,0.07528238853572333,11.892473850869177,0.5935879597134042,-0.0094692900929364,5.716011498995179,20.75019952114924,-3.116386639947888,-0.7736977987156681,-0.2322733750194262,-9.89703502654406,-2.4575568094757916,-0.3170250536480859,-16.073497378418057,20.75019952114924
-0.34047119893341193,-0.4471140842449426,-0.009111683470299337,0.9945082521140947,-0.03029900884974346,-0.0232947502955142,-2.7219048260065364,8.300079808459698,-2.0512139270189467,-0.5790042501168529,-0.1436047657503805,-7.816566623894204,-1.7410417369352782,-0.15778783257559537,-11.532979702014835,8.300079808459698
-0.7193214544063409,-2.2066662782335946,0.005130230758249421,-1.3528163484149118,-0.6105126633719538,-0.08818853629533946,-9.13989713850961,24.90023942537909,-3.836098248449349,-2.1330587680657604,-0.2820319717847807,-3.5867488731792037,-3.7528693116883005,-0.3563317532270508,-10.025972429875896,20.75019952114924
4.156101200993435,-3.029217300011174,0.47437741951607887,21.968761097342842,4.233863646978798,0.42091226225732004,14.248032169988235,20.75019952114924,-1.8378689930151015,-0.4801322586849661,-0.13393164819310974,-1.782227435229963,-1.7828155016532676,-0.1752529327918607,-7.883877889973043,16.600159616919395
2.1268866645940863,-1.4643021370344638,0.3065708706792921,20.84287483193745,2.556882327009392,0.2773754481533113,16.644781300627088,12.450119712689546,-2.067846202953083,-0.5522874138316709,-0.16594984718905526,-8.742988571374326,-1.6378505405377775,-0.1951452697150361,-12.941082102684689,12.450119712689546
1.8781472869079607,-1.0363080397610407,0.1739765961084635,17.143306487191623,1.8323114569975596,0.15814352728442665,14.218236154130018,8.300079808459698,-1.5978246792542672,-0.34010671859403097,-0.12719704683849703,-0.33555429690448335,-1.6436605091646683,-0.14303011566253387,-3.260624629966088,8.300079808459698
2.0540266792637984,-1.8560316621535673,0.23059573480976925,10.56029521605754,2.253865632417651,0.20609806850364332,3.7973026910313123,16.600159616919395,-0.9055303190453445,-0.5889802672542821,-0.06401753507450642,-2.023168146857067,-0.7600991377451516,-0.08172609348990939,-7.026053704379088,12.450119712689546
1.5439361450513722,-1.1953686544985729,0.16952514170988975,12.850800619486854,1.4445436861054262,0.12125150835175819,7.34208543646124,12.450119712689546,-1.9465912514536887,-0.3878552339971453,-0.15430215964259872,-3.6788796936841948,-2.045983710399635,-0.20257579300073028,-9.18759487670981,12.450119712689546
1.1530019223100263,-1.5240872337125282,0.15299533564522383,2.423937395013901,0.946199421345395,0.08284044023269704,-3.4222468771707497,16.600159616919395,-2.263047169549748,-0.6603371813038663,-0.18806050826574972,-5.9583086848282605,-2.4220448860246213,-0.23868066280322203,-10.295459873977208,12.450119712689546
-2.2418509400687014,-0.8458885506576497,-0.1836180119932973,-13.84121202951166,-1.6818846156831047,-0.21572211795554835,-18.598411512438346,20.75019952114924,-3.1372368742337287,-0.6725695565615428,-0.27297029927518246,-15.927827295632525,-2.577270549848132,-0.30507440523743345,-20.685026778559212,20.75019952114924
-1.8713767141520297,-0.5148595168729315,-0.12665031041150032,-8.753552842251686,-0.8719530882028703,-0.16307570069808852,-11.953185396305098,16.600159616919395,-2.0310948723234254,-0.7827097285204463,-0.12617986389443292,-0.5109106810053703,-1.031671246374266,-0.16260525418102112,-3.7105432350587826,16.600159616919395
-0.7888134166436633,-0.653099935688294,-0.06945714982578119,-3.7904690119642694,-1.2303277573706861,-0.08944396854323017,-8.164612564679082,8.300079808459698,-0.794585733277331,-0.22358081310411038,-0.0622895344660913,-2.402532169785445,-1.0170292239467305,-0.07186289593830368,-4.5491314071032605,4.150039904229849
-0.5310628771994619,-0.8062422002048404,0.02504020039960997,-0.5109106810053845,0.559212698696566,0.014029255294568888,-2.9031389715483478,12.450119712689546,-1.4140305142996237,-0.6732237084030963,-0.06923709574488524,-2.1984887731045575,-0.3237549384035958,-0.08024804084992632,-4.590717063647521,12.450119712689546
1.0445194475072972,-1.4144233710631102,0.17685360449096538,11.056244626736046,1.241298824435888,0.12843751132724668,5.410802533505496,16.600159616919395,-2.395651638225904,-0.6486623787135386,-0.21920850613488863,-13.43531188476009,-2.2513749952873807,-0.2544688170125771,-17.626088634117444,12.450119712689546
0.3763927237112279,-0.1525690380839464,0.023058870843701007,2.2991451513384646,0.010882396344014111,0.013440846210045043,-0.08166783065126992,4.150039904229849,0.0,0.0,0.0,0.0,0.0,0.0,0.0,0.0
1.314638459258278,-2.0979121700120924,0.2682575797821741,24.757892126027848,1.985724638062992,0.203472823345064,18.451189566946724,16.600159616919395,-2.0336563716421896,-1.410104709343484,-0.09130912969872806,-0.09717524343449213,-1.3625701928374756,-0.1560938861358382,-6.403877802515616,16.600159616919395
0.5925432069945336,-0.8944157109498949,0.051325042794424514,4.947466304114087,0.4489333040142096,0.038019164201729294,2.967326294174441,4.150039904229849,-0.17833651217729063,-0.05675304085489685,-0.01316846742762201,-0.005428213777385338,-0.3219464151576146,-0.02647434602031723,-1.9855682237170313,4.150039904229849
0.0359687648495699,-1.6427982395575622,0.08024237833935322,22.68959054645714,0.13440587091331224,-0.018400936158265657,14.948646540750588,20.75019952114924,-2.253079152837123,-0.504684443701624,-0.17645801245352827,-1.4210854715202004e-14,-2.17999258794892,-0.252758315527798,-6.117557798137696,16.600159616919395
0.7125996688635117,-0.4145960606047616,0.05265029783373404,1.2095473418195724,0.39252950966461864,0.039291459011806175,-2.8444294381602973,8.300079808459698,-0.8809902048819152,-0.10397540346130185,-0.07202862005995272,-5.741208749947077,-1.042506674784749,-0.07842632950156836,-7.7198865873873075,4.150039904229849
1.3027734578948236,-0.6443123732149374,0.11161330091085098,13.441372801263796,1.3873101365861062,0.1070191625704876,11.652996652219606,4.150039904229849,-1.0168499079568738,-0.26561610250706025,-0.06904501125850288,-0.2989980928308853,-0.9323132292655911,-0.07363914959886625,-2.087374241875075,4.150039904229849
-0.9606964997713057,-0.2730050300642386,-0.05737079033810888,-0.510910681005381,-0.2877387739830688,-0.07912852985149432,-2.100739614641409,8.300079808459698,-1.3084020207974483,-0.2595030662587998,-0.08958259250642375,-0.5109106810053952,-0.6354442950092114,-0.1113403320198092,-2.100739614641423,8.300079808459698
-1.8928152346494809,-1.1780205047492256,-0.11014228324661479,0.037243712669258855,-1.1097400973469007,-0.14706920352891129,-6.4433167132659115,20.75019952114924,-3.3838069456264996,-1.0522472559977896,-0.24229966192637514,-7.4132315265447914,-2.6007318083239195,-0.27922658220867164,-13.893791952479962,20.75019952114924
0.40312974200404916,-1.5782450817105413,0.09787165748495008,14.736452030803694,0.5711622088854451,0.05472232429380297,10.387563717724834,12.450119712689546,-1.0024986223636345,-0.5770547525645515,-0.05998776910568737,-0.1398085447222428,-0.8938408421076183,-0.08781930042028896,-3.013030263120079,8.300079808459698
-2.4588984893452848,-0.40892243896547953,-0.1866694925495921,-8.806956015325063,-2.1358347048159754,-0.20918344327271043,-13.048169538637985,12.450119712689546,-3.040971092311251,-0.45461819224583344,-0.234187374568124,-11.582192471063792,-2.7179073077819416,-0.25670132529124234,-15.823405994376714,12.450119712689546
0.24912204793747783,-1.4393359141947304,0.08420720034416085,15.344500253404036,0.43428861391829887,0.06633819329320523,12.764855479603348,8.300079808459698,-1.2303909757013454,-0.7206199752236788,-0.08307106082336163,-0.11560146117238901,-1.0452244097205243,-0.10094006787431725,-2.6952462349730766,8.300079808459698
-3.4982838614711076,-1.1597363628780109,-0.25274813533098744,0.7619544368992592,-2.6061672948616277,-0.2858605029270069,-4.007954427791038,20.75019952114924,-4.0388763818417495,-1.1503506917034727,-0.3020577165522121,-6.661441701225254,-3.1467598152322696,-0.3351700841482315,-11.431350565915551,20.75019952114924
-0.9959038831384159,-0.9100619803327721,-0.04548761115997213,1.6656055090355366,-0.7407389160318356,-0.063091127943387,-1.8802595200261791,8.300079808459698,-3.0121379446292673,-0.7792167219627224,-0.21325070400526508,-5.401214965525924,-2.756972977522687,-0.23085422078867995,-8.94707999458764,8.300079808459698
-2.5543854400512656,-0.5468551390709493,-0.1863857498537177,-6.368174190259634,-1.5893798137370139,-0.1983895380252476,-8.760402480802586,12.450119712689546,-2.6136371639182476,-0.5578540191059833,-0.19111205674993592,-7.27372924706269,-1.648631537603996,-0.20311584492146584,-9.665957537605642,12.450119712689546
-1.638038464707714,-1.2323662484699849,-0.03576696533706403,1.217806454382611,-0.5943565153319721,-0.10683443501342826,-2.5686791341494306,16.600159616919395,-2.2369565055236897,-1.0536746039216531,-0.10712007389673794,-3.1498956353448655,-1.457345347895366,-0.15892002226704882,-5.979890137656749,12.450119712689546
-0.4351787225999715,-0.45419408100065617,-0.010840131223068816,-2.698604630586246,-0.0007048635728423847,-0.025118101473777577,-5.25688555453543,8.300079808459698,-0.882823841395397,-0.3482263717260565,-0.0541284929809388,-0.4638421121859295,-0.44834998236826795,-0.06840646323164756,-3.0221230361351132,8.300079808459698
1.663461441723757,-1.0055627532345817,0.14190113785055122,3.680560749598783,1.5111207737860344,0.12431955546872592,-0.9168016661471228,8.300079808459698,-1.080166547328587,-0.17437907941098985,-0.08354140989840225,-4.832520597650017,-1.2325072152663097,-0.10112299228022756,-9.429883013395923,8.300079808459698
-0.8288954079649358,-1.2693967868353777,-0.007964777292322922,-0.5775697268599593,-0.08254021149787238,-0.06869080469490019,-5.278963262632807,20.75019952114924,-2.412064107677181,-0.9630787267219141,-0.16500836934937285,-7.244797757051188,-1.8204081125593907,-0.212182046790444,-10.989393261165201,16.600159616919395
1.6164060143760928,-0.8483518069565292,0.15386748860650484,23.1085490332514,1.7050538629818757,0.13380098260856266,18.151900083332883,12.450119712689546,-1.1385938114561123,-0.20894791354903042,-0.08950870590306631,7.105427357601002e-15,-1.0825148652174876,-0.10250195478183449,-3.255752287085066,8.300079808459698
1.660181200161981,-1.5593329885812732,0.1845458391727255,12.234716222142197,1.9319572471127255,0.1699424369223353,7.528885669816155,12.450119712689546,-1.697861837523984,-0.42919940441096394,-0.1253697099319177,-11.335255781332073,-1.5197316348444456,-0.13482513500801874,-14.432536576418414,8.300079808459698
-1.4902517261816017,-0.9238213892602154,-0.09513950451793385,-6.840505865936631,-1.1315771731163604,-0.14502023119281293,-10.040138419990033,16.600159616919395,-1.4009376671733076,-0.6398846153666842,-0.09792899538810518,-4.05714803918238,-1.135738885845039,-0.13451125535679265,-6.449376329725332,12.450119712689546
1.0255835470444508,-0.8257450916500755,0.11464589689889548,7.1187260617540815,1.3907578503505436,0.10366953207777035,2.2713226716614514,12.450119712689546,-0.378685668065315,-0.6102765057222559,-0.014377536306909966,-0.115646547444193,-0.13814429057890099,-0.021647379057550598,-3.3135195155004453,8.300079808459698
-0.27046502579533005,-0.3271936292363673,-0.015210041547498887,4.416344465101041,-0.1989042607230873,-0.02848589842258753,0.7951968451201168,8.300079808459698,-0.8625855720718834,-0.18254828859654815,-0.06404063163560919,-1.4210854715202004e-14,-0.828425831639823,-0.07048476220788163,-1.78241016487857,4.150039904229849
0.4470372299189016,-1.0586634951281972,0.10621573464030276,3.46624170177693,1.3080261322006912,0.09477027635455704,-0.8836483872043743,12.450119712689546,-1.0497973506372382,-0.14965822606855106,-0.0756483917930928,0.0,-0.47786359053678673,-0.0832958931684884,-2.8706351705613002,8.300079808459698
-2.1517077099055593,-0.9388819322879147,-0.14677504309365813,5.0977392867566635,-1.716377004130587,-0.16643855368044896,-1.0575104377046856,16.600159616919395,-4.525579212280317,-1.2194317328794426,-0.3402985905041951,-6.660749798020319,-4.090248506505345,-0.3599621010909859,-12.815999522481668,16.600159616919395
1.6508929790662208,-1.0775377312411933,0.18531222469690367,32.71705161231484,2.2006041964277356,0.17916570404176446,27.877812181612335,12.450119712689546,-1.2844739847736708,-0.5724442413439341,-0.08651541882681707,-0.08210697529942479,-0.734762767412156,-0.09266193948195628,-4.9213464060019305,12.450119712689546
-0.7954311958759064,-1.0256099781572914,-0.06866560619175817,3.510890399634661,-0.9316700405819001,-0.09131306556154702,-0.9720238650523925,12.450119712689546,-2.484126215371585,-0.3737721157098228,-0.2209484366972604,-8.134020534240435,-2.6203650600775785,-0.24359589606704923,-12.616934798927488,12.450119712689546
0.49788823774938873,-0.7095643139473058,0.11296042909151316,2.4759283375268133,1.4138130789892012,0.1094650147678029,-1.5631172770539692,16.600159616919395,-0.8603120921587104,-0.7001025333908402,-0.04373628415480646,-1.7645316087067862,0.05561274908110203,-0.047231698478516715,-5.803577223287569,16.600159616919395
0.17885681907265916,-0.22990540432200746,0.028744923022259505,6.746885636932895,0.37991810565847217,0.0242670820529145,5.437777216968399,4.150039904229849,-0.3467214114949657,-0.13482519581080155,-0.024160560038622547,-1.373953107665443,-0.1456601249091527,-0.02863840100796755,-2.6830615276299383,4.150039904229849
-0.17197281066727577,-0.5269155961263099,0.05014223583480493,-0.5109106810053738,0.7900234454343735,0.04194259209767659,-2.1007396146414123,8.300079808459698,-0.4941384296057514,-0.4772748381707821,0.013848733530755775,-0.510910681005349,0.4678578264958979,0.005649089793627438,-2.1007396146413875,8.300079808459698
-0.9856371975940359,-0.007449738923558158,-0.0919438708668554,-5.3353421979262095,-0.2771481187471494,-0.10647705470257263,-7.622102155967482,8.300079808459698,-1.1037874745232212,0.018511844431877478,-0.10560307777355304,-5.9481951330291345,-0.39529839567633474,-0.12013626160927027,-8.234955091070407,8.300079808459698
2.6617026909451225,-1.0128010575074757,0.26106338674286345,15.29262141499214,3.061974149687141,0.25354584474961417,11.748238289429715,8.300079808459698,-0.7960980630848047,-0.055778107210199934,-0.05912865090306518,-7.105427357601002e-15,-0.5972879371379802,-0.06280133208347416,-1.7383034267924415,4.150039904229849
-2.0330472579057624,-0.6605689813990825,-0.11920118821481185,-0.52281334370198,-1.0364521423811492,-0.15051496266636843,-3.041589536267942,12.450119712689546,-1.898171208191556,-0.6573694582145198,-0.10686634327675848,-0.52281334370198,-0.9015760926669429,-0.13818011772831507,-3.041589536267942,12.450119712689546
1.4315480727347998,-1.3016159496177142,0.19916906758879693,17.44952669235348,1.9771668663898891,0.18024589220509668,13.300842532174137,12.450119712689546,-2.195156531721487,-0.5460658306996056,-0.16676958139663228,-0.11101179572440145,-1.6495377380663978,-0.18569275678033254,-4.259695955903744,12.450119712689546
-0.4839473459103516,-1.4596855980765184,0.04541943741799481,17.51997492595779,0.001227166512118849,0.03943366963259287,14.781864205547656,8.300079808459698,-1.9764991782363017,-0.7200100670684133,-0.1381586250048793,-3.317230780175933,-1.4913246658138313,-0.14414439279028124,-6.055341500586067,8.300079808459698
0.09679899239267709,-0.9292572810108233,0.0208416731199777,11.334558194711306,-0.07797483889218082,-0.014592191751881312,7.405525667199441,12.450119712689546,-1.182434551371525,-0.18534719437497493,-0.09899327824137397,-0.9842197801600889,-1.3017147745493007,-0.12175631911382165,-3.581320566911856,8.300079808459698
1.541990158323392,-1.2000285946312061,0.12111822825484861,10.348867460051657,1.4158195864254042,0.10795667048636187,6.473087878563888,8.300079808459698,-1.1588542411956393,-0.37187146105076074,-0.08271380116641776,-0.24723295083386176,-1.285024813093627,-0.0958753589349045,-4.123012532321631,8.300079808459698
-0.5056576881378394,-1.365306134354281,0.0014591177482866091,-4.972556437774806,-0.25304577835700837,-0.02511975168216901,-9.089898124059218,12.450119712689546,-2.1152489510288808,-0.5950098018180778,-0.13835413835950922,-9.237055564881302e-14,-1.9504220268851569,-0.15555677209203006,-2.7151910886112276,8.300079808459698
-0.11779985492346157,-0.983230474572462,0.04389515461949389,-0.4954836865693224,0.5942728163274014,0.021815406177230434,-4.041251253835632,16.600159616919395,-1.0998397868321241,-0.916677762862161,-0.057033952208120575,-0.49548368656931174,-0.3877671155812612,-0.07911370065038403,-4.041251253835622,16.600159616919395
1.4621704568136717,-0.7108758658963676,0.1044118003176235,12.309128499456769,1.23573782448001,0.09281132234354078,9.316351329793164,4.150039904229849,0.0,0.0,0.0,0.0,0.0,0.0,0.0,0.0
0.02514331266041303,-0.2772620148903986,0.03344410144502108,0.43026511340760365,0.2612244813493323,0.015831749062455547,-0.6007315942906821,4.150039904229849,-0.580036093910131,-0.1742378620513314,-0.03851321891000414,0.0,-0.34395492522121174,-0.056125571292569676,-1.0309967076982858,4.150039904229849
0.1292012640873752,-0.7525669894967084,0.06008626860842159,5.757339711341125,0.8678490243630099,0.051827172955830725,3.058341423007537,12.450119712689546,-2.9027920811414143,-0.8093495583036923,-0.23006026138165658,-2.3522132357538297,-2.412397480379469,-0.235896069561929,-4.3075968209592475,8.300079808459698
-2.572261452306135,-0.9600504825368272,-0.1934380520186842,-12.21516307634758,-1.989535284348376,-0.2472213428116689,-16.227215989449952,20.75019952114924,-2.9533720727018764,-0.98733100818664,-0.22857886304385366,-12.215163076347544,-2.3706459047441175,-0.2823621538368384,-16.227215989449917,20.75019952114924
0.5818566445891182,-1.4692571109683783,0.09169842991743404,13.782362276867254,0.8627215968240565,0.07157282545658639,8.435271842819823,12.450119712689546,-2.863863172929637,-1.0546202090923238,-0.2042774500217565,-0.2965125684449106,-2.582998220694699,-0.22440305448260417,-5.643603002492341,12.450119712689546
0.060260733053918436,-0.14618870053510236,0.004235785281796647,0.4445998994171845,-0.04301063481031431,-0.0016853251440552552,-1.1491293963115936,4.150039904229849,0.0,0.0,0.0,0.0,0.0,0.0,0.0,0.0
-0.5367867799336734,-1.8747714471996009,0.02546826958567927,-0.2147669302338997,-0.03002490673065239,-0.009098311621862476,-6.726942435392459,16.600159616919395,-3.6151075783974917,-0.8839708321938655,-0.2591090746163887,-5.853635670855326,-3.240014116038026,-0.2842337985917614,-10.66778819192605,12.450119712689546
-0.8618440639468048,-1.126297496648764,0.007900303858369595,7.5127964478426925,-0.2095656094250664,-0.03136044266013294,4.3885892365355765,12.450119712689546,-2.303704716780608,-1.6424612142702681,-0.09395253856934804,7.359121286212133,-1.429920471670588,-0.14779160024023263,3.1739256961199622,16.600159616919395
1.3800379977625843,-1.4298140568886417,0.1265735367870914,19.26931213757487,1.2529385278289507,0.10604612719945727,14.736784430010175,12.450119712689546,-1.584573193706218,-0.7479607896438942,-0.12474108251032177,-4.837604647892775,-1.7116726636398516,-0.1452684920979559,-9.370132355457471,12.450119712689546
-1.06565526652449,-1.7912551378992507,-0.05868895329506446,0.9849828202850759,-1.0001132943270097,-0.09485905307222209,-4.6025780081611245,16.600159616919395,-2.944618785329234,-0.9881694389124789,-0.2351684656387112,-0.11101179572436592,-2.8790768131317535,-0.2713385654158688,-5.698572624170566,16.600159616919395
-0.07163983961286924,-1.3263076452193552,0.05187512160725227,7.497571448774554,0.42142047430095975,0.035710256491425674,4.060438927972907,12.450119712689546,-2.00861310387046,-0.6135901935427466,-0.14205182265283844,-3.090486507529512,-1.5155527899566312,-0.15821668776866504,-6.527619028331159,12.450119712689546
1.5457802916129406,-0.47702103432770393,0.1569231852828683,10.328249424946545,2.0227411168507903,0.11191572723708709,6.3788148906608875,12.450119712689546,-2.19894581382687,-0.47501521320910456,-0.1567354468098443,-0.4404711522223437,-1.8836029569447197,-0.18591021416611508,-3.055516438517678,8.300079808459698
0.0024729851948235293,-1.9704267931958395,0.09262912567202031,22.116451189168117,0.42132739908986583,0.028155255155965286,14.928350071142901,20.75019952114924,-2.7555762633765912,-1.1548493581796535,-0.20915478201666304,-3.5546209867458813,-2.336721849481549,-0.27362865253271806,-10.742722104771097,20.75019952114924
-0.5981137130222969,-0.7278529733971499,-0.05265371693219577,1.021369951664468,-0.8968991456349995,-0.08598882616963101,-5.854012661367918,16.600159616919395,-1.5783767901670132,-0.4321393898099686,-0.1382502844243522,-0.3655529333828085,-1.8069406302683388,-0.16238932653907426,-5.463713337236193,12.450119712689546
0.21832503351828336,-1.1863584309396416,0.09251275282029991,16.272531097336362,0.88064869425759,0.07112241033960676,11.903205625541815,12.450119712689546,-1.0388941946502204,-0.47060981613342534,-0.059002034747750454,0.0,-0.5995109771247851,-0.07298951908114726,-2.8834963917811294,8.300079808459698
-0.5267530997562933,-1.1493879684720252,0.04263264734676342,8.885378460281679,0.6774577301521312,0.04362559987110759,6.496321336209675,12.450119712689546,-2.3758056260796394,-0.5501473670765904,-0.15779659654878864,-2.1316282072803006e-14,-1.171594796171215,-0.15680364402444447,-2.389057124072025,12.450119712689546
0.7289464105299848,-1.9666849854409794,0.1738243696300057,15.899499333169896,0.9177767583236518,0.10610573037745741,10.06672854675087,16.600159616919395,-2.1362210752053024,-0.9197305201469295,-0.15219872168286946,-5.747538308884472,-1.9473907274116353,-0.21991736093541775,-11.580309095303498,16.600159616919395
0.4583533454731281,-1.1817935108346944,0.11762714180885903,21.325244818310395,0.8160249383806883,0.10094487626903026,18.587134097900247,8.300079808459698,-1.2084650627454785,-0.45357192568469884,-0.08310013774750136,-2.3531081682594035,-0.8507934698379183,-0.09978240328733012,-5.091218888669552,8.300079808459698
0.1763637710518351,-0.3054265308025119,0.04281081563655298,3.153449155746202,0.3387324011772108,0.03025022461479121,2.141903468224406,4.150039904229849,-0.7569926211627109,0.173515374164797,-0.08915606791332598,-10.027604014839522,-0.5946239910373352,-0.10171665893508774,-11.039149702361318,4.150039904229849
1.2994734454421675,-1.8585114930599964,0.2020667482996248,20.27808915783421,1.6842551213363866,0.17985832106539335,15.745561450269506,12.450119712689546,-2.106836978271276,-0.6543531888227268,-0.1541862776968259,-0.10122383460851125,-1.7220553023770568,-0.17639470493105736,-4.633751542173215,12.450119712689546
-1.1429241003857005,-0.625001677157714,-0.08260689117484843,-0.5109106810053596,-0.7306539443176163,-0.1143476036876443,-3.710543235058772,16.600159616919395,-2.5298940431726535,-0.5435722723024554,-0.2146615606383429,-4.732704177546619,-2.1176238871045694,-0.24640227315113877,-7.9323367316000315,16.600159616919395
0.5629341679313828,-1.4599949686780054,0.14303313958665098,25.164908206024872,1.1981901582085444,0.11988087551224613,20.632380498460112,12.450119712689546,-1.8521642168281671,-0.6463280621065728,-0.12282054141245213,-0.2250231818324835,-1.2169082265510056,-0.14597280548685698,-4.757550889397244,12.450119712689546
1.0444650745649042,-1.1404543064476087,0.08798911867509208,10.792842997964613,0.7604466691376155,0.06776396310995719,5.0766929939010765,12.450119712689546,-1.9862532781011133,-0.4466008986953298,-0.1698913213490184,-2.842170943040401e-14,-2.1785747524907473,-0.18284282925629827,-3.7069772273583226,8.300079808459698
2.1370915483586606,-1.956051595162517,0.28928106505437934,23.334017541555838,2.5850869178938307,0.282841408255861,18.63949940082705,12.450119712689546,-1.2316434889024563,-0.21451568693764678,-0.09724454001704036,-8.50463363619425,-0.9355736573545714,-0.10168325986683036,-11.589188457240923,8.300079808459698
1.0343642495785232,-0.3568260799000811,0.10335435385421787,5.123339910200627,1.2452012748022323,0.0812976439376556,1.5026464383155727,8.300079808459698,-0.5704179900379858,-0.32638336085108755,-0.03468906434485575,-1.7846621191325411,-0.3595809648142767,-0.056745774261418025,-5.405355591017596,8.300079808459698
0.5599429960880142,-2.3054899711180568,0.07300251691728327,14.411907109658394,0.5870274327376412,0.04621270505990954,6.128182474510524,20.75019952114924,-4.160986002608736,-1.2198534624167259,-0.3195377897462493,-13.87798812150914,-4.133901565959109,-0.346327601603623,-22.16171275665701,20.75019952114924
-1.6499473435844347,-1.7703786271732902,-0.08218038975573383,20.264412870799067,-1.3767735750583654,-0.13090869883819745,13.94754711152748,16.600159616919395,-3.8507180398304808,-0.8786643628097561,-0.30141265079842494,-2.752859677230255,-3.650271262536897,-0.336879975109176,-7.429647798769565,12.450119712689546
0.9653821804335161,-1.0766205851288788,0.11897017490308082,4.591393834140575,1.1260876185844815,0.09758254787192555,1.853283113730427,8.300079808459698,-1.0231026179780445,-0.45343261626421594,-0.06541569129807118,-5.154436232938522,-0.8623971798270791,-0.08680331832922644,-7.8925469533486705,8.300079808459698
-0.6239420548782126,-0.5701292382735765,-0.031109902887642038,-2.1316282072803006e-14,-0.193231300397545,-0.050817372775209146,-4.050977349228077,12.450119712689546,-2.172868153526153,-0.35010126789128826,-0.17766266897765243,0.0,-1.7421573990454853,-0.19737013886521954,-4.050977349228056,12.450119712689546
-0.6368731441546149,-1.6035740638124913,0.009441577438259685,22.63931803168167,-0.038885765571117226,-0.03378271753990614,15.584100868793662,20.75019952114924,-1.7334309754669208,-0.4964245431081551,-0.13918277017580732,1.4210854715202004e-14,-1.2601657374571973,-0.172984602493434,-5.5875608284462,16.600159616919395
2.0272097304285808,-2.3122766474272076,0.2612835293350947,13.51338650279024,2.3644286200142695,0.20504654631532915,6.458169339902284,20.75019952114924,-1.3976006595580515,-0.8660692630157314,-0.08614506360372803,-3.3113891452694375,-1.134608328493436,-0.1296319188503639,-8.898949973715574,16.600159616919395
0.11645484469318124,-1.2198473206300786,0.07627992080462309,18.434539023993427,0.6414140062754425,0.0610721125297351,14.166950065448074,12.450119712689546,-1.8503450337117977,-0.5405349786057396,-0.14296502370193892,-0.7695345314885316,-1.3253858721295364,-0.1581728319768269,-5.037123490033885,12.450119712689546
-0.545907200541218,-0.8655655529505708,0.0003908265253130816,-3.466951983015541,0.20947427737716406,-0.03448457735402799,-9.448639247713263,16.600159616919395,-2.6732522846798057,-0.7425539963645829,-0.2080515774995111,-9.12763906007833,-1.9178708067614236,-0.24292698137885216,-15.109326324776053,16.600159616919395
-0.17763369060752598,-1.703118785456141,0.10516525206503236,14.66090209130315,0.6182702587140154,0.09526164810843751,10.402446620656889,12.450119712689546,-2.742389540547485,-0.8960479785024713,-0.20011585915356656,-0.11832412999949327,-1.9464855912259438,-0.2100194631101614,-4.376779600645754,12.450119712689546
-0.05414007596060699,-0.9401133014088181,0.005822125119492316,1.4395320911204479,-0.18412711735869003,-0.022913506527381944,-4.817600295413648,12.450119712689546,-1.3055489752074934,-0.16746017734142526,-0.10797298938730968,-2.4199352639208698,-1.3951136446261225,-0.12646658557161375,-6.63617538362913,8.300079808459698
1.3447025260897139,-1.5076563994707453,0.1710539454665932,23.213408248269545,1.3950900674770894,0.14782974106535673,18.271945355303515,12.450119712689546,-1.6366594562896797,-0.49601965562467143,-0.14205768574463556,-1.9789265082931564,-1.5862719149023041,-0.16528189014587202,-6.920389401259186,12.450119712689546
-1.4662783506112618,-0.7308906995326065,-0.06546889033351766,-3.821888592869527,-0.4650790955819346,-0.14083862781108292,-6.932932056548225,16.600159616919395,-1.952548582402791,-0.7753844879886547,-0.11068076209303213,-8.667394649441164,-0.9513493273734639,-0.18605049957059738,-11.778438113119861,16.600159616919395
3.4807825595684516,-1.5232443661381208,0.26338904373098737,27.347173943600126,3.361884460994835,0.2584193862542462,25.60977161622968,4.150039904229849,0.0,0.0,0.0,0.0,0.0,0.0,0.0,0.0
-0.24930779344729537,-0.6274457691931072,0.012916027927881824,0.569095127735352,0.16696166622711672,-0.026163095622080634,-4.263960549161929,12.450119712689546,-2.468148687165983,-1.1310595470024634,-0.17174283418632974,-0.09840950986635733,-2.051879227491571,-0.2108219577362922,-4.9314651867636385,12.450119712689546
-1.0192085151842223,-1.0219617907060385,-0.06807192287514874,3.5858656844352836,-0.804321317866652,-0.09887966850523594,-1.517227612833672,16.600159616919395,-2.2121047165128083,-0.6183647603705378,-0.18656629081348836,-9.488248144023103,-1.997217519195238,-0.21737403644357556,-14.591341441292059,16.600159616919395
0.16545318518490504,-0.03598123183490465,0.01877434757879226,-1.9029700840179409,0.5123539585443879,0.010359454620140207,-2.5317994444271186,4.150039904229849,0.04660147260455716,-0.025330518977991545,0.006818787165579376,-0.5433311815912099,0.39350224596404004,-0.0015961057930726774,-1.1721605420003876,4.150039904229849
-1.260446646445157,-0.8675396506634474,-0.06913175108395897,6.4954441251050525,-0.6324858497306574,-0.10809084570850236,-1.6106014425485888,16.600159616919395,-4.264391412252544,-0.8014559165834942,-0.3467516346867473,-8.810567285224714,-3.6364306155380444,-0.3857107293112907,-16.916612852878355,16.600159616919395
0.182225891352239,-0.9357342603881147,0.046371578050408646,8.860175841558952,0.5606033677222344,0.021238984758907842,1.4156697349751788,16.600159616919395,-1.5576288190388476,-0.6862609277624117,-0.11900948163238884,-7.1704080871082,-1.2783706755318924,-0.13763608655055448,-12.685960693627592,12.450119712689546
3.2148942142416703,-2.1282486132123566,0.31757749400088725,20.3427693249405,3.0078318814103944,0.304727841444142,17.072002869770902,8.300079808459698,-0.6498378606126343,-0.09650380055738772,-0.0571550999922435,-7.098246853499411,-0.7546691899263491,-0.0633123149849019,-8.711292147694046,4.150039904229849
2.99549559536767,-1.670554044847382,0.35754796136603373,29.249858580048823,2.950377295849238,0.32741205341713714,24.155461780142005,12.450119712689546,-0.9570418447969464,-0.3341135533297148,-0.0851413181871645,-0.12268672115425261,-0.9895796249134392,-0.10455891962788419,-3.4724581829595564,8.300079808459698
-1.4406007556575062,-0.8575010341262335,-0.06777707592276017,-3.288503057912674,-0.6792398019495938,-0.09935352522044871,-7.349306418100689,12.450119712689546,-2.2598812510182142,-0.8344031093043416,-0.1499720594675812,-1.28903820108388,-1.4985202973103018,-0.18154850876526973,-5.349841561271894,12.450119712689546
0.5324113676674402,-0.44946778883836025,0.05144904708414322,5.022661015625374,0.48357315698528414,0.035631221611664154,1.0672706141920472,8.300079808459698,-0.5341935561960831,-0.2362557281142692,-0.04292961586755745,-0.6256211559074814,-0.5830317668782392,-0.05874744134003651,-4.581011557340808,8.300079808459698
0.5608361665141892,-0.4963650789497862,0.06552244463654111,7.419478648577851,0.8226602929013005,0.054534090382968414,4.195409136502946,8.300079808459698,-0.4799687013873788,-0.16718275521581027,-0.03366792237126465,-4.263256414560601e-14,-0.35040446219456456,-0.03907360122118103,-1.5874551773775494,4.150039904229849
-0.7121221398573852,-1.1073780648616438,-0.003846569709388792,2.102663722793544,-0.18263838578822522,-0.05821329132637865,-4.152405909351764,16.600159616919395,-3.47273563366548,-1.0133779582672773,-0.23607995179210112,-4.106235536165002,-2.9432518795963203,-0.29044667340909097,-10.36130516831031,16.600159616919395
-0.4813012020356897,-0.40295595084762503,-0.0036274460759342375,3.1336417066944904,0.1931118934578091,-0.02202069381765459,0.4634000429935341,8.300079808459698,-0.7554357439908195,-0.34897318574698133,-0.035132024256758765,7.815970093361102e-14,-0.41882178110310875,-0.044220392896715977,-1.3259946206568785,4.150039904229849
-0.9408050272538437,-2.013148279932711,0.000922904974505645,7.697254142190282,-0.29171923029742697,-0.023532619368540786,2.3422224241543965,16.600159616919395,-2.605866964148218,-1.0161916872054757,-0.16434226358479187,-0.4382435991871816,-2.1240018879813416,-0.18232810383043552,-4.424675116179401,12.450119712689546
-0.0972536670357238,-0.6017027064589051,0.03308998556591658,6.620609475703919,0.3225417088088989,-0.009880748450972532,2.533172257070838,12.450119712689546,-0.8126190931461386,-0.22543939288471648,-0.06338686884364952,-1.4210854715202004e-14,-0.5350186512285582,-0.09158550562076595,-2.7040617882041076,8.300079808459698
-1.5238707800766749,-0.007374127513180895,-0.13937652816087065,-18.782388268082627,-1.2527024844803494,-0.1452219841168756,-19.574811525680335,4.150039904229849,-1.5238707800766749,-0.007374127513180895,-0.13937652816087065,-18.782388268082627,-1.2527024844803494,-0.1452219841168756,-19.574811525680335,4.150039904229849
-1.5580622420029666,-0.5978842362537957,-0.11748955239000314,-4.052339774060531,-1.1922110826333876,-0.16394845352248877,-7.251972328113922,16.600159616919395,-1.7851103695353698,-0.6827563312933531,-0.13599666500953916,-0.7750264829489346,-1.4192592101657908,-0.1824555661420248,-3.9746590370023256,16.600159616919395
-0.05912312660403263,-1.66876256303477,0.07123111616996258,3.0387938055893926,0.5737607182030091,0.05150633250937864,-2.160949686879441,16.600159616919395,-1.5302221872229849,-1.2341589319064763,-0.08638710436051455,-1.697172735453698,-0.8973383424159431,-0.1061118880210985,-6.896916227922532,16.600159616919395
-1.3220850119523453,-0.4745127070502324,-0.08953701679194193,-3.475726718248417,-1.0276004938614358,-0.1077416596281251,-5.065555651884445,8.300079808459698,-1.5220897524370613,-0.47707474252269577,-0.10666645057140056,-0.5109106810053703,-1.2276052343461519,-0.12487109340758373,-2.100739614641398,8.300079808459698
0.5915504360054058,-1.7676282120967937,0.13093115976771497,12.077177055338971,0.8487765042054063,0.06434068392453918,6.078093180080316,16.600159616919395,-2.4843296237118118,-0.42050542488434317,-0.18084073259655886,-1.760225599263734,-2.2963943101923956,-0.22898043088535103,-6.252838442343133,12.450119712689546
-0.2558210682666706,-1.2077388807604272,0.03150913439378711,12.49034073401021,0.08158194913232553,-0.00275023687514675,9.226946156934027,12.450119712689546,-1.3746757391666753,-0.5971452872534151,-0.08974664073332117,-2.7358694175365486,-1.0372727217676792,-0.12400601200225503,-5.999263994612733,12.450119712689546
-0.9375078375575718,-0.6982141760462497,-0.059215628605546244,-2.84637666226579,-0.6648060895125374,-0.08169737679431627,-8.099911041555671,12.450119712689546,-1.8011605710219314,-0.6524456375685048,-0.1372995878971327,-10.141745677020076,-1.528458822976897,-0.15978133608590273,-15.395280056309957,12.450119712689546
-0.38261710228515433,-0.14870623840946529,-0.01641313168883829,0.3091167627249014,0.07453438743121232,-0.020194794578019648,-0.5185150965062029,4.150039904229849,-0.7445118876163725,-0.10858826285478251,-0.0538688222063306,-3.9402038997342643,-0.2873603979000059,-0.05765048509551196,-4.767835758965369,4.150039904229849
1.3792224209798087,-1.6601113671950891,0.1571673544429549,7.720565579874972,1.250509995248139,0.12210294378074432,1.3678170208136677,16.600159616919395,-1.427414805804661,-0.15529716939162164,-0.12331348919107618,-8.606996612628691,-1.5280158814354516,-0.1486762898118396,-13.342097495826685,12.450119712689546
0.2627893512477053,-0.23647395764083257,0.030504260274743566,2.862134228049328,0.3241421376846132,0.009556989244928815,-0.28699746880480603,8.300079808459698,-0.43576906018971684,-0.142770896014893,-0.035057069990867884,-2.842170943040401e-14,-0.406313807809755,-0.04516676287060856,-1.5472830325278508,4.150039904229849
-1.0333645531568125,-0.6482087413215272,-0.05625276915656319,-1.3483110430310816,-0.22685737953109797,-0.08985734453303174,-5.46008520895187,16.600159616919395,-1.5879432762286427,-0.5811562985687342,-0.11614364655644471,-1.9579337671601458,-0.7814361026029282,-0.14974822193291326,-6.0697079330809345,16.600159616919395
-0.3400527324518121,-0.605500013865214,0.0007205751422842965,-0.5109106810053703,-0.011263294221031117,-0.03640053961176515,-2.9031389715483336,12.450119712689546,-1.3405814226613355,-0.49519264026405097,-0.10379161148160476,-4.064157808299228,-1.0117919844305545,-0.1409127262356542,-6.4563860988421915,12.450119712689546
0.6065719490172095,-0.1418597628944802,0.04916056690483006,4.047196123739731,0.6343889299143646,0.03740737113640713,2.003123330587755,4.150039904229849,-1.2583121181471757,-0.3962548779615265,-0.08571107095552732,-9.172837061573766,-1.2304951372500206,-0.09746426672395025,-11.216909854725742,4.150039904229849
-2.8862824995348424,-0.19190869179438153,-0.23009403884255386,-12.640639491149042,-1.455625277021233,-0.24912923582987545,-15.61984963004236,16.600159616919395,-2.820983769587593,-0.23672053781842983,-0.22177937155886474,-13.607591790629389,-1.7505384372175756,-0.2366749838381027,-16.01788134057472,12.450119712689546
1.7442185512756225,-0.8878114814277573,0.14879593980830694,1.8781595580707133,1.6377789323757552,0.14090704680896093,0.16493285376828482,4.150039904229849,0.0,0.0,0.0,0.0,0.0,0.0,0.0,0.0
-0.0287118885404114,-0.8152382028613339,0.010141940070900246,1.2639312804926135,-0.09535513196636813,-0.010708021334662865,-3.3812368640402823,8.300079808459698,-1.6060987609991972,-0.7455843862076055,-0.1302255425886638,-0.10315805222610663,-1.672742004425154,-0.15107550399422692,-4.7483261967590025,8.300079808459698
-1.7424019646582698,-0.8150023534858164,-0.10035188793696936,-1.6926327140409434,-0.3165166517372642,-0.09534940740576281,-4.472116160880347,16.600159616919395,-2.1281418734316446,-0.8549068882773891,-0.1357639957793172,-2.803690961496418,-0.702256560510639,-0.13076151524811064,-5.583174408335822,16.600159616919395
1.079724927631709,-2.078057483697238,0.22952977316451606,19.125040251332834,1.4775394000871689,0.19034466071641676,13.895689943856738,16.600159616919395,-2.4654642328625354,-0.8507831281390459,-0.20633553522202536,7.105427357601002e-15,-2.1702731495628402,-0.23475637082624318,-3.887634136128092,12.450119712689546
-1.5950896771990797,-0.9080790434937409,-0.09861634949045339,-1.013454648775138,-0.8987897890546881,-0.16324661699047127,-4.528108522626361,20.75019952114924,-2.3804037498646125,-0.9207915609325408,-0.17488844239377177,-5.5823827592601845,-1.6841038617202209,-0.23951870989378965,-9.097036633111408,20.75019952114924
-0.43263268764699436,-0.3537593439298199,-0.023379336724190347,-0.510910681005381,-0.29479655329338605,-0.053127714249822655,-2.1007396146414195,8.300079808459698,-1.1481418358333606,-0.21992379855725375,-0.10248666928193428,-0.510910681005381,-1.0103057014797523,-0.1322350468075666,-2.1007396146414195,8.300079808459698
-2.6568464593229812,-1.079515841501932,-0.18533379814843542,-1.8075161561450201,-1.7272654036501134,-0.2111568218947718,-7.399631847548584,20.75019952114924,-3.969909898904178,-0.9504631624795987,-0.3060530997804368,-7.4228044173836025,-3.0403288432313103,-0.3318761235267732,-13.014920108787166,20.75019952114924
0.0,0.0,0.0,0.0,0.0,0.0,0.0,0.0,0.0,0.0,0.0,0.0,0.0,0.0,0.0,0.0
-1.3225070574802489,-1.8020098775022202,-0.022973322683064623,15.6738316289013,-0.9196797275928148,-0.12164756752441042,8.67012910954477,20.75019952114924,-3.055896831365601,-1.2142093949313821,-0.2120298881866176,-0.11170976109398367,-2.653069501478167,-0.3107041330279634,-7.1154122804505135,20.75019952114924
0.5797089049247361,-0.9618117258958314,0.05270258846868334,15.540100518212917,0.4296855285707446,0.037175731885955604,11.371998738881409,8.300079808459698,-1.0866836585940343,-0.20614784193493385,-0.08831647728362987,-1.0396710958591413,-1.2367070349480258,-0.1038433338663576,-5.207772875190649,8.300079808459698
-0.24129693602181757,-1.4627054383436828,0.042231027181037994,17.861556151789646,0.0029094876023982863,0.004809392234216614,13.574296360356218,12.450119712689546,-1.728467543472334,-0.6155627354214719,-0.12784301321017266,-3.906832061725943,-1.5683639666061788,-0.15195170410409198,-6.735515324486222,8.300079808459698
1.0100354438442594,-0.23940117883531897,0.0880083532312611,2.357181035286999,0.9487276984723625,0.07727230091798049,-1.3488068579770243,8.300079808459698,-0.9588542472480421,-0.34384190229071265,-0.08219417636033748,-3.2765320203471617,-1.020161992619939,-0.0929302286736181,-6.982519913611185,8.300079808459698
-0.9349842532771167,-0.9006455866884142,-0.027794126036723377,8.028132680294899,-0.09261099304505027,-0.03720114666186769,4.511629803246997,12.450119712689546,-1.8801464947212363,-0.4684006326145429,-0.1346643413047891,-0.07304971741326227,-1.03777323448917,-0.14407136192993342,-3.589552594461164,12.450119712689546
-1.6972465146416038,-1.7141418335964502,-0.08414490342216607,3.5882856304118356,-1.4272460374413987,-0.15486145327534362,-2.0021404262634874,20.75019952114924,-4.3125399657191865,-1.5000801295021837,-0.3132355955243802,-0.48295381777665725,-4.042539488518981,-0.38395214537755773,-6.07337987445198,20.75019952114924
-0.6150313296287004,-1.2379441092396917,0.01841700105132371,-1.8067564065095638,-0.06585255608337892,-0.01956020905253264,-5.73385950228073,12.450119712689546,-2.2202110651874376,-0.9169698006551528,-0.13375644324541713,-19.640959351680188,-1.671032291642116,-0.17173365334927349,-23.568062447451354,12.450119712689546
-0.20978022058779633,-0.5232479015071494,-0.010066783609598895,0.13660347057981426,-0.14213327985928004,-0.03656914265295641,-4.7276973912728835,16.600159616919395,-2.703214506399343,-0.43856055781359515,-0.2368214262167398,-11.305715025251502,-2.6355675656708266,-0.2633237852600973,-16.1700158871042,16.600159616919395
1.0717366632748915,-1.3538825254870517,0.1659240734177614,15.604813823392156,1.3560672447420874,0.1320820116414657,10.227025732356054,12.450119712689546,-1.1712509478534194,-0.15790360242473334,-0.09464370187268945,-1.4210854715202004e-14,-0.9841270860804885,-0.11643375367748077,-3.534531119058684,8.300079808459698
0.16506632203285676,-0.33711642300840516,0.04285618689417381,2.809463129965682,0.7070199597944073,0.0007356883705931239,-0.8595716899926806,12.450119712689546,-0.46060459764256745,-0.4092681892851999,-0.012632815595064684,-1.4527982647347564,0.08134904011898314,-0.05475331411864537,-5.121833084693119,12.450119712689546
1.1427402152420552,-0.422934686919449,0.12510840444024318,10.867880785715844,1.2865068927300882,0.1066339697175076,6.41743457258713,8.300079808459698,-0.32988121835522133,-0.09050442178919482,-0.02709000019373725,-1.4210854715202004e-14,-0.2590501620392205,-0.03607030792514582,-2.1925599689472506,4.150039904229849
0.7471866640871738,-1.0477623670925222,0.11783994518007124,4.9991329717383515,1.1038202254668672,0.0781444408175892,0.21937747539534413,12.450119712689546,-0.06438964196489039,-0.6137317173917509,0.023706504337630108,-2.997010392485187,0.292243919414803,-0.01598900002485193,-7.776765888828194,12.450119712689546
-1.539107362273139,-0.5455431959561956,-0.09170639806167369,2.244985496789994,-0.602342379166676,-0.0910464916019823,-1.5470635708022087,12.450119712689546,-3.1233946510628376,-0.5664294164849277,-0.21590836149092563,-11.836334529564944,-2.1866296679563746,-0.21524845503123424,-15.628383597157146,12.450119712689546
1.623538986182882,-0.8215764838303947,0.15886027606615277,24.566015665628733,1.5875377447757577,0.1421020984463801,21.233553951237326,8.300079808459698,-0.48095649482549074,-0.22054086523887229,-0.03878443997711503,2.1316282072803006e-14,-0.5002716400730023,-0.04684815733576933,-1.669037393685798,4.150039904229849
2.617600143122978,-2.221279346084657,0.2835872654590593,22.742137213707217,2.7142228590457007,0.26127873284431175,18.22999078313771,12.450119712689546,-2.5411401846438864,-1.2048787807220123,-0.18900337045549281,-1.761810327469604,-2.4445174687211635,-0.2113119030702404,-6.2739567580391125,12.450119712689546
1.0041031440048975,-2.2909486430470594,0.20685049592074245,22.639318031681654,1.1500901769886163,0.1516444337973819,17.05175720323549,16.600159616919395,-2.178415373653597,-0.6476604555028764,-0.17464160874536583,-6.203355267212423,-2.072630881830695,-0.2146362125104726,-10.35203942739173,12.450119712689546
-0.5525219956572069,-1.3797577516069897,-0.04488970165411095,10.80935989084061,-1.0076518430470083,-0.08435619890551467,2.6464108340681918,16.600159616919395,-3.526760375111204,-1.0109554421667095,-0.2814955670948929,-3.432356933947034,-3.9818902225010055,-0.3209620643462966,-11.595305990719453,16.600159616919395
-1.5101680518653904,-1.2525898211265716,-0.07754176697791015,-2.7084588298764345,-0.8474413603651643,-0.10251222516814751,-7.111640088799309,16.600159616919395,-3.4603764779233437,-0.9367926428175277,-0.2643799718314789,-2.708458829876456,-2.7976497864231176,-0.28935043002171623,-7.11164008879933,16.600159616919395
-1.4674056446518442,-0.8867053269290128,-0.057910275820711066,8.35356938332421,-0.10662032690835943,-0.08744010473603137,2.1937824731676265,16.600159616919395,-3.5138314575518423,-0.7051042012022304,-0.2509735047920997,-1.846388502867839,-2.1530461398083576,-0.28050333370742,-8.006175413024422,16.600159616919395
-1.222965913234452,-0.49836636954862357,-0.057923080846787434,0.30977023853011687,-0.33125223512704416,-0.06114244765770627,-1.6189289094461259,8.300079808459698,-0.8734914914712668,-0.2960174235468003,-0.04695885497336194,3.552713678800501e-14,-0.427915138047652,-0.04886821876531955,-0.9603154731890093,4.150039904229849
-1.4958430339237383,-1.6533717019746685,-0.06436342742031248,12.007720532468468,-0.5503136606993309,-0.07948615986614366,4.954050626350224,20.75019952114924,-3.1334243108378734,-0.9512348193591453,-0.2227876742644735,-0.8728286806047976,-2.187894937613466,-0.23791040671030467,-7.926498586723042,20.75019952114924
-0.3616994955160546,-1.6950568312285803,0.042445082114576316,3.181897368085977,0.1128213102592257,-0.04046486297634588,-4.253785504791296,24.90023942537909,-1.9573994117208393,-0.8199512457412084,-0.13776915382024946,-2.263104954272528,-1.5680845737887639,-0.2043254578222783,-8.418221958475499,20.75019952114924
-1.1193126024534363,-0.3065557350867607,-0.07788091751147874,-8.953253810889617,-0.7142452389256695,-0.1026893640467188,-10.604587378426931,8.300079808459698,-1.2532989184786283,-0.3174539373369072,-0.08911820681641003,-8.953253810889617,-0.8482315549508614,-0.11392665335165009,-10.604587378426931,8.300079808459698
1.9047027582526743,-1.787795350525732,0.19518020692417798,10.104727353677603,1.685207992114468,0.16243792025467144,5.997287081159783,16.600159616919395,-2.2526212783962274,-0.6068817346384989,-0.19641291395259425,-9.880170091632486,-2.42139544571367,-0.22000513428696553,-13.071990735972285,12.450119712689546
-0.42232409710241114,-0.5876501362732007,-2.5625814454088847e-05,1.0682539215879672,0.12818712784423703,-0.0316631251411571,-2.6872397596342097,12.450119712689546,-1.3542076562396366,-0.2792630750187115,-0.11468985120816289,-6.576526914303326,-0.9890286565909401,-0.1353341923765744,-9.06571561717021,8.300079808459698
0.41556018906523384,-0.6207134103686638,0.05503955366265734,8.14691326116457,0.5785880759227036,0.04324123847699246,3.8883043238089243,8.300079808459698,-0.4024908013266604,-0.14582538628512154,-0.030618974191228554,2.1316282072803006e-14,-0.32234572146216944,-0.0363613082471263,-2.0852581068828258,4.150039904229849
-0.6757147208062975,-0.30622397493218934,-0.055035063309939236,-8.816196874881445,-0.566176797204454,-0.11546300574958906,-13.640818206057471,20.75019952114924,-2.0601865482846815,-0.7909593536186375,-0.1818774023857439,-9.024389845155486,-1.950648624682838,-0.24230534482539373,-13.849011176331512,20.75019952114924
0.08818821594500648,-1.5149658403463881,0.07789743295777085,23.20050122746248,1.240564975766234,0.041648342447315745,15.45955722175589,20.75019952114924,-4.226358938689478,-0.9898738598349901,-0.2798860178729568,-0.10122383460851125,-3.073982178868251,-0.3161351083834119,-7.842167840315099,20.75019952114924
1.597233577799173,-0.9940818911428213,0.15624119822880644,14.86660209850315,1.6006501721554045,0.14943494995345963,13.354068225113664,4.150039904229849,-0.376152417345188,-0.1397729755363475,-0.02899415196834737,0.0,-0.3727358229889566,-0.035800400243694186,-1.5125338733894864,4.150039904229849
0.7699360663934618,-0.2623106546337617,0.05876112509139314,5.6425921011121005,0.7655759204488799,0.053618302460362366,3.8666355995935078,4.150039904229849,-1.1914749911119626,-0.44229866372301707,-0.08524380335430706,-6.4192802955392665,-1.1958351370565445,-0.09038662598533784,-8.19523679705786,4.150039904229849
0.5902746581265106,-1.3233127335625063,0.06246790913047223,5.633366455117837,0.4441727411281571,0.04563425639732463,0.8814100084674976,8.300079808459698,-0.27285085868102854,-0.1348713598135074,-0.02367436946061363,0.0,-0.34718442078311984,-0.03176574086155745,-2.324035617509878,4.150039904229849
2.137592542593647,-1.3118045624581676,0.24914858060333556,19.33036533947821,2.1208935462747824,0.22306702518418597,16.345275016419816,8.300079808459698,-1.0566861256121163,-0.5435985542085646,-0.08225358579479902,-2.2187939519497135,-1.073385121930981,-0.1083351412139486,-5.203884275008107,8.300079808459698
0.0,0.0,0.0,0.0,0.0,0.0,0.0,0.0,0.0,0.0,0.0,0.0,0.0,0.0,0.0,0.0
0.7292980547973338,-1.6915543303442853,0.1415071822929833,26.900037353587233,1.245961070688284,0.11790378065369655,20.68807802634721,16.600159616919395,-2.2750267015061887,-0.5458959538536305,-0.17931826336773715,-1.4210854715202004e-14,-1.8909283059648674,-0.196463373115778,-4.601911577678443,12.450119712689546
-0.8856185236010283,-1.1706275507818287,0.0034603404268492843,7.485963511783503,-0.11460472274571565,-0.019992513021110714,4.08375523388851,12.450119712689546,-1.723152590196463,-0.6837473737450193,-0.09810010607975006,-5.889887329116583,-0.9521387893411504,-0.12155295952771006,-9.292095607011575,12.450119712689546
2.1650991702301123,-1.173066655825929,0.2504742674319753,22.68959054645716,2.353325041046551,0.2142416031658121,19.704500223398767,8.300079808459698,-1.325543917561034,-0.6279089397347679,-0.07593027153019805,-0.10122383460847573,-1.1373180467445954,-0.11216293579636127,-3.0863141576668696,8.300079808459698
0.1374161072704272,-0.6027128200058769,0.025660210152464613,1.2862299961964396,0.3207416979407185,0.003727897882570552,-2.5387721083518215,12.450119712689546,-1.8670920043154737,-0.9079824864260537,-0.1362778182796588,-0.08398222688192902,-1.6837664136451824,-0.15821013054955285,-3.90898433143019,12.450119712689546
-1.6299894992298336,-0.7894626178380175,-0.11188318305868183,-0.5091732381980378,-0.8710631135414149,-0.1300759469989794,-3.963559663917593,16.600159616919395,-3.0206757908907145,-0.664020685674048,-0.2478433441632727,-5.102818169925783,-2.2617494052022957,-0.26603610810357026,-8.557204595645338,16.600159616919395
0.44877487039842734,-1.2105864106990598,0.09038310823775886,18.306343157296276,0.7821120652623303,0.07395973182396953,15.121835701931971,8.300079808459698,-2.041877504604539,-0.438967055138491,-0.135783797212367,-8.562581898736468,-1.708540309740636,-0.15220717362615632,-11.747089354100773,8.300079808459698
-0.8091826764570209,-1.5505040252227502,0.004720885873695568,14.418121569143135,-0.19330042548619808,-0.03798008543512732,8.830560740696914,16.600159616919395,-2.3536559220226128,-0.6423015095429019,-0.16436091621299398,0.0,-1.8960084053186055,-0.19531742633494176,-4.148684160179336,12.450119712689546
-0.3884563140658548,-0.9315171036307284,0.001179608276628108,-9.177250747880993,-0.13053525989155101,-0.047436128664579025,-13.159055931077077,16.600159616919395,-1.2293972825521138,-0.2673248713843037,-0.11101267292554567,-1.3635194641994914,-1.0391167940950519,-0.146340156319326,-4.380967092373545,12.450119712689546
0.7032113839340326,-0.40518629084504454,0.11022602176385188,8.967793355819676,1.0957698557881201,0.07597740262342945,6.354410200989992,8.300079808459698,-1.1588355697727648,-0.28052931680799276,-0.0909433846584422,0.0,-0.7662770979186773,-0.12519200379886464,-2.613383154829684,8.300079808459698
-0.2550209054815733,-0.7049913287347085,0.001078369163045545,-6.064271871344307,-0.13795158152649645,-0.03535951077954791,-9.073351242450688,12.450119712689546,-0.09048966397982028,-0.6172845082929044,0.012588333620468517,2.1316282072803006e-14,-0.015014184134254371,-0.010903894272368042,-2.206680014199435,8.300079808459698
0.5951688753688567,-0.6473924933348449,0.08197881434965903,7.5458501541126,0.673026470021032,0.059357591758859074,4.081624969926189,8.300079808459698,-0.8283561363747749,-0.24152691225283718,-0.07076326090825946,4.263256414560601e-14,-0.7905583296930807,-0.08170069211219094,-1.7113309397811705,4.150039904229849
-1.1327504223933138,-0.8582122210702661,-0.06182535193091887,-5.1790483453515535,-0.5619075079178248,-0.0957378202075051,-8.882670854211792,16.600159616919395,-3.2002306398183133,-0.7015668111296947,-0.2597437313055446,-12.382948513484415,-2.6293877253428244,-0.29365619958213085,-16.086571022344653,16.600159616919395
-1.7721205729178235,-0.698767079430862,-0.13370553991187223,-1.1086511954391653,-1.685866524623636,-0.1567135775727067,-7.144357566852229,12.450119712689546,-2.2441898436712515,-0.49610987989078126,-0.17469199135750757,-5.662013280171358,-2.189658353088708,-0.18955695874564832,-9.611237327831198,8.300079808459698
-0.45867450345444816,-0.507684500397465,-0.009198634997835797,-3.265519434994623,-0.06293750644630336,-0.026970045804717846,-4.855348368630651,8.300079808459698,-2.1949532494411894,-0.6269107536002849,-0.1634374474476442,-7.5041259835081,-1.7992162524330446,-0.18120885825452626,-9.093954917144128,8.300079808459698
0.4111132150399266,-0.1436821846234242,0.037299252671100014,5.332784776424461,0.43008560213730895,0.028175883785071076,3.310178487057051,4.150039904229849,0.0,0.0,0.0,0.0,0.0,0.0,0.0,0.0
-1.1402141107383468,-0.7447271326000173,-0.08991621660584243,-2.538221182021484,-1.347711303007837,-0.14487468863011982,-9.123923604018248,16.600159616919395,-1.295483172448031,-0.7809037882312229,-0.10371447786543256,0.0,-1.502980364717521,-0.15867294988970995,-6.585702421996764,16.600159616919395
0.739683455087949,-0.8741681846796219,0.11800048567374966,8.471854397765782,1.42320389453241,0.08521232549943458,4.846980040996776,12.450119712689546,-2.3696871475053607,-0.5428566392234551,-0.16406227450360833,-0.12383954464633717,-1.6861667080608997,-0.1968504346779234,-3.7487139014153428,12.450119712689546
0.24709312613528933,-0.44691135742069577,0.032714117190756786,4.959606558046637,0.33353406861653667,0.011540887249415155,1.5456061345990761,8.300079808459698,-1.277496618272922,-0.5431074843913315,-0.08802494256579935,-0.35543760084304665,-1.1910556757916746,-0.10919817250714098,-3.769438024290608,8.300079808459698
1.8116628025546921,-1.10577530512054,0.17766032835556292,2.60827711538316,1.645178485041332,0.15814929054249238,0.11229493239343213,4.150039904229849,-0.7673154040936492,-0.14315635020558481,-0.06336645267050722,-4.276325112387404,-0.9337997216070093,-0.08287749048357776,-6.772307295377132,4.150039904229849
-0.21776801178456928,-1.9577257353587605,0.026493559415234957,14.264670473489126,-0.2947914279942232,-0.028867278494928983,6.18161958756307,16.600159616919395,-2.4578626163145323,-0.7810094146917432,-0.17530633623175007,2.1316282072803006e-14,-2.520781358001023,-0.2151095644046938,-5.958083502930194,12.450119712689546
2.346063938765819,-0.800931238736954,0.19368322953466283,14.674382167678935,2.3674139965828234,0.1852137661171518,12.866053687000488,4.150039904229849,-1.3972178846471506,-0.48868360230250296,-0.09574770837484614,-6.4294596067033964,-1.375867826830146,-0.10421717179235718,-8.237788087381844,4.150039904229849
-1.3990598177322742,-0.5146554548967668,-0.08280807477995988,-7.290392603047245,-0.37696024933060457,-0.10310570773466876,-9.619732925872736,12.450119712689546,-1.8385079658528092,-0.5584229399728411,-0.12172276222529699,-7.261147574301241,-0.8164083974511396,-0.14202039518000587,-9.590487897126732,12.450119712689546
1.7721780888671712,-0.9133364021684791,0.13238219511258764,15.563907712875867,1.5898474618337377,0.12311390439469565,13.721474631310556,4.150039904229849,-0.857786777822811,-0.33210723523462704,-0.06888406435291523,-1.8156575273251647,-1.0401174048562445,-0.07815235507080723,-3.6580906088904754,4.150039904229849
0.20789585354867857,-0.30615390393491104,0.018427666703291073,1.8606045170849157,0.2156153138789474,0.017443971382420237,0.06595181657560545,4.150039904229849,0.0,0.0,0.0,0.0,0.0,0.0,0.0,0.0
-2.302366279449508,-0.7294647600281206,-0.17841416645804387,-7.850540955821664,-1.5066041152612675,-0.1822445177868942,-10.954769778608078,12.450119712689546,-3.971033436018101,-0.41357300877507264,-0.3546546794936088,-20.901909943232255,-3.1752712718298604,-0.35848503082245914,-24.00613876601867,12.450119712689546
-0.9118847372391103,-0.25375012112898787,-0.06994090975184446,0.6059971776482058,-1.0984277186879554,-0.08809997936576129,-3.5050616464886915,8.300079808459698,-0.9835835455333175,-0.27631382965107854,-0.07559396866853556,-1.4210854715202004e-14,-1.07855567484334,-0.08434159695511333,-2.116989971578974,4.150039904229849
-1.5574375322023881,-1.4982886366883736,-0.10522300457830597,15.919963099586177,-1.5432810929522978,-0.16258900632022522,7.143312703963332,20.75019952114924,-3.947388610698521,-0.7974246671763563,-0.31475700379556354,-1.4210854715202004e-14,-3.942338313392524,-0.35884683379014676,-6.896895093655772,16.600159616919395
0.465732327271251,-0.5631686786608494,0.0867842590131509,10.398470696231787,0.8508992116232461,0.06454054291095312,7.305592511695625,8.300079808459698,-1.7189910533977448,-0.33784938707012735,-0.13795696750858277,-6.623378025120886,-1.3338241690457497,-0.16020068361078055,-9.716256209657047,8.300079808459698
-1.339773717475512,-0.4521186554739245,-0.08998464811638252,0.0,-0.48164575670186505,-0.09803397823723192,-2.3922282905429633,12.450119712689546,-2.676989832610732,-0.5827212596867586,-0.20445354748671274,-3.195085282994725,-1.8188618718370853,-0.21250287760756215,-5.587313573537688,12.450119712689546
-2.3702951996275035,-1.5168475566160602,-0.153290909076233,8.264880742106271,-1.4455445909207887,-0.16307747811991202,1.8156618065318746,20.75019952114924,-3.6940578888241316,-1.1156921572216127,-0.2810271858238064,-0.12081405316983052,-2.769307280117417,-0.29081375486748545,-6.570032988744227,20.75019952114924
-0.5449352058043866,-1.3582156221312758,-0.025504303654501792,4.366594605053031,-0.6905507630842633,-0.07832069920409007,-2.1747962301868355,16.600159616919395,-2.925380923833565,-0.2883301320388707,-0.24611245207215315,-0.9311299307838823,-3.0388486819999505,-0.2840736978235888,-5.818437561435864,12.450119712689546
1.270600696395574,-1.1719735044750603,0.15093090243282836,15.239818023861538,1.7032946968867924,0.09912229476140444,9.534156597431306,16.600159616919395,-2.6544022160717384,-0.31941351069137625,-0.18898319864697427,-2.1316282072803006e-14,-2.334871619434309,-0.22669166127414558,-4.236632023503695,12.450119712689546
-0.16419731127226278,-0.39042662508247616,-7.068706686907955e-05,3.866990244157286,-0.051128198957983706,-0.02370927804431,0.46925384283673566,8.300079808459698,-1.2578941995182724,-0.4503684076329382,-0.09515687442509602,-9.203805395188766,-1.1448250872039933,-0.11879546540253694,-12.601541796509316,8.300079808459698
-0.4182423162043758,-1.2321428976059892,0.039448092833874515,-0.15424669240792355,0.9200317073551734,0.016136288230439888,-7.058147395730529,20.75019952114924,-3.634699600809954,-1.8689508647081166,-0.22045965702924974,-2.3885101592542775,-2.296425577250405,-0.24377146163268437,-9.292410862576883,20.75019952114924
-0.5948705301546777,-0.21425302353533482,-0.03889967810007122,-3.712721142548933,-0.08236905104046421,-0.0815566953444874,-7.254001454564516,12.450119712689546,-2.0900464140844335,-0.2462062649229999,-0.17632390962506905,-6.889651447438116,-1.7504888521276953,-0.20432027962596755,-9.23747062537802,8.300079808459698
-0.225412551093096,-1.7174689080411802,0.07620285469389321,21.676808812021886,0.05741235939469291,0.03647632734387263,17.62932801037852,12.450119712689546,-1.8273161787367487,-0.673256172075293,-0.14001607486641232,-0.11455158199553495,-1.6410688492823677,-0.16569339173610242,-2.7877676561436786,8.300079808459698
0.252523432498708,-0.26723492479277766,0.042392072228911504,3.855172747784362,0.4569829160305572,0.03432475081042974,2.9682455979963613,4.150039904229849,-1.0444321230295817,-0.3500456158165317,-0.07625704538738232,-4.758856804354963,-0.8399726394977325,-0.08432436680586408,-5.6457839541429635,4.150039904229849
-0.3412528958938843,-2.0492391716361222,0.061834079745603066,25.603640714607653,0.8111249675941234,0.0781905414518419,18.85324282145641,16.600159616919395,-2.228541228111336,-1.2852580675941283,-0.13169266046326372,-0.09186980794105182,-1.3683580254655325,-0.12056845647031528,-5.077573153079875,12.450119712689546
-0.7978138685978964,-1.0367070018170832,-0.03660220158255739,3.1317184061409584,-0.4202123828199733,-0.07073118349466623,-0.9815024281382385,16.600159616919395,-1.9118493838281791,-0.871465620493554,-0.1520577846304818,-4.8601296340067925,-1.534247898050256,-0.18618676654259064,-8.97335046828599,16.600159616919395
0.2962216247917926,-0.45315945679699077,0.061893488785423,1.5470050982697714,0.6656645838088338,0.04153065203396611,0.08744833889151238,8.300079808459698,-0.35704028436676083,-0.4376376762600671,-0.0030462091853276085,-0.04629906744787249,0.012402674650280332,-0.0234090459367845,-1.5058558268261315,8.300079808459698
1.0479439231796395,-1.3037972321566613,0.16440002653922847,16.994517343727864,1.4144481337329262,0.13581327126579068,12.845833183548535,12.450119712689546,-0.592121092028064,-0.5335733969267089,-0.028060137774809757,-1.1910842098033285,-0.2256168814747772,-0.05664689304824755,-5.339768369982657,12.450119712689546
-0.47731826561825486,-1.4081332976790168,0.07847686130280296,22.639318031681675,0.03289677734825602,0.053169596712787315,19.90120731127155,8.300079808459698,-2.0476897315902853,-0.6671733722463333,-0.130255823632764,-0.11101179572442987,-1.5374746886237745,-0.15556308822277964,-2.849122516134557,8.300079808459698
-2.4986492352010226,-1.122523841382721,-0.15464772043253983,2.453460822625786,-1.4131324034287296,-0.1745457364946318,-2.654941691979875,16.600159616919395,-3.7115118301172645,-0.9412830915059907,-0.277966932426821,-2.8108601744167814,-2.6259949983449715,-0.297864948488913,-7.9192626890224425,16.600159616919395
2.1693685721785094,-1.274733059284328,0.26500449290160066,29.312802450960994,2.6724103182310657,0.24651498636239655,26.327712127902622,8.300079808459698,-1.678865793797323,-0.6420016407277327,-0.09687668653947035,-0.10122383460849704,-1.1758240477447668,-0.11536619307867446,-3.0863141576668696,8.300079808459698
0.6949872017780523,-1.2587704189596973,0.1343885720185093,23.912627233659553,1.2335820011232457,0.07468389617852778,17.039230998953062,20.75019952114924,-2.7100088409286016,-0.7795901860664038,-0.216626534659425,-2.2292968326497657,-2.1714140415834082,-0.2763312104994065,-9.102693067356256,20.75019952114924
1.7632507170138867,-1.0946418204079738,0.2249130955864005,24.755282276229995,1.9972253925868877,0.18264448341522488,20.29468912136716,12.450119712689546,-0.12310721821291448,-0.3605740679468905,0.00563619380728464,-1.501131122878192,0.11086745736008652,-0.03663241836389097,-5.961724277741027,12.450119712689546
1.825789266710931,-1.1359843025377447,0.19505673148953312,3.121473026393886,1.8695855369062375,0.19262379211551417,1.6218393539383271,4.150039904229849,0.0,0.0,0.0,0.0,0.0,0.0,0.0,0.0
-0.5993565915803023,-0.2967256701367198,-0.03867232753665539,0.793473823221035,-0.014054800622265162,-0.06396771458256267,-1.71021846441527,12.450119712689546,-1.7226948514681206,-0.415586717041748,-0.14923899942891639,-1.350408457861409,-1.1373930605100835,-0.17453438647482367,-3.854100745497714,12.450119712689546
-0.3100722198416044,-0.3529853989602909,0.004275199104530669,3.8745827942622455,0.3502373376961465,-0.0027812993745108816,1.95782367125976,8.300079808459698,-1.0193536481127854,-0.23648076883426228,-0.07284762121654242,-0.4190985718284139,-0.3590440905750345,-0.07990411969558397,-2.3358576948308993,8.300079808459698
2.831791377866577,-1.4796660874374812,0.27368805493886583,17.5049259648152,2.642821634935011,0.243092109697522,11.955154413940583,12.450119712689546,-1.7683720498022693,-0.3529159425331745,-0.14705509838765096,-4.405368517929077,-1.9573417927338355,-0.17765104362899475,-9.955140068803694,12.450119712689546
-1.0171763478562976,-0.2522641706050237,-0.06799105520414717,-2.418883117034188,-0.18103962030038367,-0.07225729233613043,-3.7419657440587955,8.300079808459698,-1.0151826208758106,-0.24932661177633975,-0.06807901803363192,-3.429308150898567,-0.17904589331989662,-0.07234525516561519,-4.752390777923175,8.300079808459698
-1.090291436508961,-1.1433640717709341,-0.08885595618506847,-1.4154621581734617,-1.4066843356313585,-0.16011793930719442,-12.339505626987332,24.90023942537909,-2.8328778145695677,-0.7002017042656519,-0.24828843534410747,-2.0928295714425786,-3.1041580070961916,-0.3056001374399113,-11.071256502231002,20.75019952114924
0.8602617463969287,-2.2188055584659043,0.20751922441520065,21.83118366305636,1.3450862987017587,0.18154013544932113,17.68249950287706,12.450119712689546,-3.808971151237728,-0.6518429341053267,-0.3023449252439348,-15.935164505070055,-3.3241465989328978,-0.32832401420981433,-20.083848665249356,12.450119712689546
1.7702622668106072,-1.333524944141402,0.18530757798135855,9.88274589983623,1.795710348559254,0.16399227869859934,6.767925483990474,8.300079808459698,-0.9090065760160471,-0.45676409439976773,-0.06378069542572412,-2.6150384857497784,-0.8835584942674002,-0.08509599470848334,-5.729858901595534,8.300079808459698
1.7803133119761672,-0.913573773885819,0.2124038043028516,26.394499999214904,1.7433391608353555,0.19799780343918777,24.979873762461768,4.150039904229849,0.0,0.0,0.0,0.0,0.0,0.0,0.0,0.0
0.0,0.0,0.0,0.0,0.0,0.0,0.0,0.0,0.0,0.0,0.0,0.0,0.0,0.0,0.0,0.0
-0.5465787045645172,-1.0521500414259428,0.027161977897679823,1.4977915034801867,-0.08811440850096197,0.009370162244291769,-1.0202434875112658,8.300079808459698,-1.7247397942424145,-0.41404934554289063,-0.12170585549167878,-6.077062804238729,-1.2662754981788593,-0.13949767114506684,-8.595097795230181,8.300079808459698
1.7990564580800283,-0.9129994426543337,0.13984637535044223,6.170897790298326,1.6384672887720608,0.12785569521162818,3.911000636748625,4.150039904229849,0.0,0.0,0.0,0.0,0.0,0.0,0.0,0.0
2.101640379032954,-2.322716271114441,0.2423052510270769,24.56815753787003,2.3117987289359876,0.22758809392861906,19.817766659470962,12.450119712689546,-2.0432822485868307,-0.9768434320991517,-0.14568318030937105,-0.4346690633204062,-1.8331238986837972,-0.16040033740782889,-5.185059941719473,12.450119712689546
0.4761262895434548,-0.5478662847434954,0.07178684225442433,5.903676240706957,0.9860690229248403,0.07394307974539005,3.3856412497154977,8.300079808459698,-1.3368030423283939,-0.45050111098670875,-0.09695387854509208,-2.199096290413266,-0.8268603089470083,-0.09479764105412636,-4.7171312814047255,8.300079808459698
0.9903982924304611,-0.5042178614572954,0.11767807761433202,12.05227333441481,1.262406313672848,0.07837047874008629,8.810585359823488,12.450119712689546,-1.8316774071134079,-0.6501115637433745,-0.1418617456473456,-3.461434337340769,-1.5596693858710209,-0.18116934452159134,-6.703122311932091,12.450119712689546
-0.18560931865472252,-0.5865158266926347,0.01513266980450334,-0.7659118199617581,0.36163623432492464,0.011464481346765254,-3.698717851187034,8.300079808459698,-1.7494721830093818,-0.41163539485214784,-0.11898928031677136,-0.4503202181800745,-1.2022266300297346,-0.12265746877450945,-3.3831262494053504,8.300079808459698
0.6325898011161124,-1.1695299328278832,0.08677462558032939,16.73600200380249,0.8018392391477835,0.06950577483419412,13.40725605675842,8.300079808459698,-2.208650960879943,-0.6443056174142878,-0.15463941403075132,-2.0235953883558153,-2.039401522848272,-0.1719082647768866,-5.352341335399885,8.300079808459698
-0.4330023794519855,-0.1940428383497732,-0.030575367296412526,-4.714491666490851,-0.3132336635815802,-0.03710301232799873,-6.344003328705078,4.150039904229849,-0.2670981867371802,-0.09889339471585679,-0.01953298462588471,-0.22384661019907526,-0.14732947086677495,-0.026060629657470913,-1.8533582724133026,4.150039904229849
-0.0588792526624804,-0.43560043788368397,0.03537469262332482,-0.33348835056162685,0.7922216694868922,0.04335785919337143,-1.9778515616267853,8.300079808459698,-0.1771503722814547,-0.21170701170815498,0.002809939423042196,-5.684341886080802e-14,0.24803278297935627,0.006316278492847105,-0.8198962786053947,4.150039904229849
-0.5104740543479203,-1.1719933280340147,-0.0013470034127245345,6.1188752194081815,-0.09249076227531017,-0.035146317140760996,-0.41053540616130135,16.600159616919395,-3.034480086984659,-0.941954271218151,-0.24187724809368905,-3.764539968180415,-2.616496794912049,-0.2756765618217255,-10.293950593749898,16.600159616919395
1.9404475218401496,-1.5058282754269001,0.2378123207408005,23.693351524631698,2.100152105823727,0.19880251182889963,18.89709934997362,12.450119712689546,-2.1795040222974515,-0.4648341231200277,-0.16916704470870547,-0.473629518453734,-2.019799438313874,-0.20817685362060634,-5.269881693111813,12.450119712689546
-0.9772938863856107,-1.2017017115746373,-0.01806805574529624,8.397089416584059,-0.607343818384809,-0.061275741214720014,4.678132249934492,12.450119712689546,-1.7977213455782293,-0.815239659071505,-0.12715985965049814,-0.12274664800409596,-1.5531261037403876,-0.15516524069971016,-2.5832309046014714,8.300079808459698
-0.08703977445914113,-2.5279684351993534,0.08555827058569043,13.778407712152408,0.47274104392667216,0.04104207259510728,6.03746370644582,20.75019952114924,-3.7546404239362285,-1.0331464493708964,-0.2666719987715717,-3.184586522596092,-3.3133295480678226,-0.30101564248074403,-9.302144320733767,16.600159616919395
-2.103974382856145,-1.3737112842462071,-0.09655520146210395,7.3804934173806735,-1.456842347365762,-0.12809958576168257,3.572872890203808,12.450119712689546,-3.0393774109083846,-1.198691028625225,-0.18629469178043423,-0.8992330620829918,-2.3922453754180015,-0.21783907608001285,-4.7068535892598575,12.450119712689546
0.35560665780201006,-0.1540173017579729,0.04650387737854156,5.501284237428017,0.5933402560502232,0.03689928766307082,4.146057888225229,4.150039904229849,-0.38641514414692324,-0.21236581760575213,-0.020694631322336066,-1.4772913987475746,-0.14868154589871008,-0.0302992210378068,-2.8325177479503623,4.150039904229849
0.1025631061442267,-1.6939279435233985,0.07247271616460516,11.264355834457572,0.30050091083893005,0.007445737255029949,4.453938972026894,20.75019952114924,-3.415038303246476,-0.9600467341623844,-0.29025457432208046,-2.842170943040401e-14,-3.2620633854247627,-0.3405423395443381,-5.399183864859893,16.600159616919395
-0.27932944218291844,-1.9562928377764077,0.03863538881310269,17.62291187330032,0.045045574262636556,-0.01806949393429813,9.881967867593755,20.75019952114924,-3.099897679818553,-0.6192440217502853,-0.22990126778007444,1.4210854715202004e-14,-2.8470448227495115,-0.27357448626378267,-6.117557798137682,16.600159616919395
1.6637270449229922,-0.9950688885248642,0.19161712025518618,5.558449804046546,2.0775441086645428,0.17831858852472182,2.399692826185472,8.300079808459698,-0.9622529611688302,-0.08619183151229848,-0.07120855826881545,0.0,-0.7565840535501689,-0.07770692004776547,-1.5633288289657017,4.150039904229849
-1.8551517044215426,-0.36760069892567415,-0.16456117802117598,0.5668417524831568,-1.6105983199074858,-0.20820910689369,-2.808378573030538,12.450119712689546,-2.080968129191252,-0.4116158058998636,-0.18571980277500288,-1.5052846503576305,-1.836414744677195,-0.2293677316475169,-4.880504975871325,12.450119712689546
0.31609584125011736,-1.1300505980548667,0.09463805725893526,8.696945819025345,0.582964036422684,0.09000593945525048,7.341575289496468,4.150039904229849,-0.6117128999084009,-1.058679558202524,0.011684322685758142,-0.11101179572440856,-0.3448447047358343,0.007052204882073365,-1.466382325253285,4.150039904229849
0.8305275117837407,-1.1039164252411275,0.07035407736603808,5.470723386055894,0.4197256041574393,0.0341489930841988,0.034893723083769146,12.450119712689546,-0.8590209334226273,-0.39579049805981725,-0.06925496564051316,2.842170943040401e-14,-1.1357273519441602,-0.09242331995889753,-3.5048412144676746,8.300079808459698
0.1598152551136156,-1.4448390205236858,0.11758744195148096,22.63931803168166,0.6212094016815994,0.10780146505728982,19.90120731127149,8.300079808459698,-1.710157998271522,-0.7325678712354549,-0.11502661079766474,-0.11101179572440856,-1.2487638517035382,-0.12481258769185588,-2.849122516134578,8.300079808459698
0.26328105162896076,-2.3069685372208237,0.061519608813351445,10.343529898112745,-0.04881906041851458,0.0030029044222024126,5.292272996913052,16.600159616919395,-1.5963347841234876,-1.1485813225842811,-0.11759370026401161,-6.690523860433871,-1.8349699147816256,-0.15971093120718444,-10.449858186273175,12.450119712689546
-0.6639592851796836,-0.9481148007889004,-0.003822940061600777,-7.891012732564519,-0.2499706558953596,-0.049395840799665636,-11.466124264162548,12.450119712689546,-3.0999584094522534,-0.8755026286915104,-0.218856528950634,-0.039613842384611075,-2.6859697801679294,-0.26442942968869887,-3.6147253739826404,12.450119712689546
-0.09318244942968512,-0.7202105373394403,0.03982605826594798,1.9193985608918709,0.6087671762611713,0.02300909447679922,-2.0004982474619233,12.450119712689546,-2.291802817454003,-0.5637437499957478,-0.18021121774290572,-2.903938631981397,-1.5898531917631464,-0.19702818153205448,-6.823835440335191,12.450119712689546
0.39372204839498437,-0.6842928673450626,0.05355726603045363,11.728732705721008,0.06292941642074279,-0.01565916087709457,7.134300692655934,12.450119712689546,-1.3217219219943344,-0.4550303194486407,-0.10808768438413408,-6.255090747416716,-1.652514553968576,-0.17730411129168228,-10.84952276048179,12.450119712689546
-2.6029569823242227,-1.9585344681059595,-0.13085971114638234,13.308741366521751,-1.6151693323761984,-0.18722611589943045,4.756605240921651,24.90023942537909,-5.3642475151827185,-1.2655316427782513,-0.36594639243841964,-0.06216695117184656,-4.376459865234694,-0.42231279719146775,-8.614303076771947,24.90023942537909
-1.0254890450529537,-0.3595185373283929,-0.06616963262083764,-0.510910681005381,0.026047047083910257,-0.06811836083716816,-2.9031389715483122,12.450119712689546,-1.5930009341054605,-0.4389031435452164,-0.11507339209119982,-0.510910681005381,-0.5414648419685966,-0.11702212030753034,-2.9031389715483122,12.450119712689546
-0.9187168499834364,-0.38418315253906066,-0.06469448075524964,-10.01020205679366,-0.5513116440960975,-0.09786187942492608,-13.769313327973883,12.450119712689546,-1.963269965395198,-0.7450317672966378,-0.14775693438572096,-0.12309396811843953,-1.7207039407382663,-0.1692047689956952,-2.6137458466829884,8.300079808459698
-0.20303416061209223,-0.365376518642897,0.009705172771142245,3.050802899345115,0.08568084008129251,-0.023598934294601914,0.8786633675202573,8.300079808459698,-1.6657354217218812,-0.2634676912979419,-0.14329632572080864,-8.044595717204363,-1.3770204210284964,-0.1766004327865528,-10.21673524902922,8.300079808459698
-1.723892498738433,-1.7657566783653706,-0.01169584952148739,16.620483961911624,-0.4852553427366679,-0.051652617521725785,11.079409077012556,16.600159616919395,-3.581244170306941,-0.915397366642738,-0.22606463941409016,-0.11310379041128016,-2.342607014305176,-0.26602140741432856,-5.654178675310348,16.600159616919395
-0.638400299784303,-0.4877816456684183,-0.029916458829677528,7.392555102511778,-0.41739473160899987,-0.06215126123870707,4.983532450665585,8.300079808459698,-1.8108534033448587,-0.19648264478484379,-0.1689850435714274,-10.244800977900322,-1.5898478351695555,-0.20121984598045695,-12.653823629746515,8.300079808459698
-0.06106621181278804,-1.9220513491029774,0.08311435309278259,18.272925084773508,0.5356876699501578,0.04950313217374225,12.155367286635812,16.600159616919395,-4.235619837895377,-1.2301079208621637,-0.32008262469324855,-0.1012238346084402,-3.638865956132431,-0.3536938456122889,-6.218781632746136,16.600159616919395
-2.132731682876554,-0.607807202159286,-0.15909995187393944,-5.1994500773574615,-1.4614560166040347,-0.19730142324114597,-9.58948784875955,20.75019952114924,-4.154962459214517,-0.6382939333303614,-0.33896643158206136,-8.510872004735063,-3.483686792941998,-0.3771679029492679,-12.900909776137151,20.75019952114924
2.183627108035391,-1.9839143736290712,0.2782400134563936,13.868081937368473,2.185632162357032,0.2583338721755954,10.84006321719103,8.300079808459698,0.4053569181010408,-0.8661656416542662,0.05735207947129489,1.4210854715202004e-14,0.4073619724226818,0.037445938190496686,-3.0280187201774282,8.300079808459698
-3.6151623264148336,-1.3774737560163608,-0.24366654207547778,5.681536835804355,-2.3226086402175605,-0.23907631421788667,0.8741305835390456,16.600159616919395,-3.452554096876992,-0.9499899929267421,-0.24592787725266863,-0.13035090759851187,-2.4860580422676914,-0.24334744118329532,-3.712290456514612,12.450119712689546
-2.0764657183285573,-1.4269252608319558,-0.12864490477595636,6.618325253650944,-1.6281967092333316,-0.15329779213525918,1.4193849406433685,16.600159616919395,-2.863872818582869,-0.6646900361616837,-0.205483583300277,-7.234453786092779,-2.532482349759446,-0.22355708671267865,-11.1028396304444,12.450119712689546
-0.17716822095779072,-1.0706829928709851,0.046478230599899084,15.387005947193344,0.40729501554701564,0.02258678269209835,9.960995246248572,12.450119712689546,-2.2763408230993765,-0.3484883403517465,-0.18247793250842126,-8.199333786440597,-1.69187758659457,-0.206369380416222,-13.62534448738537,12.450119712689546
0.3718761402082169,-0.7818217007522641,0.10176647275602957,14.263913263815923,0.7510997401393151,0.06955762703059032,11.95950974235761,8.300079808459698,-0.6803718520822724,-0.30105012512007967,-0.03789825972726557,-1.4588643343402126,-0.30114825215117413,-0.07010710545270482,-3.7632678557985244,8.300079808459698
0.8621065041114928,-1.630670596494582,0.049535458946272024,-3.2289646153183185,0.33083335631834965,0.03193096357304746,-10.436547798744805,16.600159616919395,-1.9079583412237366,-0.5724858257125565,-0.14924847477445896,-9.69785280163147,-2.311722184203613,-0.16188896908874434,-15.031713477598899,12.450119712689546
-0.4759348738597291,-1.4783264262085467,0.0006801643632654564,8.527357102709534,-0.3583172316617089,-0.044765013413639254,2.95038767644834,16.600159616919395,-1.0098065872761408,-1.1127427303247437,-0.06403518325393337,-0.1341260461970144,-0.8921889450781206,-0.10948036103083808,-5.711095472458208,16.600159616919395
0.3060055880959922,-1.0780262834378291,0.06388626349009568,1.7292366488014714,0.4524346018111469,0.03411051659152142,-1.7187655334829444,12.450119712689546,-0.5476433914496592,-0.6694602635075206,-0.028074501736904733,-6.5874056731160415,-0.4526331315251042,-0.04736252253546702,-8.871786932023873,8.300079808459698
-0.059669221927016736,-0.6849309640082204,0.028152289974968436,-0.4319607176849729,0.315631256738369,0.015145902573116099,-3.1776718456682715,8.300079808459698,-1.6123574068953372,-0.5287888648482042,-0.11166104773064955,-7.935792323218564,-1.2370569282299515,-0.12466743513250189,-10.681503451201863,8.300079808459698
-1.6117367261695215,-0.9066340203583696,-0.0896654283642827,8.804057046446005,-1.0002232561570734,-0.1126668825745678,2.2745728383265273,12.450119712689546,-2.647081355327896,-0.6432373662433246,-0.18698443955929478,-0.2807729672547268,-2.035567885315448,-0.20998589376957988,-6.810257175374204,12.450119712689546
0.5779555761319166,-1.7307805796457068,0.12105962224333511,21.423681957357942,0.9718664471734861,0.08167790385081153,14.547227552343024,16.600159616919395,-2.63748824301282,-0.8927572095005889,-0.19219665485979576,-6.940183979639258,-2.2435773719712504,-0.23157837325231934,-13.816638384654176,16.600159616919395
-0.24477198005468104,-0.5801951827330818,0.0009060468085944073,6.222708697343759,-0.008274690786569394,-0.030803568971211615,2.178439970559584,12.450119712689546,-2.016952386393145,-0.5567746828619704,-0.1625414347556578,-1.5436831374555453,-1.7804550971250332,-0.19425105053546382,-5.58795186423972,12.450119712689546
0.5432454224892691,-1.7328981035624764,0.1329530011439084,17.664617900498854,1.0596451868424062,0.11825792636919485,13.51593374031954,12.450119712689546,-1.5009665637533587,-0.8740098526990501,-0.09350459039580455,-0.7529696725094652,-0.9845667994002216,-0.1081996651705181,-4.90165383268878,12.450119712689546
-0.0644387993893103,-0.8842386704956571,0.03438015877953127,6.915304003208931,0.10418334583264244,-0.012483957403629953,3.1010653266750126,12.450119712689546,-2.589055235685578,-0.9724395568970117,-0.20087877915493835,-7.815970093361102e-14,-2.420433090463625,-0.24774289533809957,-3.8142386765339964,12.450119712689546
2.052986376258925,-1.3314151819890814,0.2208516540565057,5.372633274024189,2.1165480574823814,0.19901850732413595,2.4430750138237087,8.300079808459698,-1.1006012424124023,-0.2862748292016608,-0.08266304545120601,-7.105427357601002e-15,-1.0704006052576043,-0.0932076801483897,-1.4481386020876101,4.150039904229849
-0.2904164487356873,-0.27061637764230007,0.000535892284988515,-0.510910681005381,0.028337764283214995,-0.011009551688803798,-1.3033339386031102,4.150039904229849,-0.2904164487356873,-0.27061637764230007,0.000535892284988515,-0.510910681005381,0.028337764283214995,-0.011009551688803798,-1.3033339386031102,4.150039904229849
-1.1745766436166871,-1.249763284176007,-0.04331647684761997,-1.5331955492961171,-0.40676092461851,-0.06760584720474205,-7.263378162616107,16.600159616919395,-2.9726913960054,-0.6565704830833834,-0.23883345298882164,-5.438885404500809,-2.40042898910402,-0.2569500938319641,-9.689983345927324,12.450119712689546
0.018374644467078483,-0.5241156292708578,0.017516116851394814,2.462843987063337,0.23514222020246667,-0.004685473601946377,-3.918568265789858,12.450119712689546,-0.6834204896440266,-0.20469774922120543,-0.053067431496722495,-2.1316282072803006e-14,-0.5413425061636001,-0.06739759159801162,-4.171838558144913,8.300079808459698
-0.8850511642162875,-0.6460720282215124,-0.03089162849094418,-0.5109106810053596,-0.17829116552116986,-0.06656155343641246,-2.903138971548323,12.450119712689546,-1.5697406034731687,-0.6960635515192379,-0.08950232231788668,-5.286775203764925,-0.862980604778051,-0.12517224726335496,-7.679003494307889,12.450119712689546
-0.08537288781222951,-0.8845131896222487,0.030911424965443857,14.386768999821996,0.5745824773708996,0.006960479023427113,7.604626107575207,16.600159616919395,-2.2167443212196325,-0.6711177741230294,-0.16049374946779849,-0.38795966376222424,-1.725962292644656,-0.1782469853161751,-5.419916116484735,12.450119712689546
1.5040214202865831,-1.8161117321908886,0.16192828825349354,11.973349414431688,1.4821000627246672,0.1486459285664919,9.000584706656745,8.300079808459698,-1.1508727682131736,-0.26371323471157737,-0.09086206136245895,-6.870914040343926,-1.1633699731390834,-0.09727214110887494,-8.34206995322905,4.150039904229849
-0.05544471217695346,-1.6794507324066945,0.10840341152502386,22.639318031681608,0.5716210281595755,0.04353995995645388,17.051757203235443,16.600159616919395,-1.5895295835116388,-0.5934768155282821,-0.0995109605783282,-0.11101179572440145,-1.1229917640946505,-0.1464652096261202,-4.25969595590368,12.450119712689546
-2.1011396911477354,-1.1713044232179382,-0.15562577217921467,-4.877806071981375,-2.053919087497569,-0.21537454430153172,-12.159712853811769,20.75019952114924,-4.558979043189804,-1.2396534748723251,-0.37373325772760885,-0.37877828967545213,-4.511758439539637,-0.4334820298499259,-7.660685071505846,20.75019952114924
0.9843368191604585,-1.5938690320422388,0.17693316685194227,16.753363908355567,1.3627529127534954,0.11919193908068038,11.165803079909352,16.600159616919395,-1.6306150581380185,-0.590860389769178,-0.11445360505158775,-0.11101179572438014,-1.3510182482001643,-0.15654082021451532,-4.259695955903709,12.450119712689546
-1.6264342249416641,-0.7404972967498615,-0.10301270891722958,-1.9922012007619223,-0.8254688827691758,-0.10304595567587915,-5.135033634136487,12.450119712689546,-3.182836699080238,-0.72567445794372,-0.2455951287886607,-10.38439999367391,-2.38187135690775,-0.24562837554731026,-13.527232427048475,12.450119712689546
-1.590491333626809,-1.4017571604147854,-0.08715311983309343,3.298435172389503,-1.1809593003081043,-0.1412094912326382,-4.85549853560299,20.75019952114924,-3.7865315171139224,-0.9004855756662007,-0.28498658648940745,-4.973799150320701e-14,-3.4647924580546885,-0.32678986538171895,-6.434820747612967,16.600159616919395
0.01582073428656461,-1.4669600011033666,0.04047243398719258,3.3123178030958442,0.27839123383350817,0.022705935737434457,-0.8363663570834632,12.450119712689546,-1.2246555289890715,-0.6008116111086128,-0.08342149544252392,-1.1449220853491937,-1.052886798978836,-0.09493826099845099,-3.8830328057593206,8.300079808459698
1.8687576137185857,-1.1727993115014517,0.25483332447480034,24.038569671283224,2.1769322630904817,0.25054495854158165,22.623478716211498,4.150039904229849,-1.1285467659112758,-0.25341623149409465,-0.07611013058819571,-3.812744282756533,-0.8203721165393798,-0.0803984965214144,-5.227835237828259,4.150039904229849
1.3816321958597166,-1.8774535485577442,0.21002312934675155,22.112565862485813,1.6165646386144594,0.17680727789320239,16.258701482653667,16.600159616919395,-3.4527520314533877,-0.9943163341850703,-0.30790951522120497,-8.193286543951501,-3.217819588698645,-0.3411253666747541,-14.047150923783647,16.600159616919395
-2.647906022903035,-0.8705762905098418,-0.2113357345236001,-12.727482454861502,-1.8799232491733875,-0.23510411935886355,-16.73953536796385,20.75019952114924,-3.9503519918520746,-0.7397603214175206,-0.338084347265624,-12.916486793162015,-3.1823692181224272,-0.3618527321008874,-16.928539706264363,20.75019952114924
-0.40221914111957524,-0.45934908387663853,-0.011076944840915925,1.5180299411473044,-0.1650495307838007,-0.03837979064257013,-0.6842130137671987,8.300079808459698,-1.7197953715161196,-0.46286699464801195,-0.13052681549734657,-4.805660049250616,-1.482625761180345,-0.15782966129900078,-7.007903004165119,8.300079808459698
1.2480270738937325,-0.9524368256628133,0.19819282302721952,18.59315372973339,2.0205107174698718,0.1618885616368685,14.773044795485223,12.450119712689546,-1.124970315062468,-0.2196403386623711,-0.08052835575881112,-1.6079862720556264,-0.3524866714863286,-0.11683261714916215,-5.428095206303794,12.450119712689546
0.9473952376556571,-0.1872595688328893,0.07848923536011354,5.324008377668939,0.9008672696335651,0.07317319332973868,3.7286265495608646,4.150039904229849,0.0,0.0,0.0,0.0,0.0,0.0,0.0,0.0
0.28557231713512987,-0.487989832058517,0.02995002214846937,0.7708913676945102,0.2942298413342703,0.000982371591693565,-4.7656229516351445,12.450119712689546,-2.01619841445122,-0.6676134008395707,-0.14413010804457874,-5.358475531439126,-2.0075408902520797,-0.17309775860135454,-10.89498985076878,12.450119712689546
-2.9901112324003387,-0.7403345243837762,-0.21696104308050107,-8.80921750277529,-2.9613836232745605,-0.26506045923680116,-14.35651916026574,12.450119712689546,-2.4136289612121775,-0.7027464143767137,-0.1706679781722394,1.0658141036401503e-13,-2.3978283085529295,-0.20167664308093086,-3.6482373441266702,8.300079808459698
-4.066798415957318,-0.6036210798006145,-0.3204769975272612,-5.230594915444385,-3.164826620142658,-0.33807656986733614,-7.860990195262961,12.450119712689546,-4.568062160426178,-0.6136868948179455,-0.36634258927809005,-7.248806015756401,-3.6660903646115184,-0.38394216161816497,-9.879201295574976,12.450119712689546
-0.5956436522249309,-0.33739456533092493,-0.04251799436734899,-2.0058847574308345,-0.646095674298941,-0.07253219006954342,-5.166823408213432,8.300079808459698,-1.0451847231008449,-0.2128756098175817,-0.0838627041497938,-3.8972032315483105,-1.095636745174855,-0.11387689985198823,-7.058141882330908,8.300079808459698
-1.3044802297342617,-1.3172897369922545,-0.04625948250631573,10.250340136745873,-0.6272375972616651,-0.08234931976795268,5.685518636920328,16.600159616919395,-2.5933407922882123,-0.7259245225852684,-0.21113798774141623,-0.4497564076547249,-1.9160981598156157,-0.24722782500305318,-5.01457790748027,16.600159616919395
0.896241206213011,-1.2136247454327886,0.08970412481961132,21.041020800452234,0.5680116575264016,0.03448980847575983,14.09391681021025,16.600159616919395,-1.825458766377408,-0.5067174871101408,-0.1411632016965232,-7.726611832827324,-2.0762873258511005,-0.18097910707620907,-12.863834581405648,12.450119712689546
0.33806531784545957,-1.5353577337124147,0.09121785665249166,19.88274445445756,0.551982173488752,0.0688244462891115,15.73406029427823,12.450119712689546,-2.0032252001389805,-0.5719129078103595,-0.17391407951500587,-0.8792026401322275,-1.789308344495688,-0.19630748987838603,-5.027886800311556,12.450119712689546
-0.5224154673582504,-1.6739546904328506,0.006970299660102597,12.186121332812064,-0.40189324688990613,-0.0447326153185551,6.598560504365871,16.600159616919395,-3.7996071112063046,-0.9846052752050785,-0.28108716951136026,-3.128041934764113,-3.6790848907379603,-0.3327900844900179,-8.715602763210306,16.600159616919395
2.042885899521041,-0.889933696354964,0.19561043284503343,13.621538789907063,1.7700952708129103,0.16668943775345227,10.069848069040226,8.300079808459698,-0.7057903081221673,0.054063497512997216,-0.062129655554495844,6.394884621840902e-14,-0.8435516629790696,-0.07601244223613787,-1.7488961780985122,4.150039904229849
-1.0667335503685704,-0.4536955131653251,-0.09259931026987209,-3.630541851262386,-1.1258765789717629,-0.1037681930352084,-9.338757161543718,12.450119712689546,-2.086383123319402,-0.4613356391921002,-0.1836900419351599,-4.0617288671464,-2.1455261519225943,-0.1948589247004962,-9.769944177427732,12.450119712689546
-0.6289798635218835,-1.3104290916513026,-0.012474440343201998,-0.9025633753980813,-0.6097030027781614,-0.07642765659793926,-5.1366057673838945,16.600159616919395,-1.2897687422755322,-1.0255685741492204,-0.07579458511406983,-4.901245996905967,-1.27049188153181,-0.1397478013688071,-9.13528838889178,16.600159616919395
0.20433647536730604,-0.36506327427667706,0.048447299062772786,-1.2475726879604068,0.5239736594825128,0.020053242485317146,-2.5034259984706324,8.300079808459698,-1.218673791770386,-0.4326381991622732,-0.08956789990735514,-1.1514631255737484,-0.8990366076551792,-0.11796195648481078,-2.407316436083974,8.300079808459698
-1.0019165157343801,-0.5716334394161091,-0.06708210964887074,-5.750265759024376,-0.9451711884117087,-0.12159124788252695,-9.020500666802988,12.450119712689546,-1.407891533021477,-0.5198005582392042,-0.10724787252333667,-5.458879987046895,-1.3511462056988055,-0.1617570107569929,-8.729114894825507,12.450119712689546
1.1520661348162653,-0.5803416791859757,0.13578169311063526,8.71169561856465,1.2351123376737272,0.07991503486897322,3.8760900332537105,12.450119712689546,-0.695342334687199,-0.44752686313132983,-0.04542879868093386,-1.4026721542451028,-0.6122961318297371,-0.1012954569225959,-6.238277739556043,12.450119712689546
-0.5726638303234832,-2.0568885627337856,-0.025415187890004548,15.214310442446166,-0.5710677925528929,-0.05155386678064419,9.626749613999987,16.600159616919395,-2.740102747564832,-0.7825755583060445,-0.21584313109246886,-8.770315295130573,-2.7385067097942417,-0.2419818099831085,-14.357876123576752,16.600159616919395
-1.8223224207793534,-0.6960739052953233,-0.1112900728471442,6.198901898636976,-1.1672446396789224,-0.15456907659454067,3.4638130172677357,12.450119712689546,-3.1549366812128268,-0.7738557406317099,-0.22846452303649967,-6.58577958376334,-2.499858900112396,-0.2717435267838961,-9.32086846513258,12.450119712689546
1.5343500424850331,-0.8771087471362726,0.19368827763784968,24.51207669604563,1.7214571996766015,0.16929292466860146,21.303040007594507,8.300079808459698,-0.27758256149241767,-0.21469091936171303,-0.01482369797446459,-0.8257277830664833,-0.18508602261646523,-0.026630878372010947,-2.4089552348523995,4.150039904229849
0.9920119648887384,-0.5699499283713383,0.13785652275771532,6.682408851044919,1.541077438120885,0.104729913068631,2.2155046049223053,12.450119712689546,-1.564396181668548,-0.37616246521742447,-0.12321162321404011,-2.772044167886591,-1.0153307084364016,-0.15633823290312443,-7.238948414009204,12.450119712689546
-1.1618811112130034,-0.7147321505137132,-0.07674448996015837,-2.582627801322886,-0.7061457119501346,-0.09377769516747386,-7.650598273946436,16.600159616919395,-2.707683006965822,-0.9473693078785477,-0.20436961146782046,-0.7429436507248681,-2.370222350234963,-0.21688578457322616,-4.51954628968506,12.450119712689546
-0.38409256587093044,-0.6209887147719666,-0.014807671441205206,-0.8926308295307273,-0.18988185178738792,-0.04241782154969376,-4.6728915594666525,12.450119712689546,-2.0401045670804585,-0.5500115129589709,-0.18491279698371693,-5.360666474540544,-1.845893852996916,-0.21252294709220548,-9.14092720447647,12.450119712689546
1.4624628817308416,-0.9653071245776665,0.17917743966370847,21.00642400395938,1.5810188080886745,0.16938634308980682,19.611519327581675,4.150039904229849,-0.02859622729429745,-0.06971716383741189,0.0006093170799086334,-0.012293347232045448,0.0899596990635354,-0.009181779493993014,-1.4071980236097517,4.150039904229849
-2.1857703906326122,-1.1431313747609568,-0.13041685118181678,7.162010713594853,-1.051118152755759,-0.1428873322451435,1.994900830432556,16.600159616919395,-2.6617349468504017,-0.6129114119614396,-0.2053350382961595,7.105427357601002e-15,-1.8132766280392287,-0.21492289532849673,-3.8432539347018633,12.450119712689546
0.30504710536844826,-1.6739380204671477,0.14773910309644211,22.781658400772173,0.93058760481075,0.11320949107618028,18.6618248634028,12.450119712689546,-3.6626879884154704,-1.080372361217826,-0.26363529942754116,-0.11170976109396946,-2.8242495903066045,-0.3112969415400234,-5.659445797088402,16.600159616919395
1.148434463173098,-1.3913867444930652,0.13416774278309573,4.438413717733582,1.1861178117215099,0.08881243796520655,-2.4903952119672113,16.600159616919395,-1.5917218155937718,-0.5080476169384536,-0.1217480147603531,-1.5391385077649034,-1.5679508798520647,-0.15436006623114604,-6.66617784768367,12.450119712689546
-0.5577645789421002,-0.5508650525741672,-0.007196009302338546,8.247695769226961,-0.1756052902410996,-0.03895340103876066,6.180499079214286,8.300079808459698,-0.9041433754801265,-0.31780769379383855,-0.06142785103055992,0.0,-0.5219840867791259,-0.09318524276698203,-2.0671966900126755,8.300079808459698
0.2050832529983948,-0.5133750262478554,0.021828697252580798,1.7735597761342277,0.19071889660933206,0.014367082518549235,0.1018905068751721,4.150039904229849,-1.365576692630377,-0.45484587821306555,-0.09741272501319684,-2.740756815032256,-1.3799410490194397,-0.1048743397472284,-4.412426084291312,4.150039904229849
-2.1500319605606943,-1.3125831643796815,-0.06639938741206608,7.1532692542985785,-1.1480951003436157,-0.10138681996832988,3.6741015063364486,12.450119712689546,-2.5451021817549204,-1.1186346479096958,-0.11585756951513715,-0.1316353635078329,-1.5431653215378418,-0.15084500207140095,-3.610803111469963,12.450119712689546
-0.7415687460077702,-0.6695511008671708,-0.030619680134882477,-1.3938019761898666,-0.3482728057273121,-0.0675843047353819,-3.78603026673283,12.450119712689546,-0.23975577143362514,-0.4181753039566072,0.0010446285918866982,-1.3938019761898133,0.020045673904589556,-0.022892441436923372,-2.983630909825841,8.300079808459698
1.3778606618665812,-1.6790845138629305,0.1988695618813786,16.53806729945852,1.819742453622042,0.17571112127922772,12.200916110309592,12.450119712689546,-1.8155662432614905,-0.4962359559172036,-0.12789093004095176,-0.3882434608509655,-1.3736844515060298,-0.15104937064310264,-4.725394649999892,12.450119712689546
1.4836035598297492,-1.1086166582717851,0.11871645971064845,15.431219044849918,1.2795840238655432,0.09642480221676089,10.562528146691868,8.300079808459698,-0.33180448687384345,-0.21292776537803704,-0.022344348252780616,1.4210854715202004e-14,-0.4357250547995406,-0.03306403696159341,-2.3633085294548266,4.150039904229849
0.08500073379937856,-0.5098837160151497,0.034206909434978394,4.780250756694901,0.25954902738565266,0.011903469987074922,1.5514099366536023,8.300079808459698,-1.3481421677942862,-0.30036012954245983,-0.11977982654887293,-6.6779476234684765,-1.173593874208012,-0.1420832659967764,-9.906788443509775,8.300079808459698
-0.7559979514388369,-1.5781104906916301,0.044538965471632386,11.055557097195539,0.100091514553724,0.00664060442400094,4.476969902827847,16.600159616919395,-4.852546046365514,-1.083404667397316,-0.4040794228312275,-0.5143761219867926,-3.9964565803729535,-0.44197778387885894,-7.092963316354485,16.600159616919395
-0.9754895482602102,-0.9003265114822252,-0.021797549600621635,-0.49677432206683747,-0.20586610466106592,-0.043796742249302745,-3.3627378291632297,12.450119712689546,-2.2450877492642407,-0.8589969589878077,-0.1447484943935774,-1.1513323373186672,-1.4754643056650965,-0.1667476870422585,-4.0172958444150595,12.450119712689546
0.4151588814413909,-1.4486411195758375,0.06167635278407624,15.680051080891303,0.41980571489343976,0.0258114494742262,7.831472995196755,16.600159616919395,-4.578388723622329,-0.8459259704709989,-0.3774972230249276,-4.075226838961527,-4.57374189017028,-0.41336212633477765,-11.923804924656075,16.600159616919395
1.1776575992385796,-0.7424506892715161,0.11870192970232818,0.6968788882930852,1.1149163436535048,0.09089844221865578,-3.6600543084967683,8.300079808459698,-0.34454511063701787,-0.1078328492790277,-0.02638379296687765,2.1316282072803006e-14,-0.37746081722325187,-0.039743469013449495,-2.133954067082655,4.150039904229849
1.6826061406368664,-2.298458527263623,0.21880417466682983,19.947213782145145,1.7083932692138815,0.19194049453001494,15.238505005743253,12.450119712689546,-0.3626344066524734,-0.8410193022457353,-0.015309447467250936,-2.2556736865647977,-0.3485539465738485,-0.032642186893210745,-5.354791171190669,8.300079808459698
-1.6482561141451857,-0.5417409194569718,-0.10914708587132849,-9.863706590575237,-0.8121865941912221,-0.13748309880445997,-13.540248994744928,16.600159616919395,-2.328305904126249,-0.32454553745371406,-0.17454350484109316,-9.863706590575202,-1.4922363841722852,-0.20287951777422464,-13.540248994744893,16.600159616919395
-1.1122620230572977,-2.4274649061681277,-0.05340343663513819,-0.8560592725728142,-0.6829441284347482,-0.05347602543715496,-7.850786197811871,16.600159616919395,-3.3950751684740155,-1.4185215963494073,-0.2481431553839704,-8.306088101657181,-2.965757273851466,-0.24821574418598716,-15.300815026896238,16.600159616919395
0.8145094913641904,-0.7392908193231804,0.08874240479943962,9.183435480592308,0.9184770536476705,0.07209767853064869,5.299444523231635,12.450119712689546,-1.4431086086408085,-0.218364229773222,-0.12372107684786238,-6.628445143074302,-1.3766389418070402,-0.1345697266784519,-9.210809547980503,8.300079808459698
1.7538091199628347,-1.7578210452088854,0.2751504665384126,23.157411069224086,2.2846346149948626,0.25227656787416997,18.62488336165934,12.450119712689546,-1.810094353279812,-0.22876462908264905,-0.14440989722963293,0.0,-1.4585815431131355,-0.15932396587907294,-2.9850903230584223,8.300079808459698
1.7178482113203275,-1.114599476343665,0.2268193610381969,18.947181294963997,2.2096739500778506,0.22310610411665166,15.822422763471423,8.300079808459698,-1.0245085153131273,-0.2249297928277354,-0.07694467175385789,0.0,-0.5326827765556041,-0.08065792867540311,-3.1247585314925743,8.300079808459698
-0.270400244134672,-0.6348844912743701,-0.008203033951219907,4.216571111263484,-0.013705450455714363,-0.03231967640119726,-4.007540653980612,16.600159616919395,-3.5223479852559914,-0.4934081559964394,-0.3066439771276809,-13.835256674485528,-3.2656531915770337,-0.33076061957765823,-22.059368439729624,16.600159616919395
1.5056827792532026,-1.441865944961858,0.21144122877289073,26.39601192989823,2.027954433615119,0.19440873229983513,20.899092848742193,12.450119712689546,-1.5993166180429341,-0.35668582741180543,-0.12040936292716714,-7.815970093361102e-14,-1.2537097725469515,-0.13161510907668433,-3.610986788730763,8.300079808459698
0.41708229684032094,-0.3150471894691069,0.06125735045037817,6.734214012091567,0.5215676050973395,0.04745174295260102,5.650068437174227,4.150039904229849,-0.6668067674110878,-0.059566774612349604,-0.06093102787100613,-2.1737311774528294,-0.5623214591540693,-0.07473663536878328,-3.2578767523701693,4.150039904229849
-3.595746188862692,-1.4429686910295558,-0.21731395938814158,-6.039168379895241,-2.067414385273958,-0.23657615364153328,-11.597683572657857,20.75019952114924,-4.706088610868542,-1.3085227787039226,-0.31916510160752676,-5.854282338701477,-3.177756807279808,-0.33842729586091846,-11.412797531464093,20.75019952114924
0.011494956181890004,-1.3641111825403627,0.11390736156331471,22.87436045647152,0.5144077675938608,0.08811146213944976,20.006375911351817,8.300079808459698,-2.3664084306975077,-0.6385092870816091,-0.15415120020842532,-0.11216432521362663,-1.863495619285537,-0.17994709963229027,-2.9801488703333305,8.300079808459698
-1.2059958185772324,-0.5695143098966575,-0.07127813458505672,-11.83929409542812,-0.5766904834532349,-0.09031940750995504,-15.605446180647629,12.450119712689546,-2.401625294777787,-0.583739763054723,-0.1712052728931317,-13.324302784421551,-1.7723199596537897,-0.19024654581803002,-17.09045486964106,12.450119712689546
3.179162528076751,-1.8561722886251761,0.28244815925982786,5.271104465858933,3.0817618348461417,0.2542542375244831,-0.5154103574633311,12.450119712689546,-1.274145409839167,-0.6876810337098576,-0.08822339423283942,-0.26229040972288686,-1.3715461030697762,-0.11641731596818417,-6.048805233045151,12.450119712689546
-3.1854424455808115,-1.1252185185951724,-0.18767609590598633,-5.261961072095911,-1.594825561905889,-0.22286214324934828,-9.274013985198259,20.75019952114924,-3.8825531987852555,-1.0865585746563209,-0.24869427000989064,-6.791193058309187,-2.291936315110333,-0.2838803173532526,-10.803245971411535,20.75019952114924
0.1123040935799402,-1.1715338073507215,0.015011371564510795,-2.168359328231851,-0.1510928876501394,-0.015781566649647416,-7.738329724082263,12.450119712689546,-2.3582347155597816,-0.4945408928422612,-0.18947938073164727,-9.55341465032307,-2.5371462637621134,-0.20920348923096238,-13.21185123570865,8.300079808459698
-2.699340592440258,-0.5196181945650604,-0.18791085746572556,-8.556132079323895,-1.6236175167240177,-0.2451137284959296,-14.812167299080372,16.600159616919395,-3.2151222913704425,-0.5789397358794428,-0.22873104093598184,-8.915386278719247,-2.139399215654202,-0.2859339119661859,-15.171421498475723,16.600159616919395
-1.657702716544951,-0.6024911998922171,-0.12598642541984695,-2.2178512181596375,-1.1770089745842816,-0.15741442477797352,-8.633201212542648,16.600159616919395,-2.6731241671498207,-0.33716743427816454,-0.22610185792437087,-2.4097931970436903,-2.3161387065071093,-0.24925080696684465,-7.180520705207719,12.450119712689546
1.2956308180290588,-0.052864766063894564,0.1221110226155826,7.710689683741723,1.4354536769912496,0.0943912398448743,4.1993234186945685,8.300079808459698,-1.001402437870813,-0.2852040672717795,-0.08098982165118762,-2.816348304684631,-0.8615795789086222,-0.10870960442189592,-6.327714569731786,8.300079808459698
-0.49575742875311857,-0.5265643818440342,-0.03651338909388599,2.637104913060682,-0.4585480525237662,-0.054674521471542975,-3.559179344793286,12.450119712689546,-1.287988766391046,-0.46029727125021047,-0.10821076739480615,6.394884621840902e-14,-1.2657992908537086,-0.11993870415758187,-4.0534874829492935,8.300079808459698
-3.525666004766692,-1.1982889530666316,-0.24163085545973512,-0.47346176498770376,-2.722150248817634,-0.3093656847472091,-5.7929549779639835,20.75019952114924,-4.31380893372646,-1.0045042932036168,-0.3187330705208196,-9.41150513715111,-3.5102931777774016,-0.3864678998082936,-14.73099835012739,20.75019952114924
1.0765883839494172,-1.7327131784962742,0.10890664594276789,16.559853498521534,1.1373918189062415,0.09845585059397594,11.131206657614314,12.450119712689546,-2.386338204047478,-0.7319620381103427,-0.18216423647819785,-2.664139323498226,-2.3255347690906536,-0.1926150318269898,-8.092786164405446,12.450119712689546
-1.4544932443259828,-0.47077148796501156,-0.10894820195777744,0.18182847020529636,-1.2530981416578602,-0.1375414294992795,-4.523749152262035,12.450119712689546,-1.8038783464052077,-0.36817375795907736,-0.1409575464806716,-3.7559687126577614,-1.6725574361677653,-0.1595191347962988,-6.85349639065479,8.300079808459698
-0.8580100888734732,-1.6590564156652388,-0.014017327871099217,0.27749085804629914,-0.35689566873111644,-0.02306324994730602,-4.171016622983515,12.450119712689546,-2.6356696764643806,-0.7531310618461919,-0.1896225179854374,4.973799150320701e-14,-2.3045951802717513,-0.19565049613288388,-2.933301907702784,8.300079808459698
-0.3030072407752993,-1.8043666581931888,0.0755067268672478,22.6393180316817,-0.007796967320317094,0.03531347824262898,18.49063387150235,12.450119712689546,-2.3329749608453687,-1.1179483461372328,-0.17237091921484826,-0.11101179572436592,-2.0377646873903865,-0.21256416783946708,-4.259695955903716,12.450119712689546
0.6005419977769488,-1.9161273523224018,0.13508853322159625,22.639318031681675,1.0099245750701424,0.11089402096513329,17.051757203235475,16.600159616919395,-2.6392456986150004,-0.9311941927219909,-0.21768407564615416,-0.11101179572442987,-2.33595133287674,-0.23538499946452113,-4.259695955903759,12.450119712689546
-1.2882620029164071,-1.8016440529540585,-0.025057319485066842,17.689220154179708,-0.6171202883352045,-0.059248456891530354,12.101659325733543,16.600159616919395,-3.0052192419755652,-1.0707251204614128,-0.22706333709630938,-0.11101179572443698,-2.3340775273943626,-0.2612544745027729,-5.698572624170602,16.600159616919395
-1.1340084588554067,-0.5619551890387875,-0.07454156489190339,-0.7781070105784309,-0.7519192149836318,-0.09781626149977857,-6.243832438971019,12.450119712689546,-2.069453095533902,-0.6501742444184071,-0.15244768117702795,-8.073649322866245,-1.687363851662127,-0.17572237778490313,-13.539374751258833,12.450119712689546
-0.45644045062631644,-0.08153345493200881,-0.03473398275801498,-2.823716148673782,-0.4884508936934706,-0.047810104383364915,-4.591099806204966,4.150039904229849,-1.3924064886529086,-0.5376853960068733,-0.10419445638021507,-0.05494376745053842,-1.4244169317200628,-0.11727057800556501,-1.8223274249817223,4.150039904229849
-1.2152647195377009,-1.2375526735266504,-0.06222975983542911,8.442051471454384,-0.6410310855979429,-0.0854908897371438,2.2876167046654743,16.600159616919395,-1.7793828884352436,-0.8254517206241268,-0.12619031469091957,-0.12340389258602613,-1.2051492544954856,-0.14945144459263426,-6.277838659374936,16.600159616919395
-1.442628755219033,-0.4902486171178051,-0.09086422079918155,1.458343694840547,-0.6351560411075319,-0.11123909097955853,-3.2928563809342535,12.450119712689546,-1.5358095255437743,-0.25130473784724927,-0.11232444144272402,-6.394884621840902e-14,-0.9994932518178299,-0.12568077522401566,-3.142391297598987,8.300079808459698
-1.678836380944282,-1.2464182125656613,-0.06243866842676182,5.672138499698612,-1.0944917509625673,-0.10494283312810992,1.8645179725217744,12.450119712689546,-2.4388352335181107,-1.1501856935759758,-0.13382100182684065,-4.883498866382141,-1.8544906035363962,-0.17632516652818875,-8.691119393558978,12.450119712689546
1.4976545492919602,-0.8810927711968812,0.10763977325635143,13.3137016681166,1.2996873067736003,0.0998305854657813,11.55603623775152,4.150039904229849,0.0,0.0,0.0,0.0,0.0,0.0,0.0,0.0
1.1261219861465888,-1.5299670596682446,0.10944145625673418,13.776940452850674,1.0215762126485783,0.08228756167997658,8.277755531676867,12.450119712689546,-2.2824581474106376,-0.5747818951471526,-0.16851349036912994,-5.752169532404984,-2.387003920908648,-0.19566738494588753,-11.251354453578791,12.450119712689546
1.5186629406255037,-1.3516274097116572,0.21740776156815522,22.55784327681694,2.3830796274886925,0.19609741997093033,17.437546314326326,12.450119712689546,-1.4976726708827215,-0.40557301485883457,-0.0933988542421712,-9.682670978167991,-0.9235927623975755,-0.10719807755280486,-13.043754574469247,8.300079808459698
-0.6488089579467005,-0.7038220070480214,-0.03713385000161962,5.066911708960511,-0.46236204846568096,-0.06056311301040801,0.08175137909724128,12.450119712689546,-1.8910864773280966,-0.7870553266851381,-0.14472437615899952,-4.466662374890028,-1.7694042267230703,-0.1597837087882804,-7.740770902294287,8.300079808459698
-1.255392319164006,-1.9291080643763614,-0.07699495950483837,11.758873780098568,-1.0985566091916255,-0.09125023571094015,7.830828189076421,12.450119712689546,-2.30580794641837,-0.6147886704675205,-0.18004960538904985,-17.207268831673957,-2.2043504583843188,-0.1892836854838083,-19.83302514027067,8.300079808459698
-0.28178158961906785,-0.31641795185128174,-0.019647647443981453,5.6201676192796945,-0.6318632575143202,-0.08721896093568193,0.44675098435391547,16.600159616919395,-1.6290036723599632,-0.6246980188114772,-0.13715031777787698,-0.42638290541329127,-1.9790853402552155,-0.20472163126957746,-5.59979954033907,16.600159616919395
-1.7765408617724798,-0.6483513795214328,-0.11955769582700088,-6.64824567819111,-1.594661973017053,-0.16092600771610238,-12.595519638028172,12.450119712689546,-1.5544777339567606,-0.42134489731821745,-0.10780458883107186,-4.497511273980628,-1.4363523314739224,-0.134464092348837,-8.3935038007167,8.300079808459698
-2.865110526762372,-0.701625057504673,-0.1973741788858121,-0.510910681005381,-2.027108230183682,-0.20040251986370916,-2.1007396146414195,8.300079808459698,-3.087425317298532,-0.6659337896099355,-0.22149211026920845,-0.5109106810053952,-2.249423020719842,-0.2245204512471055,-2.1007396146414337,8.300079808459698
-1.1466881188765043,-0.8052788184260855,-0.0731290586696795,-1.3396237345370494,-1.0485073030434888,-0.12964344638134057,-5.813846814957074,16.600159616919395,-1.4841450419624813,-0.5703027070979729,-0.1075958607193524,-0.9015646778833499,-1.414943986582795,-0.14847165917328115,-4.245804471792937,12.450119712689546
1.8505716725439658,-1.1796223481801498,0.20870845803536653,21.11426383155198,1.8437198762502716,0.1828076976127973,15.923567460017772,12.450119712689546,-1.2902528338806674,-0.3259371838659906,-0.11539647025380312,-1.9410019040662903,-1.2971046301743616,-0.14129723067637234,-7.131698275600499,12.450119712689546
-1.0835091300922297,-0.7080426955145676,-0.022422338485538873,-0.5109106810053952,0.6448058287666694,-0.05036116254086953,-3.710543235058786,16.600159616919395,-2.875933117243811,-0.7083229388648178,-0.17153368063776164,-7.403879680914937,-1.1476181583849119,-0.1994725046930923,-10.603512234968328,16.600159616919395
-1.4117559238975073,-0.49199564475320123,-0.08437672197033608,-1.3494401651129024,-0.6452148718955719,-0.0880637157777101,-2.939269098748941,8.300079808459698,-1.6722593543447193,-0.3391217935606061,-0.12067536972438564,-1.3494401651129024,-0.9057183023427839,-0.12436236353175967,-2.939269098748941,8.300079808459698
1.844698774337128,-1.0744356862220616,0.1894466553311706,21.93083602744131,1.8496732517364611,0.18057011471296763,19.84796948146512,4.150039904229849,0.0,0.0,0.0,0.0,0.0,0.0,0.0,0.0
0.3054526069823593,-0.7745241989185612,0.05717330608487925,0.3367575142084611,0.4978110071704789,0.033821543113669694,-4.854905502906082,12.450119712689546,-0.05983081204203877,-0.39597289723956663,0.007478438512682262,2.1316282072803006e-14,0.06628786591831304,-0.007668119755824321,-3.4249585454440137,8.300079808459698
0.09368814406620629,-0.6573762503152061,0.06552239360279255,-0.4854402852003119,0.7135869001042359,0.02496433095809425,-3.5060082832722443,12.450119712689546,-1.5264316548250232,-0.5683435706993709,-0.09779740438325446,-0.5098036688503491,-0.9065328987869936,-0.13835546702795276,-3.5303716669222815,12.450119712689546
-0.7085330900058473,-1.5507510362883679,0.02773285597838182,17.124612366702817,0.04576955281734296,0.020328258198955895,12.928144776091518,12.450119712689546,-3.1307974465432986,-0.8155626589460478,-0.23986895065429364,-0.7583886322421449,-2.3764948037201084,-0.24727354843371957,-4.954856222853444,12.450119712689546
1.7257064655241017,-1.821596353787518,0.25543267340824927,28.578807645048045,2.23693670538756,0.2412210056258094,24.04627993748332,12.450119712689546,-2.114315905387243,-0.6255473260434883,-0.15956647690419035,-3.552713678800501e-14,-1.7759491083437995,-0.1688707176904629,-2.985090323058408,8.300079808459698
4.4037824140034765,-2.0011489031442142,0.4394680151039967,14.33387089097576,4.849966049073018,0.4247584248164856,9.861389233202274,12.450119712689546,-2.17131405772939,-0.776775775512446,-0.1439070934181349,-6.87140436367978,-1.7251304226598485,-0.15861668370564597,-11.343886021453265,12.450119712689546
-1.4227932362290696,-0.39481096484279554,-0.12919806676917528,1.343747065542665,-1.389499926126958,-0.1416742689449365,-4.727800010904559,12.450119712689546,-1.7045144171553561,-0.21175791476712646,-0.1552306448749421,-0.5316944872088811,-1.6848523903773893,-0.1633253882164944,-4.505176472044425,8.300079808459698
-1.3828237727164572,-1.9443106919921824,-0.06491822239318534,14.862245103237754,-1.2122929362775592,-0.14134658375846054,3.2351264502498154,24.90023942537909,-3.822480475455192,-0.7584255804664704,-0.2787767042296574,4.973799150320701e-14,-3.6889045455918756,-0.3400572140285678,-9.547442295494712,20.75019952114924
2.2508119395752146,-1.7641494942849256,0.2056345964719618,18.021802535623756,2.0188285840647024,0.18451983456349116,14.644808608871209,8.300079808459698,-0.5192808946996585,-0.24935314280435428,-0.041243872507346555,-6.394884621840902e-14,-0.6369784700654746,-0.051400513209078166,-1.675338160956919,4.150039904229849
-1.3186266587934758,-1.7825661730180897,-0.03710024661549971,10.15849233902442,-0.9680660059107282,-0.09310828859667064,4.658273510759351,16.600159616919395,-2.736833396883065,-1.10172949659108,-0.18047772181134336,-0.12575279793961158,-2.3862727440003173,-0.2364857637925143,-5.625971626204681,16.600159616919395
0.47400757054307796,-1.419178183888457,0.12596508480022284,19.542110072068674,0.9848961696202085,0.0924893958085169,15.13275089960414,12.450119712689546,-1.0528339693993471,-0.5019478124673249,-0.06219284334629094,0.0,-0.5419453703222166,-0.09566853233799688,-4.409359172464534,12.450119712689546
1.5478401577066814,-1.2285729553167908,0.15866171771086468,12.920632286344926,1.4465346522764433,0.12601566297625244,8.026167363887339,12.450119712689546,-2.1009946466730156,-0.10250074587380631,-0.17231460507815044,6.394884621840902e-14,-2.1715313747436404,-0.19330529325060825,-3.220386249626145,8.300079808459698
0.7032974899961566,-0.6720914916689757,0.1353435883558276,13.724827704085694,1.3510614425503036,0.10062376101533321,10.249346143501025,12.450119712689546,-1.7094413493143223,-0.29174870599219105,-0.14354446669869292,-1.2016475964483107,-1.0616773967601754,-0.1782642940391873,-4.677129157032979,12.450119712689546
1.1959383713967542,-1.1404345557171958,0.14667394906679215,19.787060700606364,1.2786855286069487,0.12570000855057695,16.653008133074668,8.300079808459698,-1.2367871351997906,-0.19063781703078142,-0.0999207764021049,-7.734530811411908,-1.154039977989596,-0.1208947169183201,-10.868583378943605,8.300079808459698
-1.8465843221846745,-0.7168600705140786,-0.1466108877638242,-13.098402240251907,-1.7713659070188958,-0.17800838041551437,-16.953879658359494,12.450119712689546,-1.7832236300891813,-0.5905311618262985,-0.14255761744502066,-0.44771516873660744,-1.7080052149234026,-0.17395511009671083,-4.303192586844194,12.450119712689546
-1.6465454231956667,-0.3779714494017803,-0.12067737425092295,-10.370223870576087,-1.3097338348692542,-0.15046282676868483,-12.208694476825563,8.300079808459698,-1.2159576129706862,-0.4177393642525722,-0.0792007434989288,-0.3915786073157008,-0.8791460246442737,-0.10898619601669068,-2.2300492135651773,8.300079808459698
-1.4742668717687257,-0.36895323289905946,-0.09972110494614084,-7.4060345030596295,-0.6879791182290651,-0.11964671503973756,-10.66579881605972,12.450119712689546,-2.4299346013841427,-0.3567260433976962,-0.1814846302386417,-7.4060345030596295,-1.6436468478444821,-0.20141024033223842,-10.66579881605972,12.450119712689546
4.005488552758174,-2.249377853590305,0.38288426880396154,6.0163184199953506,4.111609261098392,0.33356415010862783,-0.10123937814234552,16.600159616919395,-3.8596429798420706,-1.1324063807377023,-0.2666765041324086,-10.545690618833568,-3.7535222715018524,-0.3159966228277423,-16.663248416971264,16.600159616919395
0.6062546498042387,-0.6882424915401284,0.09178785259026723,0.11018767520055661,0.8787832840899457,0.039613584535152735,-3.900341136953635,12.450119712689546,-1.0046849845394057,-0.4361383099784675,-0.06383643535355654,-0.27628762007356755,-0.7321563502536987,-0.11601070340867103,-4.286816432227759,12.450119712689546
1.897022144232885,-1.1262381896950036,0.22605716947673093,21.579486466127197,2.035040981655034,0.19839020886854275,18.925881683260467,8.300079808459698,-0.8213819974950853,-0.5053691166101828,-0.050636890233959786,-0.11331437590650495,-0.6833631600729362,-0.07830385084214797,-2.7669191587732342,8.300079808459698
-0.4198907595906798,-0.5526079950295646,-0.009699146328568276,-6.083888923165489,-0.10948934286005851,-0.049407220323622436,-10.8121004003711,12.450119712689546,-1.8768362109849557,-0.5122484116450252,-0.15140560935343528,-12.929332482162401,-1.5664347942543344,-0.19111368334848944,-17.657543959368013,12.450119712689546
-1.3114796224125702,-0.6574290240423792,-0.10145578000578184,1.5731823307757722,-1.8879254252390898,-0.14606403092734277,-8.435242980454149,16.600159616919395,-1.846999027870655,-0.39772840825119715,-0.13939493239859505,-0.7672561002758371,-2.284571099557231,-0.17142883611467977,-8.076126481826122,12.450119712689546
0.6149990632065672,-1.2985866813981364,0.05703010924044216,0.7561969654219993,0.28311784632830683,0.024873070256865637,-4.532527707564704,12.450119712689546,-1.2529878590232912,-0.345470374126398,-0.10494227930991909,-5.366155569525098,-1.477176890223586,-0.12552570739049712,-9.10744285800552,8.300079808459698
-0.7888324910596101,-0.9909399829179399,-0.032463300621856706,3.917516657073392,-0.7052717734858716,-0.06040575025182976,1.8444743375236037,8.300079808459698,-1.786997213661956,-0.6968021673710414,-0.1326033309277163,-3.425333820343699,-1.7034364960882176,-0.16054578055768937,-5.498376139893487,8.300079808459698
2.6617625028678926,-1.049864512297427,0.24785136095142057,24.024940563567043,2.8562398556359225,0.22915048110120334,19.029713113578204,12.450119712689546,-2.3938772947644127,-0.8308083501714716,-0.18187651772177074,-0.07695139269782914,-2.267207266425153,-0.19395831783746068,-3.3478761554814085,8.300079808459698
0.5592874362009725,-0.6121265982368111,0.06439999896093984,11.374715964243201,0.6634124234415228,0.040870388042603456,8.07156560580443,8.300079808459698,-1.7596487193711763,-0.584483537497217,-0.12433324097694853,-0.07272852206320835,-1.655523732130626,-0.14786285189528492,-3.375878880501979,8.300079808459698
0.00048467200173263336,-1.3967134089301254,0.05171585159425307,10.616990508751943,0.46201215852694766,0.019640063201533886,5.169627002926514,16.600159616919395,-1.656682812641419,-0.2904358943353973,-0.12301717650855387,-16.728795274357402,-1.3151164987915465,-0.14647187763519615,-20.77627607600074,12.450119712689546
0.659768996910004,-1.1013566056517146,0.0767547456780765,17.929593115852228,0.7913339457709112,0.054085777347743114,12.015500339609467,12.450119712689546,-1.3440277282382729,-0.21418861540918321,-0.09830617386226131,-0.04438813026688848,-1.2596109942974332,-0.1128925736706009,-3.919019414542632,8.300079808459698
0.7757145830367351,-1.2025105617880474,0.1412435043922673,15.642894464123621,1.0824952842918956,0.11014599053633956,10.747289642726962,12.450119712689546,-2.4714337216376725,-0.4090540954869386,-0.2174599966337854,4.263256414560601e-14,-2.164653020382512,-0.24855751048971314,-4.895604821396617,12.450119712689546
1.0549773322441105,-1.271309698603849,0.2069815054775358,21.630477859528554,1.379559254605911,0.1781158822540394,18.892367139118385,8.300079808459698,-0.5935633747301114,-0.41327962914532534,-0.025267980507168164,-0.4904625042514894,-0.26898145236831095,-0.05413360373066456,-3.228573224661659,8.300079808459698
-2.0958568853671533,-1.2515372305770214,-0.1570593147253051,-6.829728192075017,-1.3648975496219018,-0.17381788031495338,-11.680175582254751,20.75019952114924,-3.3404974047676284,-1.0161554140496882,-0.28768286782947416,-8.967074884346161,-2.609538069022377,-0.30444143341912244,-13.817522274525896,20.75019952114924
0.03928798436299008,-1.1093790534417973,0.06436878082879682,8.156963588039908,0.7920157250633331,0.025501249832466155,1.5517040876486163,16.600159616919395,-3.599695311312545,-0.9810183530834795,-0.2663667672468204,-0.07837173613930304,-2.846967570612202,-0.30523429824315107,-6.683631236530594,16.600159616919395
-0.2787447985513225,-0.8403781014548155,-0.012154944634342357,-6.459925875433349,-0.4513103896210069,-0.05030561512692605,-11.381708365066991,12.450119712689546,-1.5920491600749154,-0.8583439426892063,-0.12776780748596567,-0.17418132928717966,-1.70986496010892,-0.1521806977950616,-3.422241770246849,8.300079808459698
1.9198010571002788,-0.8207289744536386,0.1937531456469,18.6476003423682,1.8854242168073077,0.16681199442238298,16.038271576942932,8.300079808459698,-0.8689254936925961,-0.06759720201171326,-0.0724734154471458,-11.107884663509715,-0.8874078458918744,-0.08543512276197246,-12.401115352848812,4.150039904229849
-2.058071544359308,-1.4314499667008516,-0.13719224203090685,-7.2653199801929915,-1.1177677676333264,-0.16631934350290267,-14.515492602814398,24.90023942537909,-3.172317898839716,-1.070748173597151,-0.2594618466970286,-7.171029883432013,-2.3936553619972933,-0.28338912337663075,-13.17237164265159,20.75019952114924
-0.2435254635565931,-0.4325171565826107,-0.003307308037515666,6.725218909910822,0.007168340134167117,-0.020023667445265958,2.7745148376212008,8.300079808459698,-1.1067591107897456,-0.4465627042074676,-0.07853867801011966,-0.7160555780610238,-0.8560653070989854,-0.09525503741786995,-4.666759650350645,8.300079808459698
-1.3871764306920387,-1.3933523218939072,-0.06887055391500202,0.2850698265024789,-1.0361928966209355,-0.11091084873921903,-4.682770048854859,16.600159616919395,-2.1069686277403132,-0.521167472302821,-0.15406194718680366,-2.32047447569456,-1.8482851455940752,-0.18471667775545064,-6.027505615843413,12.450119712689546
1.8001041055190514,-0.5995015618834358,0.14621347175466812,18.867617318162814,1.71368403595904,0.13586947464606655,17.086893493853125,4.150039904229849,-0.789456651121978,-0.21486346171666248,-0.05957917185492273,-2.6486099982225824,-0.8758767206819895,-0.0699231689635243,-4.429333822532271,4.150039904229849
0.8805848958024498,-1.078727770536391,0.08574458638047014,0.8429313044836846,0.8119659559491677,0.07074355980602923,-2.418815086090909,8.300079808459698,-1.2267434752920359,-0.6361732748920996,-0.09600763893292935,-0.3257548128618879,-1.295362415145318,-0.11100866550737026,-3.5875012034364815,8.300079808459698
0.4840937273847379,-1.341742111317135,0.12663386859984216,17.999838576923334,0.6792250374661357,0.09178774091096809,15.261727856513172,8.300079808459698,-1.445053032597965,-0.5696081322346345,-0.09307693187331956,-0.11101179572440145,-1.3487694359656688,-0.10989208553034335,-1.4663823252532566,4.150039904229849
2.813533686331282,-2.6116661963828474,0.35150766900495595,25.038233040572173,2.805830475143267,0.3196133823561498,20.794609355532764,12.450119712689546,-0.7848174515108219,-0.956599975209695,-0.048633912642949195,-1.2474081998453954,-0.7927784840422003,-0.06909649985529759,-4.0471564809523315,8.300079808459698
-0.10162146913939019,-1.3240240170203297,0.02193887807095024,16.384908012199773,-0.11267991263510524,-0.011476959322984703,11.182077943512546,12.450119712689546,-1.5432970773452848,-0.3234342869839306,-0.12826712175636723,0.0,-1.5532906549787118,-0.14973686048957896,-3.424786395743517,8.300079808459698
0.8471142973758283,-0.8440113768387931,0.10786309915287834,4.877711861131829,0.8275433093563267,0.05547531173610365,-0.31095173464846937,12.450119712689546,-0.6043590226387563,-0.45702050432483965,-0.0377493968341292,-0.39907268863520073,-0.6198241455817044,-0.07132181453555242,-3.88064398815294,8.300079808459698
-0.8290866043223923,-0.5613456070129423,-0.03781492122967178,3.0355357345537897,-0.5424663941296703,-0.06615499316234674,0.6349794500843231,8.300079808459698,-1.3397702532902613,-0.29558220335304064,-0.09566022207707303,-1.9941882288533037,-1.0531500430975393,-0.12400029400974799,-4.39474451332277,8.300079808459698
0.24824957724025598,-0.48017748761141377,0.03887216845147978,2.943474290364655,0.5001035205999926,0.02397661839294074,-0.14902673691211277,8.300079808459698,-1.0914211835702181,-0.41158716539245965,-0.07607956682271394,-3.0310740667299356,-0.9670097516137233,-0.08337902841887884,-4.563335137819905,4.150039904229849
-0.6874767349877242,-0.18255202183224917,-0.05594974906447192,-2.293367003659327,-0.7263385116012655,-0.08027223629305674,-6.205283313848504,8.300079808459698,-0.5328925260418504,-0.10072814714021483,-0.043898159196716136,-9.237055564881302e-14,-0.5536528119658879,-0.05563844271783913,-1.9226231396977482,4.150039904229849
0.13650985805182536,-0.951827194097902,0.0550512086379108,8.209094773896304,0.7863287384902051,0.057512383316488114,4.433960659341636,12.450119712689546,-1.2849979624323105,-0.39414359436473134,-0.09495757179891134,-4.977805194008127,-0.854104688207058,-0.09373741367510252,-7.474840571060184,8.300079808459698
0.10766571915812317,-0.8006992197678588,0.006309492905333516,7.122560245217024,-0.5039021450098158,-0.04537224818555215,0.30019040458800106,16.600159616919395,-1.7285722751905985,-0.546457549728391,-0.15246038684929064,-0.7426321158872113,-2.1909402131698674,-0.18956890042428287,-5.769539262215751,12.450119712689546
-0.8738154509360996,-0.5773255439459017,-0.038133537339793855,-7.733447375489021,-0.12706927635417475,-0.05961266416047739,-9.723945504413521,12.450119712689546,-1.5264036616159382,-0.6070808485338048,-0.10101838074131153,-10.48879138993276,-0.7796574870340134,-0.12249750756199507,-12.47928951885726,12.450119712689546
0.0,0.0,0.0,0.0,0.0,0.0,0.0,0.0,0.0,0.0,0.0,0.0,0.0,0.0,0.0,0.0
1.4037634947811517,-1.9746393007731982,0.22887115279972148,16.63456281414357,2.097124220131752,0.20907008555391748,10.239522756966515,16.600159616919395,-2.45642000176467,-1.115893134244434,-0.16789493016740936,-0.11234118028693985,-1.7630592764140696,-0.18769599741321336,-6.507381237463996,16.600159616919395
0.26476209367760717,-1.1120971345346327,0.12460961071331611,16.192653203981518,0.8509236979474597,0.12423374068910342,13.657713738319107,8.300079808459698,-1.121436554893962,-0.527153750304759,-0.0725557990742215,-0.42798817874161443,-0.5352749506241095,-0.07293166909843418,-2.962927644404026,8.300079808459698
0.48616709524975654,-0.9222083741645584,0.08608029204513334,7.028160731745693,0.7173357419917092,0.049838176007015234,2.40997298637069,12.450119712689546,-0.6333459971195721,-0.21537546813794073,-0.04738423848637391,-2.1316282072803006e-14,-0.48158945723169033,-0.0706944908252542,-3.0488380330954357,8.300079808459698
-2.924735785514132,-1.3977556694131277,-0.24464834213425984,-6.0893692093906076,-1.9217314824729215,-0.3095052427393706,-14.617662289165647,33.20031923383879,-4.73807188726556,-1.1644426822830578,-0.4409199872800704,-7.837423394065549,-3.7350675842243497,-0.5057768878851812,-16.36571647384059,33.20031923383879
-1.0171316850022372,-0.5100220499948165,-0.06025594260943512,-3.701197796199338,-0.5557102455471474,-0.07340200991462109,-5.291026729835366,8.300079808459698,-0.9142528066247158,-0.47081902251874475,-0.05306358559478952,-0.5109106810053952,-0.452831367169626,-0.06620965289997549,-2.100739614641423,8.300079808459698
0.12360672959104146,-0.3892385282126547,0.03381620687638831,3.4731899791262,0.5267587877546775,-0.0038926954349650655,0.3749936612707927,12.450119712689546,-1.6575454977486137,-0.33352091892687774,-0.13525989111497483,-1.1070081344625393,-1.2543934395849776,-0.1729687934263282,-4.205204452317947,12.450119712689546
-0.32418650732910503,-0.3720837177319769,-0.013989496426757453,0.9319509072530465,-0.16877388063627485,-0.0313203083840623,-3.1383726797945286,8.300079808459698,-0.6072361503073775,-0.11051355836855237,-0.04286076938893563,-1.6009556278531036,-0.5310805061077506,-0.05127919622180932,-3.593797653793338,4.150039904229849
-0.9244487527808154,-0.5438457440789186,-0.0505010796593387,6.796082056795203,-0.22012699605682418,-0.06912323270302134,4.148997315721267,12.450119712689546,-1.6702104877549084,-0.3398424421327242,-0.14443286485914086,-5.95658910712655,-0.9658887310309172,-0.1630550179028235,-8.603673848200486,12.450119712689546
0.5788938521515741,-0.33899021105213833,0.06517065239808678,2.4924912594874087,0.6267412798416805,0.03868855556350881,-1.1847266232853215,8.300079808459698,-0.5320612037583272,-0.290117787516019,-0.03965513477771132,-0.05943474073792743,-0.5094050495086488,-0.052434851716021635,-1.8745423165536081,4.150039904229849
2.352263495308504,-2.054943469065094,0.2665258547155516,23.200501227462535,2.383325590970875,0.24852239108154534,20.21541090440414,8.300079808459698,-1.5387197828425236,-0.6814663753002481,-0.11355292733642525,-0.05668566247823037,-1.5076576871801528,-0.13155639097043154,-3.041775985536624,8.300079808459698
1.5015226339565313,-1.3908961230640227,0.15630515525637034,1.5389493077085916,1.3386317278722304,0.10045574239939054,-4.43004179236798,16.600159616919395,-1.0849748269415205,-0.5882373490933066,-0.07854571842872182,-2.6417768774723243,-1.211912959836936,-0.11871591783193591,-7.0609196624715835,12.450119712689546
-0.45445624092201875,-2.1166400116184114,0.008144696676435081,13.345100660513506,-0.20231002221453576,-0.011529217909610812,7.875438848362759,16.600159616919395,-2.0155029552424875,-1.4231880335285183,-0.14988021825172798,-1.8569809236650343,-1.7633567365350045,-0.16955413283777387,-7.326642735815781,16.600159616919395
-0.3213690251744117,-0.09526510977176628,-0.023732991346492482,-2.7122359305217714,-0.4968910004510385,-0.02907108249765252,-4.743021338498089,4.150039904229849,0.0,0.0,0.0,0.0,0.0,0.0,0.0,0.0
-0.9764981459754463,-0.836422064388767,-0.048871929481412835,-3.1173881155773913,-0.2992637673016274,-0.07487166992700556,-7.109096732639042,16.600159616919395,-1.6827236937980272,-0.4618734019588082,-0.13318182528289435,-1.663209471965601,-1.1777613775655116,-0.15229108865852448,-5.344654910871771,12.450119712689546
-0.9557158745904903,-0.314219161534556,-0.06746600056020596,1.6169905963154747,-1.0783243476847781,-0.10499074593181723,-4.520538749488452,12.450119712689546,-1.3393128753188321,-0.28934541488439436,-0.09690644549378463,-9.947598300641403e-14,-1.4247112753219104,-0.12100632181092197,-4.0073956972461104,8.300079808459698
0.8487137092326291,-1.1684716178112495,0.0967948772410766,9.130944636567051,0.9534969809591232,0.08569923230848925,5.702401113500983,8.300079808459698,-0.9836018765407184,-0.14795113129845738,-0.07504460951562147,-4.263256414560601e-14,-0.9327540737364082,-0.08041782306966794,-1.6838233883567,4.150039904229849
-0.5410838656230377,-0.6222077672964961,-0.028953792126504452,3.624329983921058,-0.4645541271203868,-0.07087626656805635,-2.038677234275802,12.450119712689546,-1.3544588956890369,-0.5511490192692321,-0.1113744920123001,1.9895196601282805e-13,-1.277929157186386,-0.153296966453852,-5.663007218196661,12.450119712689546
0.6287389254685305,-1.1389803464864592,0.08735209323692344,6.550296131230372,0.8326498629140477,0.06878117773166859,3.4250463403839078,12.450119712689546,-0.19459766279377178,-0.4511338822733677,-0.005368035470896204,-0.455298778813237,-0.06148012951250337,-0.017406032899568435,-2.5318861658776477,8.300079808459698
-0.4311801199535559,-0.36087592894331344,-0.021208388407153445,2.325307202158065,-0.2454690854072128,-0.07466017499380373,-0.826199490001688,12.450119712689546,-2.4270917297882555,-0.5701517082385017,-0.1977044854224405,-1.595789501298885,-2.2413806952419124,-0.2511562720090908,-4.747296193458638,12.450119712689546
-0.6694156396604534,-0.7069363051025377,-0.02000710901893521,10.340162754895676,-0.06278215734898396,-0.0670690311645794,4.005309546219696,16.600159616919395,-2.001550156423626,-0.46792327481786167,-0.16265025520541065,0.0,-1.5503921188198433,-0.19775802384667063,-4.736858668874142,12.450119712689546
-0.3895051176613151,-0.13857731873403623,-0.030531510279813823,3.1955192949220326,-0.2567234049430933,-0.04004205232582547,2.6931126217446533,4.150039904229849,-0.8439893262871978,-0.05212514233671861,-0.0806999579454365,0.0,-0.711207613568976,-0.09021049999144815,-0.5024066731773793,4.150039904229849
-0.8978519646927863,-0.38668053026886895,-0.054281244575127285,1.4210854715202004e-14,-0.4653868682863882,-0.09125223666584725,-4.042192084674163,12.450119712689546,-1.6795491268692508,-0.5319487403753165,-0.11266790198860166,0.0,-1.2470840304628528,-0.14963889407932163,-4.042192084674177,12.450119712689546
-1.4565589707815407,-1.3434032551231798,-0.09391874108762216,-8.031730597393924,-1.317328579419419,-0.13126700684354187,-13.649793049362486,16.600159616919395,-1.9796021633115446,-0.8998772986878958,-0.14478808562782117,-1.8800136741644806,-1.8403717719494228,-0.18213635138374087,-7.498076126133043,16.600159616919395
1.4082497364478197,-0.9728373117285614,0.174159385452467,20.033037010851576,1.5549568379287892,0.14608503723205835,16.802578981634927,8.300079808459698,-0.8681175643407979,-0.04230702780302309,-0.07119791740953163,-2.642872969307028,-0.7214104628598283,-0.09927226562994029,-5.873330998523677,8.300079808459698
0.020216179438525828,-0.5398908355860197,0.04281053339882279,3.3316368420136087,0.7864891284236508,0.021334481095741653,-0.8166697496817861,12.450119712689546,-1.735825443030392,-0.5316668979270798,-0.12322165932180862,-0.2289508491464467,-0.9695524940452671,-0.14469771162488976,-4.377257440841841,12.450119712689546
0.5570538241212786,-1.8209410939654358,0.10477629737381117,18.010450272766395,0.783777704432187,0.05344761029206957,10.443053533203827,20.75019952114924,-1.8049081632785402,-1.1617017513948475,-0.13014936011203498,-0.41491574158276734,-1.5781842829676318,-0.18147804719377658,-7.982312481145335,20.75019952114924
1.5104136573613536,-0.8464957816770617,0.09612123213717538,7.471770508572845,1.279266307070348,0.088915221031827,5.358838299301354,4.150039904229849,0.0,0.0,0.0,0.0,0.0,0.0,0.0,0.0
-1.1555368899505591,-0.10879550656719417,-0.08961985071030787,-9.923772658393823,-0.7789703358983768,-0.09683822791530128,-10.716195915991552,4.150039904229849,-1.1555368899505591,-0.10879550656719417,-0.08961985071030787,-9.923772658393823,-0.7789703358983768,-0.09683822791530128,-10.716195915991552,4.150039904229849
-1.0781592526218446,-0.5703961604857639,-0.04227597972360764,0.04923224772864643,-0.39060687404370853,-0.060047898986999915,-2.397432293847281,8.300079808459698,-2.0062628451716016,-0.41989677432065875,-0.13930675299058148,-4.933061805974372,-1.3187104665934655,-0.15707867225397376,-7.379726347550299,8.300079808459698
-0.7110123564774353,-1.074432814846288,-0.00021564542296736988,3.3666008966957577,-0.3404320247885284,-0.04900810043143311,-0.4069729615598803,12.450119712689546,-2.1488200951429217,-0.42828347619453133,-0.155737876991359,0.0,-1.9044888018975081,-0.18716517256265153,-2.5180349909914383,8.300079808459698
-1.9349129354618855,-1.0969418954662764,-0.15519742570454553,-1.7407778565154857,-1.732212286374235,-0.1793078304770948,-8.287201950481737,16.600159616919395,-3.8143143103549493,-0.8917423509695137,-0.3319499230306803,-8.748063113642345,-3.611613661267299,-0.3560603278032296,-15.294487207608597,16.600159616919395
1.097982154207311,-1.6200747263861164,0.08732000303138301,-3.244850495765668,0.8210233730444827,0.07215560204156946,-11.575995530179256,20.75019952114924,-2.408194463748503,-0.9408590566859019,-0.20226941506213936,-12.957270947057552,-2.6363258325939998,-0.21393275266446976,-19.532790895530184,16.600159616919395
1.3128432162261339,-1.8855332630971144,0.16140816608564057,14.721933944464652,1.1086643634557358,0.10775352648025865,8.02703880183443,16.600159616919395,-1.3415668034230999,-0.432493432146714,-0.10881544219527803,0.0,-1.4992013181435615,-0.1475056733078294,-4.9266627379654295,12.450119712689546
-0.7736477038469358,-0.07846965723045862,-0.058425398822656224,-7.467855267702177,-0.8026397436541322,-0.0624018800163894,-9.226511420849285,4.150039904229849,0.0,0.0,0.0,0.0,0.0,0.0,0.0,0.0
2.6389892041468688,-1.4302544153509125,0.30160337161896633,29.312802450960966,2.6851004098766174,0.2779921084245523,26.32771212790258,8.300079808459698,-0.5158448569455576,-0.47350279867133693,-0.032082055484597694,-0.10122383460848283,-0.4940035443323998,-0.043431666638070576,-1.5757180872712482,4.150039904229849
1.8451878506762665,-0.9379398350984172,0.1870983632320608,9.550545534002516,1.8247143752152084,0.14975794172188334,3.583780367821113,12.450119712689546,-1.5741954841972605,-0.2408760880793679,-0.12806974352728578,-2.7365624634589807,-1.5946689596583186,-0.16541016503746325,-8.703327629640384,12.450119712689546
-2.7957260252331473,-0.7173364293759352,-0.2114184118289112,-7.792364414679096,-1.9924214282093455,-0.21754384040512387,-10.600412602716379,12.450119712689546,-3.7200394622975086,-0.6581711112374382,-0.30000282923649557,-0.4734261303798384,-2.916734865273707,-0.30612825781270825,-3.2814743184171213,12.450119712689546
-2.0986420477696175,-0.6125631110040821,-0.13635696273188092,0.0,-1.2839742055777759,-0.1843733952504566,-2.3721951443262057,12.450119712689546,-2.0812249870802546,-0.6071508837600614,-0.13516847551002775,-0.39718360313183254,-1.266557144888413,-0.18318490802860343,-2.7693787474580382,12.450119712689546
0.825202354202248,-0.8306958081655882,0.05663161971374435,4.976028415163853,0.6333213474444932,0.04522794339930404,3.1682328740471917,4.150039904229849,0.0,0.0,0.0,0.0,0.0,0.0,0.0,0.0
-1.0144693978336505,-0.5186507521753239,-0.06924775670877864,-1.1952619338324233,-0.3443382277477314,-0.08353897876541222,-4.3948944878858,16.600159616919395,-2.257812327940356,-0.5339398379233078,-0.18123779508199256,-13.294703520635299,-1.587681157854437,-0.19552901713862614,-16.494336074688675,16.600159616919395
-1.3470431749686753,-0.8735609270603284,-0.06675659821532198,-3.482046418854157,-0.6250177870341878,-0.08789120949226248,-5.370798724015611,12.450119712689546,-3.1753906439220705,-1.0339890326353132,-0.24844396262119162,-1.1295576377983068,-2.453365255987583,-0.2695785738981321,-3.0183099429597604,12.450119712689546
-0.7660549380877013,-1.1435633386523012,-0.006304134881256918,13.25146539091611,0.08216843653399142,-0.028551235513410878,7.152992180278176,16.600159616919395,-2.8302688548631494,-0.734464460666274,-0.20413316336351323,-8.313718155042565,-1.9820454802414567,-0.22638026399566719,-14.4121913656805,16.600159616919395
1.275404729245544,-1.0298613573025506,0.14546052211186283,5.540594435454075,1.4433495904940585,0.1251699150630846,1.0605639119334143,12.450119712689546,-0.8137234862943821,-0.3112108495926247,-0.06403956712664727,-0.10274904084933922,-0.6457786250458675,-0.08433017417542549,-4.58277956437,12.450119712689546
2.249318239240461,-1.9083632137603743,0.1632194397456684,12.463327614734439,1.7188502702855657,0.1423906020934658,6.917622669516973,12.450119712689546,-1.2490601306018867,-0.7514167200237516,-0.10844301628420047,-4.263256414560601e-14,-1.6062592284879607,-0.12171530064070492,-3.5886719062166605,8.300079808459698
0.2638877727975997,-1.8229719235975512,0.12001177203799152,29.59262993155006,1.0364921251176495,0.0908805929397154,22.988082079701986,16.600159616919395,-2.9912359284530288,-0.7522122129837268,-0.214631458792214,-0.08002254816857857,-2.218631576132979,-0.24376263789049013,-6.6845704000166535,16.600159616919395
-0.8429517147929602,-0.3561062998049813,-0.0456389253514744,-0.8056369559508063,-0.1961116163506027,-0.06243207647723392,-2.3412034268404227,8.300079808459698,-0.9121023965709796,-0.37026258011903224,-0.05100956649535027,-1.8369951616072449,-0.2652622981286221,-0.06780271762110979,-3.3725616324968613,8.300079808459698
1.2029644331058575,-1.1519112063289807,0.11472411582188918,8.16625338897341,1.3132924023665504,0.07836404859700441,0.5370897691424688,16.600159616919395,-2.144885066305613,-0.9331718244273279,-0.1465131580681676,-0.48855737134796584,-2.0675105880832545,-0.17272569570797822,-6.110724799443695,12.450119712689546
1.314164584682631,-1.2749291954097401,0.14919441721112137,10.796775266689096,1.2460576473895202,0.09715684658271861,5.285843827860276,12.450119712689546,-0.6004407839732107,-0.29811320676995123,-0.03812063338972971,7.105427357601002e-15,-0.648992891398259,-0.07153074721559916,-3.612640251641274,8.300079808459698
1.2597535072026433,-1.2138993301681484,0.16580655734849808,20.40434625089782,1.366943256563924,0.14580130333918606,17.41925592783944,8.300079808459698,-1.7761116950610445,-0.6575209540651059,-0.14464246366116612,-3.32009468417872,-1.668921945699764,-0.16464771767047814,-6.3051850072371,8.300079808459698
-0.5367219487084611,-0.7883934089126434,0.024120726116006797,2.0011867609622485,0.32842421679793077,-0.020950745486737476,-1.1610269770211197,12.450119712689546,-2.0284380197220333,-0.5092460058383583,-0.13029829998740572,-5.3290705182007514e-14,-1.1632918542156414,-0.17536977159015,-3.1622137379834214,12.450119712689546
-0.7000893858780657,-0.6063294994298669,0.0012953960166006695,-1.1418208104268324,0.22443442671442604,-0.005089524154188618,-3.631814558313785,8.300079808459698,-0.9950263172924902,-0.3581784095242426,-0.050781737596811594,-0.3023206490717101,-0.07050250469999852,-0.05716665776760088,-2.7923143969586626,8.300079808459698
-0.02479864176483204,-0.25831230679791517,0.02722022089738685,-0.39509783634976614,0.3837903132616134,0.02220200574564668,-1.3785827164443774,4.150039904229849,-0.9556286866289501,-0.21203304452964566,-0.06429702085109468,-2.463361454441916,-0.5470397316025046,-0.06931523600283485,-3.4468463345365272,4.150039904229849
-0.013891433702784006,-1.2624067112657382,0.017202547873608143,8.387538370173068,-0.07037259415565433,-0.0014370858286241184,4.6026621376055274,8.300079808459698,-0.7228451777931078,-0.44159549649466356,-0.05515001603332409,-0.09459363207149352,-0.7793263382459781,-0.07378964973555635,-3.8794698646390344,8.300079808459698
0.4290319970267076,-0.1340470643689251,0.038824971733545655,4.4366891834466315,0.3402234341312482,0.02371003681056827,2.391155570009637,4.150039904229849,0.0,0.0,0.0,0.0,0.0,0.0,0.0,0.0
-0.17153908960514386,-1.4184266907159202,-0.015849236594309424,-5.2364574462754945,-0.5488869059750101,-0.042362954540248285,-9.605298737069589,12.450119712689546,-1.7758806739558541,-0.3074201403847443,-0.12839678966965168,-7.158196355347151,-2.031454053868942,-0.14536830140020984,-10.04011972303055,8.300079808459698
1.3019988961786133,-0.8295223243647936,0.16589558178298724,12.234271062020731,1.5803274817980384,0.1506911854561438,8.058757365228189,12.450119712689546,-1.109711160347815,-0.201334357308939,-0.10221360383082101,-0.27474734216629315,-0.8313825747283898,-0.11741800015766446,-4.4502610389588355,12.450119712689546
-0.05217925982714533,-0.17143614964864007,-0.002785966798681677,-0.5233025365356738,-0.06832483387111399,-0.008999117377119448,-2.322728345539801,4.150039904229849,-0.9624261557677594,-0.27151398339901434,-0.08281275363721347,-3.3844286388925227,-0.978571729811728,-0.08902590421565124,-5.18385444789665,4.150039904229849
-2.4092758403291956,-1.0591660164651735,-0.15042056848652718,3.985651318599391,-1.0936538404914486,-0.14259207895718362,-0.5509402680582305,16.600159616919395,-3.0256152968428216,-0.832684484196287,-0.21768422055307202,-4.917497323608554,-1.7099932970050746,-0.20985573102372845,-9.454088910266176,16.600159616919395
1.7304546796596432,-1.428355887655563,0.1838487223730308,12.65155985302195,1.6627040553024441,0.1599310708186748,9.345914923976608,8.300079808459698,-0.1363838015603802,-0.22753462076422615,-0.007059005608668789,-0.20821731885479267,-0.17174537480795227,-0.018588084881273614,-1.8271544070725767,4.150039904229849
0.2739285364957267,-1.8840065873002079,0.09288548829874854,14.126145808446246,0.8235834979103185,0.06724861199425336,8.008588010308607,16.600159616919395,-3.1142081808398947,-1.2201566609289998,-0.22056330170119742,-0.10122383460847573,-2.564553219425303,-0.2462001780056926,-6.218781632746115,16.600159616919395
1.2239671930276863,-1.1482444031152923,0.1568702304973998,16.961234189341127,1.195538724762235,0.12248587937933952,12.625585069393487,8.300079808459698,-0.48583112279221297,-0.0905857241042245,-0.038921789161516396,-6.394884621840902e-14,-0.5013241674862945,-0.05546453473960927,-2.1430163013929544,4.150039904229849
0.22123511109248817,-1.808230132741274,0.052881158378812465,4.008814966308712,-0.02816708410133817,-0.0168632739215831,-3.3602272603261767,20.75019952114924,-2.8901129234687906,-0.6188119376186894,-0.24350861765374704,-8.076621506719114,-3.0953278861050038,-0.2970375644158627,-13.909392293138154,16.600159616919395
-1.371757244667915,-0.7799466252918119,-0.09639118282164344,-6.4866341351536505,-1.645534922134284,-0.18764901630930075,-15.11764239972613,20.75019952114924,-2.5010340884002336,-0.9456009852922556,-0.19057142169391028,-9.404264658934714,-2.7748117658666027,-0.2818292551815676,-18.035272923507193,20.75019952114924
-1.0818659465054337,-0.3978896233577309,-0.08040207278234718,-5.136447575221027,-0.9199820878233345,-0.11342096088921116,-9.036888736680513,12.450119712689546,-1.24778986997367,-0.3268360983786103,-0.09663902327207546,-0.4439529041254673,-1.1426891145873697,-0.11807880942945492,-3.02762945288746,8.300079808459698
0.9788038192781734,-1.2855821219402923,0.10850538668156584,-1.6915111081077754,0.921405619392357,0.07430888870344421,-6.357449743347821,12.450119712689546,-1.4747462842792602,-0.21460364046186697,-0.11256416478057316,-5.339040960968205,-1.51627634588416,-0.13455483322613046,-8.427404082045705,8.300079808459698
-1.6112971439514956,-0.8500155181321212,-0.11098862125818165,-11.466044295010434,-0.745384792349113,-0.14835577072470318,-17.819467114137588,20.75019952114924,-4.401000859775461,-0.3200607307918588,-0.40454575581434316,-10.23606596845979,-3.5350885081730787,-0.4419129052808647,-16.589488787586944,20.75019952114924
2.3504155144943972,-0.9816628816987194,0.2218942847064153,6.492885058480596,2.0810298344651423,0.19830143819693458,2.720410691141069,8.300079808459698,-0.4309464569282162,-0.11963657937648087,-0.03878161908561502,-1.4210854715202004e-14,-0.5668270269125864,-0.05010243910035074,-1.8526946030930844,4.150039904229849
-0.15925593120069692,-0.2770446806416018,0.01182048397481239,-2.1040202859745385,0.44904390315096876,-0.01583049323953256,-3.8601282607710345,8.300079808459698,-0.7488447265252987,-0.22469121092978384,-0.04463850752315368,-3.8715381748570152,-0.14054489217363297,-0.07228948473749863,-5.627646149653511,8.300079808459698
0.8428923180339387,-0.7659415001451162,0.08093595416966265,11.65057062160919,0.660611645502418,0.04983817287256653,7.2793188864591585,8.300079808459698,-2.2935890254054847,-0.655962991492812,-0.17849580621943614,-2.0024540470578245,-2.4758696979370054,-0.20959358751653226,-6.373705782207857,8.300079808459698
-0.5900312161641441,-0.7330322703349648,-0.0040301690279622715,-1.3457036812935748,0.11893951569332728,-0.05821123799698624,-4.545336235346973,16.600159616919395,-0.9808388605760276,-0.7211828542178953,-0.03769420575778859,-2.1845863864431223,-0.27186812871855626,-0.09187527472681256,-5.38421894049652,16.600159616919395
0.07302789429226486,-0.5822688527048232,0.0638962478209033,2.986766733063426,0.5598604930638462,0.030064559852114092,1.055418003286821,8.300079808459698,-1.3139909848420626,-0.22667975972821885,-0.0973885287507622,-1.0156566585168072,-0.8271583860704812,-0.13122021671955142,-2.9470053882934124,8.300079808459698
-2.040497640262151,-0.6453441316575486,-0.1373646104597629,-7.170401330925053,-1.3533993906304378,-0.1674608182564994,-11.277527602132334,12.450119712689546,-2.8372730406554414,-0.7821449145549249,-0.2019882672008091,-6.070439272535744,-2.150174791023728,-0.2320844749975456,-10.177565543743025,12.450119712689546
-1.38727125201481,-0.8806825536447391,-0.08292778299102244,-13.32861885611273,-0.805565483955073,-0.1257416874068571,-15.608957765481847,16.600159616919395,-1.9780367103555907,-0.7471760484805863,-0.1471306399229263,-13.328618856112772,-1.3963309422958536,-0.18994454433876096,-15.60895776548189,16.600159616919395
0.2165584288003508,-0.5355372208457538,0.031518797810653976,10.204987196403472,0.17429702894316002,0.0038753962778089734,6.280951454551406,8.300079808459698,-0.8292008856720656,-0.30601258744705007,-0.06225286211275238,-8.526512829121202e-14,-0.8518175882719081,-0.07558158427229028,-1.9233690323031993,4.150039904229849
-1.3002976611094175,-0.5129176460162164,-0.0843597662576705,1.1521233206670942,-0.5358010494039167,-0.11332716129864262,-3.5546798483530395,16.600159616919395,-2.7047165742809076,-0.5202536996856484,-0.20380790545453037,-10.278676287827295,-1.9402199625754069,-0.2327753004955025,-14.985479456847429,16.600159616919395
-0.28945956315815646,-1.993774434359949,0.058753524092157505,6.383475360915348,-0.12267556506160293,-0.004146533126482277,0.3271063113967543,16.600159616919395,-2.637257060328646,-0.45131316621862716,-0.20385711951910435,5.684341886080802e-14,-2.5168092031026212,-0.24952342016485063,-4.491786968446476,12.450119712689546
1.959717149013085,-1.3002317895171611,0.2758723478752755,22.12027515026873,2.529866942599779,0.25192350839966626,17.670351410990445,12.450119712689546,-1.0358835728734306,-0.35172983977509276,-0.07331491197464302,-0.17483829017712083,-0.46573377928673665,-0.09726375145025223,-4.624762029455404,12.450119712689546
-0.504158743959815,-1.2892575164976883,0.03777119922109151,10.62420906871812,0.00797168938551085,0.004010186764936918,7.2716403811590204,12.450119712689546,-1.906289906619918,-0.728044206347251,-0.13067236816360428,-3.6228641684239946,-1.394159473274592,-0.16443338061975887,-6.975432855983094,12.450119712689546
-0.958871401397432,-1.5802695224518715,-0.07195284560616019,2.052979396799685,-1.7663629421027505,-0.13850815904109617,-5.530422387439273,16.600159616919395,-2.9273296102683144,-1.1486588279146943,-0.21791595657497909,-13.549609436647827,-3.538750190704043,-0.2657213594740463,-19.13470839861506,12.450119712689546
-0.016329306005170352,-0.3909064332361982,0.03213522895456411,4.869573255878823,0.5545037386502694,-0.014805796867610077,1.5279313524122387,12.450119712689546,-1.1920830387900159,-0.4373349545862055,-0.08309338900884633,0.0,-0.6212499941345762,-0.13003441483102052,-3.3416419034665843,12.450119712689546
-1.4964400455249605,-0.6477893567039494,-0.11106856231883044,-0.845347973119118,-1.4545751044802158,-0.170908880758385,-7.341279438630266,16.600159616919395,-2.311295576337402,-0.4748917926280569,-0.18594081307069266,-4.973799150320701e-14,-2.28419266786426,-0.22926877582044203,-4.795144287584343,12.450119712689546
-1.7188045421581135,-1.416797862348572,-0.049959914535067096,-0.19863636681121122,-0.24635194971063168,-0.08705217623879968,-4.254079425029275,20.75019952114924,-3.1090390547713334,-1.416861047291743,-0.1847482624526221,-2.0312667241053184,-1.6365864623238515,-0.2218405241563547,-6.086709782323382,20.75019952114924
0.2549393392229815,-0.6361325875644397,0.01078245427436883,0.8439060805065992,0.004588460113752468,-0.0018151765184578478,-1.1856669449817474,4.150039904229849,0.0,0.0,0.0,0.0,0.0,0.0,0.0,0.0
-0.9792812369601833,-0.7202665990839936,-0.054822118406737674,-0.510910681005381,-0.6282168302038427,-0.10896504073114388,-3.7105432350587577,16.600159616919395,-0.948653466651006,-0.2264654825233876,-0.07208886800642444,0.0,-0.6889561671617361,-0.11143613074930614,-2.392228290542942,12.450119712689546
-0.11561982435270846,-0.6198948159519055,0.03590509819275811,6.453732928684776,0.5275969480087461,0.01653859892193177,2.1275375846024893,12.450119712689546,-1.7276639752393352,-0.47726114887970184,-0.14552731092651616,-9.667560191211262,-1.0844472028778807,-0.1648938101973425,-13.993755535293548,12.450119712689546
2.0289778088203425,-1.3627428633453995,0.23653262022204036,23.754342136147095,2.034583677783308,0.21232645862241628,20.124090815669895,8.300079808459698,-0.3251511458780998,-0.5629212361837617,-0.014224065121422436,-0.08645766535271093,-0.3195452769151341,-0.03843022672104651,-3.7167089858299107,8.300079808459698
0.24693744056119016,-0.7994173785430618,0.042899883978455344,8.32939260603851,0.20396363245618332,0.015185232464483944,5.781950897332486,8.300079808459698,-0.9803189290363834,-0.42750072341300616,-0.07605107255314142,-0.12175707219243037,-1.0232927371413902,-0.10376572406711282,-2.669198780898455,8.300079808459698
1.283328601269428,-1.8726659609704974,0.24575293546766752,29.16028330140914,1.7304834087424439,0.2105901280105591,24.75556990909784,12.450119712689546,-2.102909688896837,-0.6306594441836033,-0.15458050000111234,-0.10325507290774993,-1.655754881423821,-0.18974330745822077,-4.507968465219051,12.450119712689546
-2.3474071226977644,-2.726158341930816,-0.14596340827227836,10.296692496615258,-2.1520126468405287,-0.20439157551589157,0.32700546978965406,24.90023942537909,-5.993151103235961,-1.3648350614603295,-0.46171450733379105,-27.359030472150806,-5.797756627378725,-0.5201426745774043,-37.32871749897641,24.90023942537909
-1.755815160639651,-0.881507633428189,-0.10110311403784555,-6.472195577089092,-0.8596092660512644,-0.14725594774847484,-9.793626927911713,16.600159616919395,-2.5068475145261004,-0.7709695650075368,-0.17949107735569347,-4.213828844006663,-1.6106416199377138,-0.22564391106632276,-7.535260194829284,16.600159616919395
-1.1308762675338535,-0.7116931323174143,-0.07733073591307416,-6.768748901741823,-1.001888974599141,-0.08659583970041845,-10.471028697188594,8.300079808459698,-1.2981002095961536,-0.35325443259965006,-0.09515584264042432,-1.3685337408626665,-1.1691129166614411,-0.10442094642776861,-5.070813536309437,8.300079808459698
-1.0860910016184064,-0.12193961799055053,-0.08106199684322846,-2.4123384803607415,-0.609294548730622,-0.08631506036236858,-3.20476173795846,4.150039904229849,-1.0860910016184064,-0.12193961799055053,-0.08106199684322846,-2.4123384803607415,-0.609294548730622,-0.08631506036236858,-3.20476173795846,4.150039904229849
0.14349449681656523,-1.263241109007664,0.11596080200230807,19.381087298620557,1.2765335469932175,0.11440036169070955,14.879880065132156,12.450119712689546,-2.3664292179929705,-0.5569800720500346,-0.16461432739234638,-0.1069037814991276,-1.2333901678163182,-0.1661747677039449,-4.608111014987529,12.450119712689546
-1.0979808794986612,-1.4816413500116496,-0.032286252450756225,12.132175132293426,-0.5709123128865734,-0.04758714541419473,6.942436695561781,12.450119712689546,-3.1825022376651413,-0.5626457755673648,-0.24092334812987026,-1.671267117332981,-2.6554336710530535,-0.25622424109330877,-6.861005554064626,12.450119712689546
3.7294412164261326,-2.0624308085494985,0.39472844958166703,27.227709952845053,3.5904602787571127,0.36486838224620416,24.184363998436083,8.300079808459698,-0.28775392578110903,-0.4543810914557991,-0.016199593894177355,-1.4210854715202004e-14,-0.35877071923355874,-0.030536904181742985,-1.5026991104530865,4.150039904229849
-1.3334908857780325,-0.7507888140677785,-0.10174298130920278,-12.716264322179995,-0.9978254851882085,-0.1193705139290735,-18.405489124072716,16.600159616919395,-2.48028336667232,-0.6571617964391123,-0.20759253123014615,-20.958119904342546,-2.144617966082496,-0.22522006385001686,-26.647344706235266,16.600159616919395
-0.9527874138701922,-1.4740078183357248,0.003812512366645593,6.241781597023298,-0.21546694144949363,-0.009497541042915225,2.0930974368439763,12.450119712689546,-2.540733474801792,-0.7594954913485505,-0.17715600088271832,-11.807342857235469,-1.8034130023810935,-0.19046605429227914,-15.95602701741479,12.450119712689546
1.3545114279039039,-0.9668923650058971,0.1529499675280011,4.568700827426753,1.565512454782536,0.14221405625514916,1.7211727765951963,8.300079808459698,-0.9255211863881341,-0.30212412766607244,-0.06937535217858798,-3.3671017947604653,-0.821378021019159,-0.07461520770882085,-4.774141940229647,4.150039904229849
1.0276758634092387,-1.1515292731416995,0.10506094820186818,6.090589513938703,0.9303208417126285,0.08367471591983278,2.452991128564875,8.300079808459698,-0.4764689192241489,-1.2089644492330063,-0.025852374010934848,-0.2984764905729733,-0.5738239409207591,-0.04723860629297025,-3.936074875946801,8.300079808459698
1.1987325130610849,-2.1714070497264704,0.16361287032372618,18.72708310438883,1.2134758023630177,0.12022507081767808,12.612316416009381,16.600159616919395,-1.9883167509583188,-0.6221277312810312,-0.15237758976619387,-5.684341886080802e-14,-1.981843175058895,-0.1836852627704038,-4.533933579887339,12.450119712689546
-1.353859559978198,-0.8485996728253262,-0.06980786330264088,0.3682898934001635,-0.5458203878988099,-0.11035840271062336,-4.157483388163552,16.600159616919395,-2.8335683983323303,-0.8314799805683482,-0.2105248907835665,-1.610107715622778,-2.0255292262529423,-0.251075430191549,-6.135880997186494,16.600159616919395
1.5545955393505895,-0.824325232574239,0.0996877494067912,12.566897084840498,1.2084644869694294,0.08696879759076256,10.025529966589424,4.150039904229849,0.0,0.0,0.0,0.0,0.0,0.0,0.0,0.0
-0.8851033583963108,-0.4298676302068465,-0.06102448429126983,-11.194497597581812,-0.5526002845779976,-0.08843365181886687,-16.82840670199538,12.450119712689546,-2.6381487956802285,-0.23751655635660462,-0.2233762318137375,-28.195886138461535,-2.3056457218619153,-0.25078539934133454,-33.82979524287511,12.450119712689546
0.0,0.0,0.0,0.0,0.0,0.0,0.0,0.0,0.0,0.0,0.0,0.0,0.0,0.0,0.0,0.0
-1.9746580828108762,-0.7783946688494066,-0.13676515512001897,3.466427803854444,-1.3224518930118112,-0.21104287075494066,-0.7336719577949466,16.600159616919395,-2.8602222239570985,-0.8999483208197692,-0.2233890720453846,-5.365136059892308,-2.2080160341580335,-0.2976667876803063,-9.565235821541698,16.600159616919395
1.8761006128097835,-1.2034707912957021,0.24210389384703568,23.260457915148308,1.8991345339261168,0.22669151854208702,21.36060602258369,4.150039904229849,-1.8737375089718844,-0.3116140991348395,-0.1618255782809228,-0.44239335880730124,-1.8507035878555511,-0.17723795358587147,-2.3422452513719207,4.150039904229849
0.9909943257327303,-2.0230685228264793,0.05124623176365189,-1.761087712970955,0.34040858858966905,0.024183844389296494,-7.484319875767447,12.450119712689546,-2.2941840444145156,-0.6588409181979387,-0.17875510788384974,-11.794067380161593,-2.731528433861208,-0.19601455551977484,-15.548167705424746,8.300079808459698
-0.46428719776505645,-1.0986002072839955,-0.04565049126488328,4.152705010453559,-0.9975298057940174,-0.09986874363474818,-1.7871953454959737,16.600159616919395,-2.900726510385321,-0.5569465320063376,-0.2687856774625822,-10.828069181630966,-3.304715797767377,-0.30779376226343,-15.234806160569349,12.450119712689546
0.24097972565491066,-1.2129092058470494,0.06894398273829422,9.03196585396838,0.5770030148347871,0.05134884717922483,5.622139881865031,12.450119712689546,-1.7990941102772995,-0.47201891424573184,-0.1426607761550932,-10.496326546966849,-1.463070821097423,-0.1602559117141626,-13.906152519070197,12.450119712689546
1.9407834359560514,-1.261549450123745,0.3047221882032759,30.63530443851619,2.19043788502913,0.2968637632972664,29.160810185853446,4.150039904229849,-0.5910790151675069,-0.28774081454059797,-0.03242977113162182,-0.10122383460847573,-0.3414245660944282,-0.04028819603763134,-1.5757180872712198,4.150039904229849
-0.2316313979221274,-0.7009316283333433,-0.015825925050787865,2.733760599855124,-0.4958727500818716,-0.04119673854820108,-0.8138880639596664,8.300079808459698,-0.8290137225979155,-0.12096904867082969,-0.06219448567525743,0.0,-0.9627609425654216,-0.07439218187630298,-1.7339085421955502,4.150039904229849
-0.36054428412986006,-1.0232574652442228,0.019381961112054702,8.182373398883477,0.35947909527738187,0.018945761147003637,3.5844187745247,12.450119712689546,-1.7773330694436762,-0.4471975890810622,-0.14240175878450817,-1.3343133851477944,-1.0573096900364343,-0.14283795874955924,-5.932268009506572,12.450119712689546
0.2158057816733283,-0.6649760743392417,0.0764565841156124,6.692160911989152,1.1103181675056195,0.057899593185664844,2.743365846972246,12.450119712689546,-2.3373947752945767,-0.3401701702798867,-0.18839431501444903,-7.170350438015149,-1.742724845162913,-0.2008932836388133,-9.783278156398286,8.300079808459698
-0.035311308942764796,-1.1378050901536714,0.027631081491195808,0.46668203372301065,-0.013783221520258238,0.003649163350019302,-2.4062335039865985,8.300079808459698,-1.8850683197116025,-0.5730043019477069,-0.13880704362245494,-0.4547718562760039,-1.863540232289096,-0.16278896176363145,-3.327687393985613,8.300079808459698
2.2514796443799945,-1.8619208679444323,0.16560244078906192,16.83910099584522,1.5389251134280468,0.13093659490081141,9.899120074321708,16.600159616919395,-1.927401673240814,-0.5695422876425482,-0.15521229922130672,-3.7742059798530505,-2.4666442306892855,-0.18008281803029033,-8.823929421821859,12.450119712689546
-2.5321249136560198,-1.769420969492895,-0.17730909123704072,-1.606237730566292,-2.2986876097911946,-0.21636549905093846,-10.518696871633225,24.90023942537909,-4.995308371919771,-1.582573577237964,-0.3798955561077981,-9.753999715345763,-4.761871068054946,-0.41895196392169587,-18.666458856412696,24.90023942537909
-2.410633929266326,-1.1081700024682117,-0.20028336936377938,2.573231766288231,-2.332267653350195,-0.24027085329863107,-2.3668120610691368,16.600159616919395,-2.8984249993840416,-0.9343025376468539,-0.2474029914457424,-5.292013108996073,-2.820058723467911,-0.2873904753805941,-10.232056936353441,16.600159616919395
1.3339506987443794,-1.5896821625796171,0.13823927293397903,10.715222229690212,1.3663176654212572,0.10778180478202765,4.12910683257239,16.600159616919395,-2.084883010894334,-0.7765214976004415,-0.1568528686222027,-2.3585727499444857,-2.065651518526135,-0.1788926274690829,-7.219988495996063,12.450119712689546
-0.6465226672998092,-0.2424940718075188,-0.035245500437666166,-0.799441194490889,-0.33898632524376104,-0.04502855673674544,-1.6878285630630323,4.150039904229849,-0.7901932464614347,-0.2412390789324519,-0.048353802919486544,-1.822867726488738,-0.48265690440538656,-0.05813685921856582,-2.7112550950608814,4.150039904229849
-1.3548618862401218,-0.523595300063695,-0.10754739865234714,7.855451319872046,-1.7150228628903808,-0.16298264343138877,1.3921153350521465,16.600159616919395,-4.064570655250732,-0.9756488736407611,-0.3453683594148256,-7.499884854147375,-4.4247316319009915,-0.40080360419386724,-13.963220838967274,16.600159616919395
0.8081512112906752,-0.7930184669548659,0.11565391529703406,7.414480903577491,1.2922037592367097,0.10631686530692386,4.373208534093138,8.300079808459698,-0.7667647357918916,-0.25227959414019985,-0.04991622267848028,-0.40096301214223473,-0.28271218784585717,-0.059253272668590484,-3.4422353816265883,8.300079808459698
-1.6177966204943495,-0.7327119192329121,-0.10059187828871452,-0.402194653883825,-0.5304325234167351,-0.11727332218769637,-4.660520188141206,16.600159616919395,-2.737561230958696,-0.7241341535263182,-0.20904192147395317,-0.402194653883825,-1.6501971338810817,-0.22572336537293503,-4.660520188141206,16.600159616919395
-0.5675571948336788,-0.6248689482617937,-0.017049758739703602,5.734002116277608,-0.011088343601950434,-0.03756310925399464,1.1292169862738461,12.450119712689546,-1.5589394812544288,-0.7858722568219836,-0.09153771260614307,-1.7583015920125789,-1.0024706300227004,-0.11205106312043411,-6.363086722016341,12.450119712689546
1.8783921693143801,-1.0313469893763827,0.1917097021501064,12.303111430722154,1.984128021298437,0.18552414690859464,10.196591876909892,4.150039904229849,-0.54324630573237,-0.0697605389392173,-0.04057223713232455,-3.2571720286048276,-0.4375104537483132,-0.046757792373836315,-5.36369158241709,4.150039904229849
-2.8550548749573856,-0.7794987626634082,-0.23091022709550496,-2.1369948559533114,-1.872801636405086,-0.2643154722000723,-6.149047769055681,20.75019952114924,-2.690538694387934,-0.7705883765482664,-0.21501208185948373,-0.510910681005349,-1.7082854558356342,-0.24841732696405106,-4.522963594107718,20.75019952114924
-0.7501083961511279,-1.3445272358300802,0.007325783447640011,-2.7948320558979773,-0.16262176401145023,0.010413426336475795,-5.198818881764801,8.300079808459698,-2.467913964992152,-0.9121694748808054,-0.1704042615178577,-13.192523846448246,-1.8804273328524745,-0.16731661862902192,-15.59651067231507,8.300079808459698
1.4681267807217235,-0.6438854650342591,0.16313735378060046,14.658578189180812,2.0253602425992945,0.1654417176844586,11.803282345002298,8.300079808459698,-1.7002746752243114,-0.2754799542516597,-0.13161534055798674,-5.998872165456731,-1.1430412133467405,-0.1293109766541286,-8.854168009635245,8.300079808459698
-2.4997207140152744,-1.7978462346404491,-0.14389833403568636,11.364464130965334,-1.9804065902732093,-0.20819035716651885,4.278454357340603,20.75019952114924,-4.391614077119765,-1.1550576966409842,-0.32342112686980773,-2.7606412118582426,-3.8722999533777003,-0.3877131500006402,-9.846650985482974,20.75019952114924
-0.8719122684847083,-0.19598601742358923,-0.06692229045556108,-3.6730436691562396,-0.44127537972247133,-0.09196123490402519,-5.480762000640926,8.300079808459698,-0.9505703826151901,-0.3330179074008761,-0.06327844658653548,-7.974030284901978,-0.5199334938529532,-0.08831739103499958,-9.781748616386665,8.300079808459698
1.6595134845160509,-0.9347441750137016,0.13916942624629863,20.483873536517493,1.4310314365070909,0.11740634633062294,17.05106892099726,8.300079808459698,-0.37196816915374686,-0.23337358021857924,-0.02855764702589539,-0.33842618883731745,-0.4877124858161608,-0.039051030696987454,-2.0770379089133755,4.150039904229849
-0.08615630173287592,-0.32890257094023845,0.0116350026028893,1.0658141036401503e-14,0.15502963598965636,-0.013318129175628801,-1.6672310042646892,8.300079808459698,-0.1917637213230572,-0.32736390714657304,0.0011977338685688066,-0.22182987324038805,0.04942221639947508,-0.023755397909949294,-1.8890608775050879,8.300079808459698
-2.6579251705959983,-2.4513703609552735,-0.13466919606291822,6.995581869271298,-1.5036405731902347,-0.19310370122914705,-5.516582043875307,33.20031923383879,-6.124573886918738,-1.6404402144094732,-0.426943703305877,-9.34831529374619,-5.127700921368117,-0.47723613060405173,-20.200330893375508,29.05027932960894
-0.411862593539003,-0.7352312515204744,0.0029919002686911167,-3.8379440357895085,0.20830348470495252,-0.004874007220808663,-7.7660013627048095,12.450119712689546,-2.4578801860009714,-0.4801218357135042,-0.20696686391570723,-12.343070212958498,-1.8377141077570158,-0.214832771405207,-16.2711275398738,12.450119712689546
-0.11032152562366893,-0.63424848591443,0.0028806100359858866,6.015088686944402,-0.1829093318166386,-0.034525470430727345,0.812750509386639,12.450119712689546,-1.8284215747804256,-0.5310963495604462,-0.14686111504403337,-3.447952257170094,-1.8798470348267093,-0.17086012211475243,-6.853310530206336,8.300079808459698
-1.9663097967643317,-0.7362327757480429,-0.13460162325973757,1.3800099164337887,-1.1388827701047433,-0.15855879622967506,-2.300827095237487,16.600159616919395,-2.44914290808691,-0.6875632839466626,-0.18049671277865742,-1.0808978575769572,-1.6217158814273214,-0.2044538857485949,-4.761734869248233,16.600159616919395
-0.17104584017217928,-1.8780338740959248,0.06438251109009141,25.584958807823874,0.3121087828297453,0.02403123243947336,19.36715182518836,16.600159616919395,-4.867619928531175,-1.0864550619637647,-0.36955734393811124,-0.09655638475008033,-4.38446530552925,-0.4099086225887293,-6.314363367385596,16.600159616919395
-3.7451527900907324,-1.2074269271159839,-0.2474738621307973,-5.443877851640643,-2.7779060217552276,-0.27057534327498317,-8.712924269814792,16.600159616919395,-4.0248725764884465,-1.2781272446325733,-0.26908522370450666,-5.9124608019097025,-3.0576258081529417,-0.2921867048486925,-9.181507220083851,16.600159616919395
-0.38670028800265044,-0.4970418394772924,-0.021845342429450243,-1.5533976723387184,-0.2920578945781793,-0.03660081166468465,-5.581539887313895,8.300079808459698,-2.518573529156276,-0.4438782512974999,-0.2162179851644458,-1.1454338768833807,-2.423931135731805,-0.2309734543996802,-5.173576091858557,8.300079808459698
2.0449120225518813,-1.5371272527258917,0.2719524611585762,27.366157294761436,2.235882612320572,0.2362394802094826,22.677958090022322,12.450119712689546,-0.17207569050385896,-0.29036514171605177,-0.004490758986205656,7.105427357601002e-15,-0.047228874034566104,-0.027501661414501388,-3.140761820232818,8.300079808459698
-1.6363925659078182,-1.550523588598642,-0.05776284977316748,0.13458581303745376,-1.2077386593302153,-0.07171727399370997,-3.1355216077960577,8.300079808459698,-1.647063277610683,-0.38101698869840384,-0.111310283368519,-2.1316282072803006e-14,-1.434036908692371,-0.11811057205573439,-1.6181385524626961,4.150039904229849
-0.8638524809380543,-0.7210933922678073,-0.04733280001538476,-9.064476103152934,-0.546759096098115,-0.08296193816758424,-13.235718627905051,12.450119712689546,-1.725235499030764,-0.3196727705755382,-0.15134841009361893,-9.472057523715442,-1.515855292056023,-0.17440749334507494,-12.235796131587662,8.300079808459698
1.0401398743447476,-0.45920763170534507,0.10375399705690319,10.759939874561795,1.2420611001622062,0.07203520898962723,5.287880341006492,12.450119712689546,-1.11261318754603,-0.2509000492574245,-0.08569113549421215,4.263256414560601e-14,-0.9809961467194261,-0.106245420717545,-3.5854314659151925,8.300079808459698
-1.7991033389280098,-0.7012476558993725,-0.13198003901452443,-0.9403025257310986,-1.5890477459672425,-0.14794913929566922,-6.344492564527513,12.450119712689546,-1.880329345361198,-0.22908250919453366,-0.14354233786314533,-1.3500311979441904e-13,-1.7436660085067945,-0.15398911629323084,-3.562013689288065,8.300079808459698
2.466233895508129,-1.471542427651631,0.3280417129045693,28.20723679597209,3.0898856382304487,0.2986963338590237,23.674709088407315,12.450119712689546,-2.0922150426507136,-0.6139151939440097,-0.145653419561659,-0.1012238346084402,-1.4685632999283937,-0.17499879860720458,-4.633751542173215,12.450119712689546
0.49936470199114513,-1.576156087112789,0.11275482057883623,6.605254924282807,0.7787670074650865,0.0948396195825435,3.6912089526295553,8.300079808459698,-1.4970848488164101,-0.5578308019642684,-0.09704296635898263,-3.3398236031980346,-1.2176825433424687,-0.11495816735527536,-6.2538695748512865,8.300079808459698
-1.030655823782567,-0.4697976673993729,-0.048298287832945874,-0.5109106810053703,-0.23937968483340555,-0.05628709832365275,-2.100739614641409,8.300079808459698,-1.6967731064423397,-0.4232303573594933,-0.11564251893453381,-6.829588606585411,-0.9054969674931783,-0.12363132942524069,-8.419417540221449,8.300079808459698
2.012142686470497,-1.7441329189627268,0.28886699423602324,20.62638253309529,2.5181822003397025,0.2778454557045701,16.010111554982295,12.450119712689546,-2.9319980582860117,-0.4526476407653881,-0.24689852774189497,-0.6113134724852856,-2.4259585444168064,-0.2579200662733481,-5.227584450598279,12.450119712689546
0.19398228265448125,-0.5536666054577797,0.018284166705073185,6.848939662397278,-0.06324001805178003,-0.012830407092047358,0.841668693587863,12.450119712689546,-1.0133811584533747,-0.24632898483329058,-0.07745696447962007,-5.83978872902906,-1.1880279616880207,-0.09736597580116,-9.778277166902583,8.300079808459698
2.6982080726875033,-1.5460391589260016,0.37326971877131765,21.781545871435416,2.949700638014808,0.3503174397142844,18.901257415220943,8.300079808459698,-1.1147522233581952,-0.18882937090116236,-0.09146581368431661,-4.263256414560601e-14,-0.8632596580308904,-0.11441809274134984,-2.8802884562145152,8.300079808459698
0.5958640568033635,-0.7993425922122466,0.06583219766445389,7.4130254168908465,0.5135766573907574,0.047639823383649416,3.6463223707231407,8.300079808459698,-0.22253307949471335,-0.17989641947238688,-0.017856327437543812,0.0,-0.264827750329677,-0.026620857310760526,-1.8424038323969967,4.150039904229849
0.985649165993463,-1.3136496209774045,0.13615482639214294,13.656187881919411,1.2254949423027295,0.1252782136877849,10.790335988214022,8.300079808459698,-1.3932692430610683,-0.4200475196004163,-0.10261417322650629,-2.822781510833309,-1.2746932097584152,-0.10793442207976495,-4.240353448798729,4.150039904229849
1.4962650906578778,-1.4099493770398297,0.129784981840241,19.651134063827172,1.2433414768358464,0.11116824875847928,15.900739632688776,8.300079808459698,-0.361561024368251,-0.16819120789093134,-0.030029153669138768,0.0,-0.4894440216706708,-0.038969167232894224,-1.836335694007893,4.150039904229849
-0.5651880545805898,-1.6432430793634794,-0.004103757330430502,17.423721343196366,-0.4799302617439327,-0.051720012373382085,11.944589721892132,16.600159616919395,-2.614887097634311,-0.8970814665191185,-0.22291314568905546,-0.11101179572442277,-2.5296293047976537,-0.27052940073200704,-5.590143417028656,16.600159616919395
1.3906314061089553,-1.1896741441654441,0.12903150115632359,-4.973799150320701e-14,1.0090922988766904,0.08321711803765014,-6.117557798137696,16.600159616919395,-0.4296668078880739,-0.5745480915490297,-0.03439231283700084,-4.973799150320701e-14,-0.8112059151203388,-0.08020669595567428,-6.117557798137696,16.600159616919395
1.1048899534332293,-0.27109636936614123,0.11793466776469486,14.366956647974405,1.2934586585699783,0.10574057777597168,12.66841251344708,4.150039904229849,-0.6098680251350963,-0.011039478892092447,-0.052696336388078246,-2.203829256559075,-0.42129931999834724,-0.06489042637680142,-3.9023733910863996,4.150039904229849
-2.5086904714156644,-0.6853224653798353,-0.18502236174812037,-4.450841521490865,-1.5523713614739698,-0.2183782450933921,-8.462894434593224,20.75019952114924,-2.2716732403815776,-0.5433348475691293,-0.16916541224050352,-5.810808878262019,-1.315354130439883,-0.20252129558577525,-9.822861791364378,20.75019952114924
0.8343590110733157,-0.8997155412637117,0.09548590616784619,7.682839307466232,0.8968926657297205,0.08838323639201418,5.777355429959378,4.150039904229849,-1.2380326070957404,-0.39737216530332553,-0.09240342486678971,-0.08153735177186405,-1.1754989524393356,-0.09950609464262172,-1.9870212292787173,4.150039904229849
-0.29521619734314,-0.8207766176413678,0.0014657559170157541,4.032236899524875,0.019822120745893734,-0.015660305218057724,0.7018878347715507,12.450119712689546,-1.635074988473395,-0.6753357521709038,-0.1253310529460519,-5.615158489790893,-1.3200366703843613,-0.14245711408112538,-8.945507554544218,12.450119712689546
-0.15067097676761776,-0.30459797456900084,0.013955475481037372,-1.468228477019462,0.5952164785425715,0.020740428907688235,-3.936875514542539,8.300079808459698,-1.167317618348072,-0.29280016138098475,-0.08674636773209576,0.0,-0.4214301630378827,-0.0799614143054449,-2.468647037523077,8.300079808459698
-1.1134205947427755,-0.6966290166912152,-0.05923913589168417,-0.3539380435433799,-0.439273195255363,-0.08585416410844682,-6.585620484755374,12.450119712689546,-2.103559732747251,-0.3149508356764592,-0.18479395143313082,-9.42678587249457,-1.6556906873481436,-0.20208112080433438,-13.51497180459696,8.300079808459698
-1.2258413104508925,-0.6912650943983216,-0.07920324735602857,4.408022034908232,-0.9351270788878319,-0.1588977519998771,0.4505695538177825,16.600159616919395,-3.1005444663533943,-0.6955778323898407,-0.2706489258087112,-8.6301717663254,-2.8098302347903337,-0.3503434304525597,-12.58762424741585,16.600159616919395
0.7920131871875791,-0.8802566149053899,0.09697338909827763,16.1120674278621,0.886391216812199,0.0802257697052936,11.442541573628226,12.450119712689546,-0.8172367808950254,-0.6413311113359565,-0.067584264199539,-6.319671462452689,-0.7228587512704054,-0.08433188359252303,-10.989197316686564,12.450119712689546
2.171284698370557,-1.9103555873677927,0.21762886824733702,14.690962322655846,1.8110723482597457,0.1601402648448953,9.103401494209653,16.600159616919395,-1.1323079165913352,-0.6640302897944608,-0.08449278660682921,-11.258462992914538,-1.4925202667021464,-0.14198139000927093,-16.84602382136073,16.600159616919395
0.5963159836749554,-2.6689265996768565,0.041587298352259244,16.06590614223078,-0.05002395037763119,-0.004526008256868053,5.139345589720868,24.90023942537909,-3.339763580009625,-1.160679379426183,-0.2641878680330276,-4.642950186701803,-3.887581740424184,-0.3010228574934699,-13.936390648256406,20.75019952114924
-0.8141639575816928,-0.18474140645656334,-0.06806161576581726,-9.508706695996015,-0.36336809355155264,-0.11463270422945737,-11.96546668317151,12.450119712689546,-1.0765630825079642,-0.15646280820801195,-0.09711855687978488,-11.841093286975767,-0.625767218477824,-0.143689645343425,-14.297853274151262,12.450119712689546
-0.34919198417724395,-0.48388631347965827,-0.0004770522630029861,3.541654033524555,-0.05951199285019193,-0.026385429696332285,0.5468674407549159,8.300079808459698,-0.5751071030811294,-0.4058019202750227,-0.028645462067819816,0.0,-0.2854271117540774,-0.054553839501149115,-2.994786592769639,8.300079808459698
-2.202460871131451,-0.7929815952823418,-0.16046320075672704,-6.328020244789666,-1.8134568657472316,-0.18097652381922458,-8.72024853533264,12.450119712689546,-2.202460871131451,-0.7929815952823418,-0.16046320075672704,-6.328020244789666,-1.8134568657472316,-0.18097652381922458,-8.72024853533264,12.450119712689546
-1.535279932742828,-1.8079706087321235,-0.09176072461454388,-5.035194173690705,-1.0073276670898856,-0.1151385399521565,-11.256183405637437,20.75019952114924,-2.9796930546851508,-0.6656421796963539,-0.2485727796805533,-16.012174858099492,-2.562693349635481,-0.2671230084373253,-20.97202723321117,16.600159616919395
-1.7178030898286512,-0.6241298047132826,-0.11868818612987453,-8.903991059297745,-0.5833207979344168,-0.10939034018502347,-12.103623613351157,16.600159616919395,-2.104532523009639,-0.694940746482942,-0.15101111420522073,-9.836349589280857,-0.9700502311154047,-0.14171326826036967,-13.03598214333427,16.600159616919395
-1.6919241340827904,-0.9490043575210336,-0.08712229975657737,0.566602661111137,-0.9911009028078945,-0.15434296888524746,-3.5538639426732637,16.600159616919395,-2.70065394257848,-0.777961719082878,-0.1923986184400278,-0.5007253367819366,-1.9998307113035843,-0.2596192875686979,-4.621191940566337,16.600159616919395
-0.21484877402957459,-1.2372432901017056,0.030276465896321936,3.682719232880352,0.19476878778674767,-0.01007777594156245,-2.3240895360779987,16.600159616919395,-2.994915931825859,-1.065999404376047,-0.22394238856084375,-9.107453265906848,-2.5852983700095367,-0.26429663039872814,-15.114262034865199,16.600159616919395
-0.9612198787197102,-1.106403604440498,-0.05446294612547942,4.628285068653327,-0.7636426867861035,-0.09733613281294523,-0.7386946357164845,16.600159616919395,-3.3367404507041343,-0.9640825705495217,-0.2818141116066999,-10.188279676040501,-3.192494224923381,-0.31289185929873603,-14.18084585283119,12.450119712689546
0.7199565760482862,-0.5301018419244361,0.08939419272041016,6.308544003319884,0.9192272442931193,0.07184020249602419,3.1571130823744653,8.300079808459698,-0.927927537071449,-0.4264760772874272,-0.06887300858369544,-0.24207634853503635,-0.728656868826616,-0.08642699880808141,-3.3935072694804553,8.300079808459698
0.43468860570896606,-0.38780816594194434,0.060844743049296324,-2.7963525141640346,0.5207894864302842,0.005127960324073366,-6.745677275000549,12.450119712689546,-2.1589770562531863,-0.13032919303634216,-0.19942461260595523,-7.002683020239353,-2.072876175531868,-0.2551413953311782,-10.952007781075867,12.450119712689546
1.30148511518835,-0.3670911547386151,0.11099430629140644,9.704862291550086,1.4879019437148422,0.1027976904554655,6.362068193315807,8.300079808459698,-0.7693839686342185,-0.10100728496998634,-0.05782154749067048,-4.263256414560601e-14,-0.677854691876556,-0.06183821216575375,-1.6451050866561232,4.150039904229849
-0.0004980269014964733,-0.19700477281801554,0.002809762091846857,-0.004979219717860417,-0.040848439795859726,-0.007305336836446796,-1.9471067653719842,4.150039904229849,0.0,0.0,0.0,0.0,0.0,0.0,0.0,0.0
-0.3223501373713411,-1.1811368070116792,0.011996162479028127,4.324654038381034,0.03991819300166455,-0.019310740494258127,-0.5500400666135796,16.600159616919395,-2.3792101263601984,-0.5515942769131801,-0.1987510266224225,-6.913678138740742,-2.1114076201546483,-0.2216209956716953,-10.542234198518173,12.450119712689546
-2.0823735096244578,-1.5211066106401834,-0.13824388335551013,-3.1310540008104724,-1.3602530757309994,-0.1416990289306984,-12.191172275761197,20.75019952114924,-4.581622675853936,-0.5116395905331057,-0.34811490318068783,-16.500186812110066,-3.8595022419604774,-0.35157004875587616,-25.56030508706079,20.75019952114924
1.0661299826921766,-1.7844647745513278,0.10849978610609662,2.2021730040725345,0.9664723128654851,0.05943068938449758,-5.794410884287544,16.600159616919395,-2.1165903486192184,-1.010199276499689,-0.13294438813179427,-2.589709151160278,-2.1976644975919557,-0.16827382763751386,-8.494329445883672,12.450119712689546
2.19834462235824,-2.1619830570658625,0.28302128326942955,23.65502885880052,2.7601157789745043,0.275050131499168,19.064469413457317,12.450119712689546,-2.186651106365778,-0.5304629110368069,-0.15359713957623128,-4.263256414560601e-14,-1.6248799497495137,-0.1615682913464928,-4.590559445343246,12.450119712689546
0.8233275217102811,-0.840846255976631,0.1288782122166472,14.03966987468479,1.0553790913081498,0.12517480691062144,12.70124118890309,4.150039904229849,-0.723383102482833,-0.1357705006737273,-0.05587311747166823,-5.750159844552236,-0.49133153288496434,-0.059576522777693985,-7.088588530333936,4.150039904229849
-0.36908849317198644,-0.14004280332318153,-0.02230267334679037,-0.7998809191004277,-0.11618161466277854,-0.0314686821286031,-1.6612243682450298,4.150039904229849,-0.5129708572297673,-0.14687525353709674,-0.03510847361892844,-1.8238703765958384,-0.2600639787205594,-0.044274482400741166,-2.6852138257404405,4.150039904229849
1.4329321696338604,-0.9738299136906363,0.10497022483423922,2.0696096432914572,1.222488839150404,0.09588805769266895,0.03548574525017045,4.150039904229849,0.0,0.0,0.0,0.0,0.0,0.0,0.0,0.0
0.42173446953170934,-1.8675623354605193,0.09125283747411633,23.34500122555393,0.5308860082642752,0.027938826112444748,15.614706829949832,20.75019952114924,-2.6574803516690615,-0.6341526225955629,-0.20542274002888672,-3.1177196607774107,-2.576519821482637,-0.2540804460946955,-9.218482922495191,16.600159616919395
0.7171379542205258,-0.748093140415877,0.07550351981959486,5.756063977202089,0.7560385875781783,0.0523161044901852,2.227138387272525,8.300079808459698,-1.9221796104236022,-0.6117089592500804,-0.13562701108059905,-10.252954729182441,-1.8832789770659497,-0.1588144264100087,-13.781880319112005,8.300079808459698
-2.831223959038298,-1.074104047732403,-0.18925515438754636,-17.493000335120737,-2.10059717882789,-0.24430029718201085,-21.505053248223085,20.75019952114924,-2.6989613992521866,-0.8856354501752222,-0.18389838422086413,-17.493000335120737,-2.1200918313544426,-0.22678019166018715,-20.692632889174135,16.600159616919395
0.4078008867676619,-1.509216926214286,0.09278032463833213,7.064106835773146,0.4124420518922811,0.029924917514331018,1.096011257286463,16.600159616919395,-1.4534740829246662,-0.5822465704262498,-0.11399872513755765,-15.97474095857433,-1.448832917800047,-0.17685413226155877,-21.942836537061012,16.600159616919395
0.009806426137171087,-0.9323972967773262,0.05012258739419817,9.759790101397794,0.48902252437814653,0.0044780320084794045,2.8752429398811152,16.600159616919395,-2.3838506701485684,-1.321703768348554,-0.16808282703370192,-9.875753922921845,-1.7793060502618196,-0.2268153195113679,-18.29082152479471,20.75019952114924
1.3595170701859995,-1.6427372324075211,0.25715445693416816,27.180004602803983,1.740795039072296,0.2280627897930887,23.817495589003748,8.300079808459698,-1.6724663932228276,-0.775119981844993,-0.094823825424311,-0.10595133959947844,-1.2911884243365312,-0.12391549256539047,-3.4684603533997134,8.300079808459698
0.45028203139489964,-0.8401863722651335,0.03821200610327821,-0.8767590429487413,0.34211748276575804,0.025221197290776876,-7.149675109609248,12.450119712689546,-2.5935200731219465,-0.6615667991916041,-0.2094907467298665,-7.0290055060114796,-2.701684621751088,-0.22248155554236784,-13.301921572671986,12.450119712689546
0.6567641547393421,-0.3837794379302881,0.0921427184318453,11.079020679445883,0.902040728124609,0.08971813895782066,9.506579528699898,4.150039904229849,-0.5193149216356829,-0.022155773822273517,-0.048431996445936876,-8.39323779994676,-0.27403834825041606,-0.05085657591996151,-9.965678950692745,4.150039904229849
0.521630017982111,-1.2852709693808375,0.05747479600417721,6.177688534973285,0.5965069889465768,0.04999356730111543,3.0274286587011687,8.300079808459698,-2.8314653640726606,-0.45055753505317675,-0.2073599969486718,-9.540857473542772,-2.7565883931081947,-0.21484122565173358,-12.691117349814888,8.300079808459698
2.655622552639647,-1.5111492725425553,0.2256177583489038,6.3510838200230495,2.490239965868568,0.2121680735578656,2.7979263327711976,8.300079808459698,-1.3855201471202117,-0.5295079512114462,-0.11067718927002235,-4.344557242551474,-1.5509027338912906,-0.12412687406106054,-7.897714729803326,8.300079808459698
0.7101704786531604,-1.6088212102534332,0.13013984748716678,0.7861866565941256,0.9770724691537724,0.054124017112777256,-6.117557798137696,16.600159616919395,-1.0575214542378752,-0.7527612389054763,-0.04836206845920932,5.684341886080802e-14,-0.8624470676434459,-0.10309880277492534,-5.278510689555617,12.450119712689546
2.4912280218028826,-1.8835783431839523,0.23126646890914546,9.149260564037,2.3395342966963106,0.2202058622439791,5.245853538900427,8.300079808459698,-0.23486861204859988,-0.08490070877613576,-0.01936917115831091,0.0,-0.31217534133216596,-0.024682595925927503,-1.9148982849628524,4.150039904229849
0.39050100997797266,-1.1606195158759913,0.09969834926969767,8.385715533640564,0.6730708120758377,0.07715639449997014,5.43223424885192,8.300079808459698,-1.485946460185561,-0.5096874491663659,-0.10049730456305384,-9.83547971108905,-1.203376658087696,-0.12303925933278137,-12.788960995877694,8.300079808459698
-0.021773958854764963,-1.2361505434486109,0.053163738968411756,21.218308988060784,0.6441401761495102,0.03986240458568935,16.964948387785412,12.450119712689546,-1.9830297063398783,-0.5034927267889593,-0.12970492794661603,-2.1782394739158875,-1.5421200509211141,-0.13850405417082057,-4.983036033073283,8.300079808459698
0.40987635581777315,-1.6415582182003874,0.11263108993993032,22.68959054645715,0.6062218224676785,0.07249487250033526,18.15706283889249,12.450119712689546,-2.9414725207448367,-0.9827004925887586,-0.23028137545180255,-0.8348445018839499,-2.7451270540949313,-0.2704175928913976,-5.367372209448611,12.450119712689546
1.605791496688136,-0.6243304326761336,0.12304720767710214,19.83675695440298,1.5033575967075663,0.11541477964379351,18.27028798857367,4.150039904229849,0.0,0.0,0.0,0.0,0.0,0.0,0.0,0.0
-0.8546099796670648,-1.3225177185463917,-0.015428302301029095,-1.227868662659393,-0.4153478390516607,-0.03917295035077295,-4.089998982248666,12.450119712689546,-2.3123896367469587,-0.779437835784325,-0.16049703185496506,-1.3370065776609934,-1.8731274961315547,-0.1842416799047089,-4.199136897250266,12.450119712689546
1.7208688847967002,-1.7737568870552778,0.17577168682490174,15.248987612598132,1.5595172833075432,0.14587022322619633,9.32318065442458,16.600159616919395,-3.0006913175581684,-0.6454641273418726,-0.2575298555012011,-5.9544663287719,-3.1620429190473254,-0.2874313190999065,-11.880273286945453,16.600159616919395
-2.0824916646577485,-0.5798720215045101,-0.1562517921777723,-8.641521353437497,-1.8030759076952174,-0.1903390075355571,-15.02074115582164,12.450119712689546,-1.8679703625879451,-0.7027558183684448,-0.13423261084869403,-4.136747951114387,-1.6843625778979243,-0.15612886994930436,-8.836723740243372,8.300079808459698
-1.0166348786907475,-0.9400606717908442,-0.06257562589449406,11.194240624494235,-0.3758243265562955,-0.08593926058660684,5.039619115110739,20.75019952114924,-3.349293310734458,-0.31475438541889034,-0.29976949161520916,-4.542871029220301,-2.708482758600006,-0.32313312630732194,-10.697492538603797,20.75019952114924
-0.474297413157343,-1.08046167133495,0.013002349644116173,13.621578294258683,-0.06487170328712821,-0.06610573086352689,5.525906627019975,20.75019952114924,-3.2297213663289526,-0.7383527706810149,-0.30202356011989145,-2.842170943040401e-14,-2.820295656458738,-0.3811316406275345,-8.095671667238737,20.75019952114924
-1.893719605907096,-0.8835577290168874,-0.12599680094996624,-2.424351173819005,-1.6108473603859919,-0.18040906606927887,-4.816579464361968,12.450119712689546,-1.8497066480467783,-0.671704259401027,-0.13232947432972075,-5.892177810566711,-1.6633184869109918,-0.16731620240572498,-7.482006744202749,8.300079808459698
1.703026950380404,-2.3139388435433137,0.19910883089274833,4.814848465172737,1.5796061204858658,0.15830801540116635,0.282320757607998,12.450119712689546,-1.152530752845049,-0.3230680437011184,-0.08103228092851822,-5.125916921849772,-1.23824536083319,-0.10718985843262069,-8.111007244908144,8.300079808459698
-0.8006416027179108,-1.0124852043227008,-0.029225474257592365,-8.988013726863095,-0.6123312647735801,-0.07102064363466576,-13.014953472834556,12.450119712689546,-1.811263524862805,-0.8628724642051662,-0.12467206269722675,-7.146781012857851,-1.6229531869184743,-0.16646723207430014,-11.173720758829312,12.450119712689546
-0.8970001677037764,-0.9251737137642344,-0.04180514449612216,7.119067743600201,-0.34656758799236353,-0.07154920591989167,2.589696710784139,16.600159616919395,-2.2942422020897357,-0.5607933616128857,-0.18255847156682853,-0.07320972757503341,-1.7438096223783228,-0.21230253299059804,-4.6025807603910955,16.600159616919395
-1.9103875356142774,-0.5534883524081593,-0.134121241795634,-0.8862959174734044,-1.4099355194491237,-0.17122805448887268,-6.040748060769268,12.450119712689546,-2.684152758433389,-0.3191068190593498,-0.2111779500064812,-1.6745969121232065,-2.1837007422682353,-0.24828476269971989,-6.82904905541907,12.450119712689546
-0.4327566255205362,-0.973113525382292,0.02422809600607667,13.078090988665512,0.18511260512650285,0.00021476808463694042,9.091867706843072,12.450119712689546,-1.7052220819946173,-0.13735026129632466,-0.14341541781224787,2.1316282072803006e-14,-1.2952436250607935,-0.15913654396451848,-2.6358090403021848,8.300079808459698
-0.4525864311662131,-0.4651800723767163,-0.02968480284559738,-1.4210854715202004e-14,-0.40901646574322825,-0.04866934208129958,-2.850689371018156,8.300079808459698,-0.5549797738536366,-0.46430958681600565,-0.039254842489341024,7.105427357601002e-15,-0.5114098084306518,-0.05823938172504323,-2.8506893710181345,8.300079808459698
-1.1150745845402765,-0.9426835115501451,-0.07749818135240416,-5.291254530023238,-1.1556491388369672,-0.11386517850713757,-9.896427256183859,12.450119712689546,-1.7505758186135312,-0.4008573351212519,-0.14062847989259042,-8.490341201608544,-1.7804292002678412,-0.16409647689493745,-11.534892424264989,8.300079808459698
-1.7939360816262129,-0.3558853109348217,-0.13968926930202552,-1.2930768721908095,-1.6150162160317727,-0.15904387901604206,-5.438522567561066,12.450119712689546,-2.478949818678311,-0.5388834486784244,-0.1956049946875047,-2.5638862536702405,-2.300029953083871,-0.21495960440152123,-6.709331949040497,12.450119712689546
0.9670224687799323,-1.3977825142979299,0.17454296541739334,27.164603124744247,1.3831708417453736,0.15427135158411787,22.81922532125995,12.450119712689546,-1.2681071204881933,-0.16417919817770077,-0.10943639811109301,-1.4210854715202004e-14,-0.9925515134497243,-0.1225586753964873,-2.8658518937054396,8.300079808459698
0.23894044834416128,-2.355137630037053,0.19160910691675948,19.71943004602399,0.8073912400716985,0.1577664438059111,15.736056467526591,12.450119712689546,-3.34998311356578,-0.9928208498801983,-0.23424487825718154,-13.261568387522615,-2.7815323218382426,-0.2680875413680299,-17.244941966020015,12.450119712689546
-1.6569882428061344,-0.7719896486704734,-0.1292838044662425,-10.574621573303979,-1.463654077948462,-0.18244651529361283,-13.77425412735738,16.600159616919395,-2.3928026807528147,-0.7042953292113037,-0.20282631973116877,-12.136617375038703,-2.199468515895142,-0.2559890305585391,-15.336249929092105,16.600159616919395
0.48154865604861374,-0.7389258899362616,0.0776915461294006,-0.1739288044442162,0.43953208632259155,0.017693391766845312,-6.317755265311245,16.600159616919395,-1.3095693294073119,-0.3695279067580248,-0.12727850017524428,-0.22145658987412986,-1.3437320897819571,-0.17059679516427634,-4.788742995199339,12.450119712689546
-2.830723878491126,-0.6891403660714843,-0.2056870089448486,4.618527782440651e-14,-2.0818504425031747,-0.24646647803564303,-2.9800959515540484,12.450119712689546,-3.3735090202415385,-0.6052057341670931,-0.26234073600981467,2.1316282072803006e-14,-2.6246355842535873,-0.3031202051006091,-2.9800959515540733,12.450119712689546
-3.287863271495217,-1.9557503626616253,-0.18025042219202647,17.85751203633999,-2.0796225898621623,-0.22105848413280216,11.007411705308087,20.75019952114924,-4.9281597003787425,-1.2590935268064207,-0.35322357382227226,-0.11011768101434427,-3.7199190187456876,-0.39403163576304795,-6.960218012046248,20.75019952114924
0.5492815041942869,-1.4227208816018013,0.14892615522872132,16.79957544734313,1.1049899449959266,0.1168637371540463,12.26704773977837,12.450119712689546,-2.9706453281674436,-0.6489993649708232,-0.22820590063575208,-0.1012238346084331,-2.414936887365804,-0.2602683187104271,-4.633751542173194,12.450119712689546
-0.5752766046355013,-0.324861359652191,-0.02338531647299813,-6.269381851893765,-0.10945541129419212,-0.05333242239805813,-8.876187635788138,8.300079808459698,-1.0888244380884213,-0.33046948302282964,-0.07031924411481272,-6.269381851893765,-0.6230032447471121,-0.10026635003987272,-8.876187635788138,8.300079808459698
1.549508271052158,-1.7003310587347098,0.2485239144911755,25.576937878595796,2.145014415790625,0.2387486813272972,21.306477574536256,12.450119712689546,-2.3410637086436203,-0.6527556586657841,-0.18410490470088137,-11.171011908331948,-1.7455575639051535,-0.19388013786475966,-15.441472212391488,12.450119712689546
0.33400038013276045,-1.6113333746865965,0.13903011493504147,12.721377153425241,1.0385247875561507,0.0855056041814044,7.481189184134831,16.600159616919395,-2.1135458681989183,-0.6796219147927864,-0.14103794019123483,-3.5144247741711325,-1.409021460775528,-0.1945624509448719,-8.754612743461543,16.600159616919395
-1.2196397268941848,-0.5879901706073163,-0.06249418258506334,1.0332959493335458,-0.31000187184337946,-0.09117177508487029,-2.242082572683767,12.450119712689546,-2.5772237052343447,-0.5991611732662925,-0.1940224927448041,-4.487571064819306,-1.6675858501835394,-0.22270008524461105,-7.762949586836619,12.450119712689546
-0.3103292330842278,-0.5026208651308774,-0.014183153648460511,-4.788284848944635,-0.14836582071182658,-0.024566973069868325,-8.4211906905036,8.300079808459698,-0.9392026523730612,-0.1920298803268583,-0.08004872414288206,-6.340369987236848,-0.77723924000066,-0.09043254356428987,-9.973275828795813,8.300079808459698
-2.999994219482227,-1.105635842935028,-0.17502697801951128,-0.5109106810053845,-1.9174610263053449,-0.21668401744887011,-3.710543235058797,16.600159616919395,-3.3292499679008936,-1.0376152868521782,-0.20736986707292326,-0.5109106810053845,-2.2467167747240113,-0.2490269065022821,-3.710543235058797,16.600159616919395
-2.6321244396076526,-1.1590261871103174,-0.17518208176612632,-4.140441038830907,-2.057120977459248,-0.21708111170600536,-8.666289189842956,16.600159616919395,-4.024891864661462,-1.1182971713631336,-0.30103738601273555,-12.571126421830293,-3.449888402513057,-0.3429364159526146,-17.096974572842342,16.600159616919395
-0.23545339062296478,-0.44687345384739174,0.018564985661333022,-4.485893695181652,0.784327617111602,-0.003344927686531607,-7.5650506117773695,12.450119712689546,-1.7783619964200312,-0.7206788396360881,-0.10006451551812179,-3.4862385553041975,-0.7585809886854644,-0.12197442886598642,-6.565395471899915,12.450119712689546
1.9589319645245462,-1.8290601504612347,0.24394594134715586,28.842176412462127,1.83926161970569,0.207507470028938,24.337767978844337,12.450119712689546,-1.229254288036552,-0.3628673129836688,-0.10683484122614337,-1.4210854715202004e-14,-1.3113268591700145,-0.13022859237044718,-3.0370460514172706,8.300079808459698
-1.789938715172413,-0.2652448980165314,-0.14785931789934115,-9.310253034736757,-1.0117042362054463,-0.20583071280353216,-15.014256142446978,16.600159616919395,-2.8820820201082684,-0.2159338227508414,-0.25453659183236865,-18.77365292067962,-2.1038475411413016,-0.31250798673655966,-24.47765602838984,16.600159616919395
1.8604894998102584,-1.2167066042835621,0.22616588746320088,23.12920530944176,2.159969789948301,0.1988529271724161,19.359356223633654,8.300079808459698,-1.382280600728647,-0.3829099973184267,-0.09026890937263032,-1.4176379612447363,-1.0828003105906046,-0.1175818696634151,-5.187487047052841,8.300079808459698
0.3639938138640275,-1.9089513825410602,0.13971804906303642,16.374043348308454,1.26377603300718,0.07356525538891745,9.43699155535736,20.75019952114924,-1.3568719365032456,-0.6519779580475671,-0.07327189660165945,0.0,-0.6429182919514886,-0.12432110665683238,-5.496709433213056,16.600159616919395
-1.0984009615291113,-0.8782981445795048,-0.056560137503455454,-9.863171180703478,-0.7612431735170011,-0.08636007778327315,-13.438411794944383,12.450119712689546,-2.3131445513776328,-0.6249754392865086,-0.1662492499573036,-0.4722296159094803,-1.9759867633655226,-0.1960491902371213,-4.047470230150385,12.450119712689546
1.5534163573020843,-1.133662272977995,0.17916890909168892,15.935241591200253,1.7131679729250004,0.1480803703343727,11.207434950266148,12.450119712689546,-2.383069606752186,-0.6025897521434977,-0.19142601040052426,-9.393287161626695,-2.22331799112927,-0.22251454915784047,-14.1210938025608,12.450119712689546
0.3661073375033519,-0.9724534366314952,0.06442125642536412,1.8230914071272863,0.6891099363388609,0.02984955637448994,-4.098185167536691,16.600159616919395,-2.197336520152504,-0.6250296071012098,-0.16854666135623886,-5.448055566547829,-1.9591584126000816,-0.19372883593031465,-9.931247799890706,12.450119712689546
0.5002395288553174,-0.7915215946279677,0.08560199097041343,6.366187853971116,0.8526817781835394,0.0656121731255388,1.5844128557946249,12.450119712689546,-1.4487619137796948,-0.2668076370033745,-0.1286418383111982,-8.924166509576622,-1.2158846341369323,-0.1416365977984218,-12.080734420542193,8.300079808459698
-0.7516102854061799,-0.8877790104006813,-0.001079389421541621,0.11847632616611747,-0.26913209769725555,-0.022759523027060524,-3.6552741774104476,8.300079808459698,-1.7964676394097046,-0.24030368204964958,-0.140005803438071,-0.9886678366948232,-1.3139894517007802,-0.1616859370435899,-4.762418340271388,8.300079808459698
0.5209114628396128,-0.47910950216243897,0.059379304646660414,4.110107960787666,0.7932008374919697,0.04561267187896689,0.3756632064030967,8.300079808459698,-1.3523517910359883,-0.4034929136266232,-0.09309790944593904,-0.37782533128478235,-1.0800624163836314,-0.10686454221363256,-4.112270085669351,8.300079808459698
-2.4625588274035826,-1.3514408034767111,-0.1494013737316942,1.2759122461644665,-1.9511842637814247,-0.18545707262104844,-5.9348941908562765,16.600159616919395,-3.5771898571903327,-0.9641530547731545,-0.24743700813488095,-5.793095338025239,-3.198573459791021,-0.27360532201364546,-11.123627552699006,12.450119712689546
-3.6462991237531828,-0.385156071625417,-0.27708200817234613,-14.801986914108038,-2.995771030228478,-0.31885008890565786,-18.627849722451554,16.600159616919395,-3.5383579073446914,-0.39281170791288567,-0.2679754284020122,-14.801986914108038,-2.8878298138199865,-0.30974350913532395,-18.627849722451554,16.600159616919395
1.428942059191174,-0.7310415566649873,0.17581315980000578,11.192948591240995,1.995091478315958,0.16669259325184482,6.3204247626754935,12.450119712689546,-1.2883317131144878,-0.5476929230035168,-0.09676425920927617,-2.010894432410815,-0.7221822939897038,-0.10588482575743713,-6.883418260976317,12.450119712689546
0.03859538669606266,-0.9064004459111654,0.06835352409097872,12.115951299633494,0.5505234953705038,0.049656614749471695,9.546886958380647,8.300079808459698,-1.342985189563505,-0.37654564102990484,-0.0862792961796418,0.0,-0.8310570808890638,-0.10497620552114884,-2.5690643412528473,8.300079808459698
1.6621475296599186,-0.8900858176838273,0.16747385862518216,18.474145248087314,1.7097632832571596,0.15570969972720305,16.866812381802635,4.150039904229849,-0.062329751083844975,-0.11888130436360989,-0.0011910524812095424,-0.01194509982281744,-0.014713997486603958,-0.012955211379188647,-1.6192779661074965,4.150039904229849
0.5212259315052759,-1.5166222238845979,0.10077763413732832,23.73460190432708,1.0248168507733801,0.06566792761315376,17.297131326568667,16.600159616919395,-3.9714599497275183,-0.7777636336062805,-0.286891605065705,-9.044506477422786,-3.467869030459414,-0.32200131158987955,-15.481977055181197,16.600159616919395
-0.553984895189096,-0.4869677354977835,-0.0010521573419886021,-0.5109106810053703,0.04848074562331561,-0.029981026815875556,-2.100739614641409,8.300079808459698,-1.3361260783273607,-0.34628757610325067,-0.08404668318871544,-6.068177043114197,-0.7336604375149491,-0.1129755526626024,-7.6580059767502355,8.300079808459698
1.8283918612040928,-1.1990926636494539,0.2299600449225193,21.19773100292343,2.08273317178016,0.20017492228225042,17.857349098785956,8.300079808459698,-1.058430904195684,-0.2863111002542027,-0.07124696360166882,-0.3367864756610075,-0.8040895936196168,-0.10103208624193771,-3.6771683797984807,8.300079808459698
-0.6006160322634679,-1.274079993515814,0.0004338666487568865,13.746362059361033,-0.3138973404857248,-0.05652892298128254,8.415823100488986,16.600159616919395,-2.406601990360313,-0.5434071514245709,-0.17917675522652482,4.973799150320701e-14,-2.1963226184907203,-0.22063983210336818,-3.962135125634134,12.450119712689546
0.7908637072987057,-1.6395738933633837,0.1559928226120073,26.0684612432235,1.431503687332203,0.1533237663226964,22.271980986305262,12.450119712689546,-1.45728117129158,-0.5124660273462176,-0.1036802428250787,-2.842170943040401e-14,-1.0324190672363232,-0.10564549788936428,-2.5047699061680433,8.300079808459698
0.10990385687086324,-1.893372187238791,0.07584807647468061,9.436957238687903,0.38810604954764294,0.04646351345658495,3.7279635416836925,12.450119712689546,-2.4317518711876485,-0.3732329119427167,-0.17341780416487462,-3.678156704793956,-2.1535496785108688,-0.2028023671829703,-9.387150401798166,12.450119712689546
0.7819528028983447,-1.7200298827365437,0.14569570729441672,1.0686748997618238,0.841711069464357,0.11126766139422539,-2.456482051692525,8.300079808459698,-1.9383799608963193,-0.6675706224888263,-0.13229705338517667,-4.570836789353137,-1.878621694330307,-0.166725099285368,-8.095993740807486,8.300079808459698
0.9608362178556318,-0.8862031024288601,0.10273387008464985,3.3813672760495663,0.873992303351323,0.06206439560019744,-1.9134335576284798,12.450119712689546,-0.7481187791468003,-0.48179414690272715,-0.05306559218067963,-2.030623597482375,-0.8088769790175698,-0.0791368619552803,-5.505088539209851,8.300079808459698
-0.6067439822141862,-1.0224049070393075,-0.016736986398362852,7.396977516660289,-0.29652648948166327,-0.03912170820512817,3.858032905935204,12.450119712689546,-1.7916321196512097,-0.9101201692716963,-0.13872256495539587,-1.8852201831963384,-1.4814146269186867,-0.16110728676216118,-5.424164793921424,12.450119712689546
-0.45829781679016435,-0.34666111842875935,-0.0025608513167323377,5.499334453172402,-0.07844387379864948,-0.013351382772267328,4.079712722875506,4.150039904229849,-1.4886936804813455,-0.26001780946789665,-0.10255067210347679,-1.1055849966847262,-1.1088397374898307,-0.11334120355901178,-2.5252067269816223,4.150039904229849
0.007386498848793721,-0.619153574563228,0.03241620030566772,-7.245129039468182,0.6820796016293373,-0.005288718167681061,-12.790223101281974,16.600159616919395,-3.4387640852207912,-0.3410822691567734,-0.2728280433391698,-7.245129039468182,-2.7640709824402476,-0.3105329618125186,-12.790223101281974,16.600159616919395
-0.2441216215897546,-0.49906096918775944,0.00633247875811449,2.1819478368429586,0.12483907643554559,-0.013708612185912239,-0.6709182413848218,8.300079808459698,-2.3363936079742853,-0.6772647304911583,-0.15676424614373374,-1.6712557740341296,-1.9674329099489851,-0.17680533708776047,-4.52412185226191,8.300079808459698
-1.8036451122259711,-0.7246116394180433,-0.11837660924305715,-6.757805234385799,-1.1999562028773614,-0.12342807610684009,-14.61234478156598,16.600159616919395,-2.816969365898281,-1.0831500807853853,-0.19223956781635357,-3.9895311057453,-2.213280456549671,-0.1972910346801365,-11.844070652925481,16.600159616919395
-0.5461012013215907,-1.521431900240378,0.05833223913357588,17.68922015417973,0.004435974346606031,0.015834036898314308,13.540535994000393,12.450119712689546,-2.154345350320529,-0.8595455078589396,-0.12768718273518664,-0.11101179572441566,-1.6038081746523325,-0.17018538497044822,-4.2596959559037515,12.450119712689546
-3.3516944035163476,-1.0784531842189242,-0.2783826834538421,-17.5978479769858,-2.914443841951675,-0.3163438816598957,-20.961910216514532,16.600159616919395,-4.025914526585184,-1.0020184432571266,-0.347180105165527,-18.3157205090582,-3.588663965020511,-0.3851413033715806,-21.67978274858693,16.600159616919395
-1.3364825845668005,-0.6840384587789945,-0.0895183474974745,0.6901212110514123,-1.1401921858814168,-0.1174983929083096,-5.4830500705797505,12.450119712689546,-3.145966998245475,-1.0301889462564144,-0.23571076760942228,-3.4382047160484888,-2.9496765995600915,-0.2636908130202574,-9.611375997679652,12.450119712689546
0.21682691952604927,-0.25410127171390684,0.05253784127616368,2.486013349462178,0.6721461023347715,0.05339512778817679,1.6120319696923833,4.150039904229849,-0.2508754143445415,-0.22475567188959644,0.0024524208732796815,-1.813405610761201,0.20444376846418066,0.0033097073852927927,-2.687386990530996,4.150039904229849
-3.2629290671387867,-1.449730323731771,-0.2516818682473277,0.06309321667929879,-2.444162343949663,-0.30101398114009775,-4.883374269298681,20.75019952114924,-4.998991870764158,-1.3577175944509126,-0.43788696704455793,-11.689291965352176,-4.180225147575034,-0.487219079937328,-16.635759451330156,20.75019952114924
-1.325454584059993,-1.4597320985603357,-0.052556562436370746,12.180919571055902,-0.9447055771625301,-0.1539310250012802,1.8469009617044279,24.90023942537909,-4.34706932796729,-0.9978096159176015,-0.3136187980503062,-0.010637690759395468,-4.038365065285632,-0.3949742644492135,-8.51813468544671,20.75019952114924
-0.28861907527011343,-1.4149340125181915,-0.01638932402243154,5.868342658401637,-0.4923674510219911,-0.04240637705500594,1.0676042194489597,12.450119712689546,-1.8132698805028546,-0.923454401076647,-0.14295079818944503,-0.31654203970964545,-2.0170182562547323,-0.16896785122201943,-5.117280478662323,12.450119712689546
1.8065225375959226,-1.356268675551398,0.17225219366195738,6.0146365993601805,1.84279137004002,0.1563318026666719,1.5755269527895663,8.300079808459698,-0.3604725615750981,-0.2739849472304652,-0.022124249780162197,-0.10768218010769459,-0.3440860178760108,-0.029834004920414603,-2.368331743864772,4.150039904229849
-1.0369630165768529,-0.8119881427859514,-0.03827273017634625,-2.194817562687266,-0.6474190994223408,-0.12491028010877026,-6.022611932299558,16.600159616919395,-1.819406839010762,-0.654891989157738,-0.11905034787990099,-2.194817562687266,-1.42986292185625,-0.205687897812325,-6.022611932299558,16.600159616919395
-1.550888762777758,-1.511117588304547,-0.050835148776814165,17.766403589356248,-0.8167365182923714,-0.06748706067922494,13.46860035276649,12.450119712689546,-2.4917344796791863,-0.7937432348266871,-0.15720500978858398,-7.1875884536062316,-2.00531280135563,-0.16818869680863302,-10.022253406458717,8.300079808459698
-1.0765346071462742,-0.7817513805557326,-0.04422834090894201,-0.510910681005381,-0.07188409536373896,-0.07266218055720686,-3.710543235058772,16.600159616919395,-1.2477001933232987,-0.7898341553686379,-0.0606348705449089,-0.5109106810053952,-0.24304968154076345,-0.08906871019317375,-3.710543235058786,16.600159616919395
0.05808504753055388,-1.1971154042425383,0.02457656008120296,5.641852396249291,0.13093907565653318,0.011220802363708315,1.0586759450680816,12.450119712689546,-2.282310569234536,-0.7679731312456912,-0.20668579346888355,-2.8099457924300495,-2.2094565411085565,-0.2200415511863782,-7.393122243611259,12.450119712689546
0.22218804499412137,-0.15309769558250075,0.03391531158026739,3.3370124509573778,0.5638288561048874,0.03239304812377808,2.059389404326236,4.150039904229849,-0.5659419094591112,-0.17831319896940023,-0.037856902448420104,-6.4080115944754255,-0.2243010983483451,-0.03937916590490942,-7.685634641106567,4.150039904229849
1.67252523086312,-1.3920834408347265,0.21052938654611075,17.30130653567756,2.053706701018543,0.18226042580690555,12.244815211295908,16.600159616919395,-1.7028692247040622,-0.5099382380744615,-0.13512731416646068,-1.884485876332242,-1.4210826358635797,-0.15593294678730374,-5.647051676878711,12.450119712689546
0.0,0.0,0.0,0.0,0.0,0.0,0.0,0.0,0.0,0.0,0.0,0.0,0.0,0.0,0.0,0.0
-0.000906186146254484,-1.523511187334888,0.09738705737334974,12.953953389452089,0.4244947110227937,0.07690606842271652,10.215842669041962,8.300079808459698,-1.9162778519048462,-0.8573908565630273,-0.11081023027866665,-11.266585572994998,-1.490876954735798,-0.13129121922929987,-14.004696293405125,8.300079808459698
1.087935499756254,-0.5906988814020995,0.11847789012411958,3.327349713556494,1.1088564681759117,0.10054485838714045,0.10461576674026674,8.300079808459698,-0.03807874158407998,-0.3827734351952774,0.005318500795869541,2.1316282072803006e-14,-0.028766942457036926,-0.0033559012526003795,-1.5954377011209289,4.150039904229849
0.2476038124802571,-0.2975786073248621,0.04232915510240254,2.311679463159212,0.4906847054195085,0.01548168872176281,0.414368930336952,8.300079808459698,-0.6225322899290564,-0.22587781786170602,-0.04520697041173838,-5.375133184668943,-0.379451396989805,-0.07205443679237811,-7.272443717491203,8.300079808459698
-0.2666087798360408,-2.4968746713039653,0.1394495915800802,26.001706641341308,1.090318536581881,0.12819293816385324,19.88414884320359,16.600159616919395,-4.339336774558311,-1.4034958012471037,-0.2674873100094032,-0.5116571262709897,-3.3256863519534052,-0.27619034920349095,-5.044184833835708,12.450119712689546
-0.41378055347682796,-1.308255608063769,0.0070111889365412905,5.468634900961202,-0.44059158523477304,-0.04309200885507902,1.3956899667906377,12.450119712689546,-1.3279645751786084,-0.8401905473831732,-0.0954158597778832,-0.4701296777781394,-1.3547756069365535,-0.1455190575695035,-4.543074611948704,12.450119712689546
-1.5846694492340108,-1.3775802174695269,-0.09543576166219186,-2.0675005019018755,-1.2194479497233068,-0.1247733965349353,-8.816858595941575,16.600159616919395,-3.347210323264793,-1.2045767724356509,-0.25287521794646506,-7.058044583826565,-2.9819888237540892,-0.2822128528192085,-13.807402677866264,16.600159616919395
2.8882217846228677,-1.375584332248291,0.29718266891557243,16.075835231197235,3.2262412747392712,0.27631454686295176,11.912639585497399,12.450119712689546,-2.3665568615601096,-0.5403798657257148,-0.176008032334804,-9.58601603848922,-2.028537371443706,-0.19687615438742467,-13.749211684189056,12.450119712689546
0.4961966023967035,-1.2170173522449392,0.09123249340292972,14.00237084956618,0.6837209721283433,0.0750229734139839,11.264260129156032,8.300079808459698,-0.8571680304937823,-0.52974468951831,-0.05460088900605725,-0.11101179572440856,-0.6696436607621425,-0.07081040899500307,-2.849122516134557,8.300079808459698
0.7355683708146321,-1.2624732267225518,0.12802675790197393,11.738278758181082,0.974506715939949,0.10724915841746263,7.82991009944341,8.300079808459698,-0.4524876897242791,-0.30517564711752065,-0.025574756919179098,-1.1897971807520307,-0.21354934459896224,-0.0463523564036904,-5.0981658394897025,8.300079808459698
-3.449486126085821,-0.807710063761748,-0.26166403566917285,-11.137406955605663,-2.038718968082076,-0.2612487844332039,-14.33703950965905,16.600159616919395,-3.6203361006533763,-0.8220703356771395,-0.27755971169207205,-14.089432201784149,-2.209568942649631,-0.2771444604561031,-17.289064755837536,16.600159616919395
1.1773780874438255,-1.0460759538363824,0.12916918589558796,7.606539677261615,1.1736237072051736,0.10189668437491184,3.612658732727411,8.300079808459698,-2.1768741429115446,-0.38846922352153435,-0.1678259719263318,-6.970742108914763,-2.1806285231501965,-0.19509847344700793,-10.964623053448967,8.300079808459698
-0.5341209433035621,-0.5968134696379579,-0.032342292824230845,-8.625453044959293,-0.7198652639260006,-0.06982929453302161,-14.140873945849904,12.450119712689546,-2.2986058039049073,-0.7259791797717572,-0.16593302791473824,-6.654237171104548,-2.425921160294364,-0.18993726932080762,-10.275912858424839,8.300079808459698
0.5677134426683494,-1.397736568646442,0.09626357788298429,11.224320459180781,0.6364485222404292,0.03959289032527591,5.106762661043049,16.600159616919395,-2.9470132654705106,-0.8218762542581679,-0.235835819478294,-2.3977400681609993,-2.8782781858984308,-0.29250650703600234,-8.51529786629873,16.600159616919395
-1.1662148226671665,-0.5790882711439398,-0.08332564350992344,-5.94451949320398,-0.5494185163016363,-0.11223436738976389,-10.280532261032615,20.75019952114924,-2.714694869613443,-0.5412622273020347,-0.22759941609807427,-9.403692174785487,-2.097898563247913,-0.2565081399779147,-13.739704942614122,20.75019952114924
0.029254556788570696,-0.13777074573099135,0.010287663181869688,0.3534597486911366,0.1777187523380075,-0.002635972266168296,-1.4853767164515261,4.150039904229849,-1.4493897351465677,-0.5715963231935461,-0.09186057577987172,-0.4467405284223176,-1.3009255395971309,-0.10478421122790971,-2.2855769935649803,4.150039904229849
-0.5946281029253986,-0.6192905341845965,-0.04377905714504479,6.199487015920418,-0.9784160875171755,-0.06949245850775333,-1.2786428473237947,12.450119712689546,-1.5007302588841975,-0.3546777079471646,-0.10645001499729703,-1.0658141036401503e-13,-1.7604138618110055,-0.12291278230767592,-4.858049288979714,8.300079808459698
2.7031305753581147,-1.4312480050444307,0.28941565217807036,23.200501227462542,2.732005533283699,0.26426438786738465,20.215410904404127,8.300079808459698,-0.5962111901397282,-0.43456814942406297,-0.03828340234367644,-0.056685662478251686,-0.567336232214144,-0.06343466665436215,-3.041775985536667,8.300079808459698
-0.8946730502140232,-0.9520780081261968,-0.036011818246275196,-1.4813109897551584,-0.6467607114991392,-0.054701694300262727,-3.8772198599396184,8.300079808459698,-2.5424302657192976,-0.7500041895742164,-0.20198060220422226,-16.14638313017972,-2.2945179270044136,-0.2206704782582098,-18.54229200036418,8.300079808459698
-0.6124276472052159,-1.4110956099723886,0.030385402037528264,0.0720667012830063,0.20836638712460331,-0.04246924814308506,-6.111693129495809,20.75019952114924,-2.7757559911959273,-1.2799511029060344,-0.16295059580997895,-7.723242124158979,-1.954961956866108,-0.23580524599059227,-13.907001954937794,20.75019952114924
-1.1754628110332241,-0.9418559379650713,-0.03284218057294597,1.3303549879925463,-0.523592476855363,-0.042112037043589234,-0.5014089617654456,8.300079808459698,-1.3439154837321396,-0.6280440948830996,-0.06919315848568208,-0.4983530944529413,-0.6920451495542785,-0.07846301495632535,-2.330117044210933,8.300079808459698
-0.4693770631370331,-0.6572340687893323,-0.009540668872950686,-1.623294330847422,-0.20449793102128577,-0.051616437334330745,-6.624484470834929,12.450119712689546,-0.7549837912128599,-0.4966366041814414,-0.04641227839211093,-1.4210854715202004e-14,-0.5802823545137059,-0.07350750071979772,-3.2913533946568734,8.300079808459698
0.1250055865569477,-0.9970577049702332,0.02227777214448462,12.952303420816072,0.07814858403261127,0.0048012774110550716,9.785379078592293,8.300079808459698,-1.0418376192587342,-0.20264973802196984,-0.07290555212870106,0.0,-1.0670659116203574,-0.08131792037954064,-1.558593836634536,4.150039904229849
-0.43785973057319794,-0.4098105744079774,-0.01640350244045219,-4.62925489979331,0.2602390145860056,-0.021749588847156276,-7.889640628620178,12.450119712689546,-1.2719270356597256,-0.4837734370442437,-0.09070143303648026,-9.026936795525053,-0.5738282905005221,-0.09604751944318435,-12.287322524351922,12.450119712689546
0.7900933646440622,-0.9421390014281972,0.12715241759513174,18.972412037332823,1.0471217777008768,0.10936888053638383,16.16808622512169,8.300079808459698,-2.3368398888381936,-0.20100571152907598,-0.20430409766611363,-5.544844858200101,-2.079811475781379,-0.22208763472486154,-8.349170670411233,8.300079808459698
-1.5298964347669974,-1.5844655864199932,-0.08433742681022927,0.11488956953994034,-1.067225091727475,-0.12186633664405006,-9.205987599433861,20.75019952114924,-4.527111793034688,-0.7941047261544814,-0.3456103967492354,-0.09311397037984648,-4.064440449995166,-0.38313930658305617,-9.413991139353648,20.75019952114924
-3.0743485938541575,-1.0587580645803154,-0.17252106761681607,-0.5109106810053845,-1.3138185090012513,-0.21389730737051993,-4.522963594107733,20.75019952114924,-3.688986819045148,-1.0043720882247769,-0.22901428574159133,-2.064757641311555,-1.9284567341922418,-0.2703905254952952,-6.076810554413903,20.75019952114924
-0.8781006295164993,-0.27194647497821123,-0.060961420205144834,-2.8041410979101506,-0.14757779919239056,-0.10315092012767668,-5.238778169727301,12.450119712689546,-1.828939942124319,-0.25999132485218013,-0.16097621632793102,-7.838268868651042,-1.0984171118002104,-0.20316571625046287,-10.272905940468192,12.450119712689546
1.234608250949365,-1.314551399863399,0.14090285636147992,0.5710499252485803,1.5616835388792216,0.11383404148742815,-3.9614777823160807,12.450119712689546,-1.8135908934895806,-0.6144598239851362,-0.11660455904736206,-7.105427357601002e-15,-1.5989261418727807,-0.13404021837493135,-2.9850903230583725,8.300079808459698
0.20957351921016,-1.8362681434777919,0.0503784465721932,24.014879125903313,0.03553647909835256,0.00893120293040145,19.078375746174736,12.450119712689546,-3.0942799336015625,-0.5140755541143065,-0.22899431010637017,-5.7390696153617355,-3.26831697371337,-0.2704415537481619,-10.675572995090313,12.450119712689546
-2.5717282249860363,-1.1286971640452723,-0.1412289039687633,0.2396934618262172,-0.8432191763565688,-0.12106705639531934,-3.710543235058797,16.600159616919395,-4.784544653391243,-1.235312866986499,-0.3348679053610091,-7.6746587755007205,-3.0560356047617754,-0.3147060577875651,-11.624895472385735,16.600159616919395
1.1843609205526517,-1.3731494805300706,0.16417256206742437,17.068591635194995,1.3265461814177648,0.1258446937921105,12.750980569578605,12.450119712689546,-1.3504614522794167,-0.40757054977031437,-0.10356908670068493,0.0,-1.2583781917167691,-0.1282297380793877,-2.8473644522309343,8.300079808459698
0.4797297274851342,-1.0074327263395855,0.05267055537572346,17.985789346179374,0.1907627756128516,0.007107021284248116,10.65022051351702,12.450119712689546,-1.446230351180522,-0.22236307126489763,-0.11054913879963243,-4.782414209023656,-1.6420016856715236,-0.13972574751444897,-9.562473776817875,8.300079808459698
0.059030414755223415,-0.40287491682514087,-0.0028926404328222105,0.3739780021045789,-0.18390794422143975,-0.010468563955466512,-1.4670168471934915,4.150039904229849,0.0,0.0,0.0,0.0,0.0,0.0,0.0,0.0
0.8204079225473837,-1.1291904896847225,0.09685229226380937,19.159387532465985,0.900972466675154,0.08230965731555634,15.924749025184468,8.300079808459698,-2.3753142504012725,-0.7410982751009865,-0.1837528126284662,-3.7024413807966567,-2.2947497062735023,-0.19829544757671924,-6.937079888078173,8.300079808459698
-1.7993550253199153,-0.3048251845517278,-0.1230289572149883,-4.496430984205475,-1.5244780714288142,-0.14843567362873766,-7.607670120308569,8.300079808459698,-2.336658607274078,-0.2728682611162121,-0.16544866836668415,-2.345002657261716,-2.061781653382977,-0.1908553847804335,-5.456241793364811,8.300079808459698
-1.437874738327416,-0.38194782623032353,-0.1263140151184926,-7.666061641203726,-1.0426003767951997,-0.1430558681728047,-9.334884400096655,8.300079808459698,-1.4525171357074207,-0.3823516401118532,-0.1279182776732053,-8.464060109932557,-1.0572427741752044,-0.14466013072751738,-10.132882868825487,8.300079808459698
1.1624303212813158,-0.9897312835924428,0.1580919411963414,16.15542069599456,1.4612746016914757,0.1419490299265722,13.200221537718104,8.300079808459698,-1.8276301366298542,0.016819369363025416,-0.15776598200720993,-13.037292710691723,-1.5287858562196943,-0.17390889327697912,-15.99249186896818,8.300079808459698
-0.43817060247062223,-1.6467142955583611,-0.0055469922880447275,-1.8148490042838006,-0.28896992954872136,-0.022509031589692474,-5.725327685020481,12.450119712689546,-2.684426623199876,-0.8364958293891807,-0.20350397408068913,-17.10558060028349,-2.535225950277975,-0.22046601338233687,-21.01605928102017,12.450119712689546
-1.6064456021938067,-0.8349440200872245,-0.10784286203666271,1.5430970471492103,-1.0718217437565736,-0.1340227182389242,-4.566824698497172,16.600159616919395,-3.0107145227585397,-0.8984093828334281,-0.23076724924849806,-0.10421236205129247,-2.4760906643213065,-0.25694710545075955,-6.214134107697674,16.600159616919395
-1.4760972089112423,-0.4395688261186166,-0.11359269023645638,-11.102754579365058,-1.6680576441461037,-0.16299947019013059,-15.935925825928763,16.600159616919395,-1.7819502365530981,-0.4698076308523689,-0.13858087428753108,-8.537022493263411,-1.9739106717879595,-0.18798765424120528,-13.370193739827116,16.600159616919395
0.23436233277345409,-0.4722516401605912,0.0510847204216911,-3.5743962082457443,0.6070588980040101,0.026707610033414264,-6.825387005432013,8.300079808459698,-1.8678495104541994,-0.5318364910362803,-0.1336475881117667,-1.1013412404281553e-13,-1.4951529452236434,-0.15802469850004353,-3.250990797186379,8.300079808459698
1.0015292019898148,-1.4564874602688498,0.1974930290788306,23.03059284534355,1.59259588466265,0.19299697274456706,19.820372528711275,8.300079808459698,-1.815060239052845,-0.8151307071112175,-0.11068756712526084,-5.314518347054914,-1.2239935563800097,-0.11518362345952438,-8.524738663687188,8.300079808459698
0.16077201721285128,-0.7074523339464687,0.03035129833537703,8.430180676836457,0.21370801385323102,-0.00014210447910922852,3.6146179432985903,12.450119712689546,-1.7752993013342877,-0.5894435292700795,-0.1386704295208357,-0.09281849062054448,-1.722363304693908,-0.16916383233532195,-4.908381224158411,12.450119712689546
-0.18530398399214665,-1.2892521796994547,0.02437285032393466,14.270483144309829,0.15237507385201798,-0.014287918109010311,7.487657165867546,16.600159616919395,-4.0432626204391475,-0.9000119553998243,-0.2952700681811988,-0.07853311369512284,-3.705583562594983,-0.33393083661414374,-6.8613590921374055,16.600159616919395
-3.1427703121947648,-1.553150898305221,-0.22046487860621167,-3.5102800806876218,-2.494145076074683,-0.2456320315146493,-9.661171220017462,20.75019952114924,-3.1884414842084707,-1.5334511386187906,-0.22479404434942402,-2.612666729304401,-2.6758365177297794,-0.24460436703055394,-7.507094577149363,16.600159616919395
-0.8685660745020307,-2.0209231765941365,-0.04334096074910515,2.9596663159394723,-1.001233209227248,-0.09250617105309683,-2.627894512506721,16.600159616919395,-2.438380425394926,-0.6781530319538103,-0.1942395488792817,-2.369024105035386,-2.542426612164861,-0.2296880750667729,-6.517708265214679,12.450119712689546
0.09300219041157298,-1.3353484430607896,0.044260009261166855,7.789487773745652,-0.07757740359863874,-0.025499471158099862,2.309571737770842,16.600159616919395,-1.6879870144882236,-0.39453023954462907,-0.1370606082115623,-0.24627993113650604,-1.8201984745214395,-0.18724239121262443,-4.376995695408361,12.450119712689546
2.282466738696476,-2.246665406184974,0.26112032110435884,18.812320727755683,2.5199433857293174,0.22186884643510385,11.866265609981305,16.600159616919395,-2.572888125434436,-0.8444320744264804,-0.17939355295350368,-4.263256414560601e-14,-2.3997092820702948,-0.20760714112008827,-5.2277384131494955,12.450119712689546
-1.701042239146977,-1.299905351839362,-0.08454087325156134,-6.515866272780006,-1.1337034080367792,-0.1046829009000595,-9.932963523071308,12.450119712689546,-1.7993864232510148,-0.9663120125595501,-0.10494830463334559,-0.6376289973953568,-1.232047592140817,-0.12509033228184374,-4.054726247686659,12.450119712689546
-0.8002604448922988,-0.6816187935058284,-0.024617043224751667,-5.204796249102195,-0.22800364109409887,-0.06616634138083721,-7.557582385473481,12.450119712689546,-1.2317222279781834,-0.7254170377674107,-0.06386888275692959,-6.4776187356578525,-0.6594654241799836,-0.10541818091301514,-8.830404872029138,12.450119712689546
0.18536909534114798,-0.4370123476349974,0.03584953048437012,4.279302273834261,0.4849386865991345,0.026735804265887286,2.4615517459920966,8.300079808459698,-1.1975771857075435,-0.29728855908185636,-0.09671529428204795,-2.894278704788576,-0.8980075944495569,-0.10582902050053078,-4.712029232630741,8.300079808459698
1.111586272047549,-0.7513842126236909,0.11391502063718797,7.431479366388984,1.1855590207615174,0.10295780621357803,2.8597007418632217,12.450119712689546,-0.8483740987826671,-0.34777096384454786,-0.07291360286132084,-0.8172418804417205,-0.8016342290506628,-0.08003263604289695,-3.82878348014183,8.300079808459698
-1.4311706306845196,-1.2134319102874773,-0.06695901815682426,-0.5109106810053703,-0.7533346969924581,-0.10421798426867002,-3.710543235058772,16.600159616919395,-1.5433861976493546,-0.9188606622913333,-0.09236954615988002,-0.5109106810053703,-1.0386600802007484,-0.11979362785847814,-2.903138971548323,12.450119712689546
1.3243643246853232,-1.6281790416309097,0.17809979891922878,11.500195100020086,1.622112284024424,0.1587297267010585,5.382637301882397,16.600159616919395,-1.0522357079870703,-0.5177656770771026,-0.08293549029753022,-0.2548067599039072,-0.8326011866057748,-0.09704819557057104,-4.787334467468568,12.450119712689546
1.4235870400418849,-0.8253659297108307,0.10901070382151379,10.213298965706173,1.3950236724112441,0.10584021643853908,8.597200885212956,4.150039904229849,0.0,0.0,0.0,0.0,0.0,0.0,0.0,0.0
1.5250365116074471,-1.367852027386414,0.12828478348743586,13.99942858321365,1.2251262209171276,0.10211081444348416,8.195740639079723,12.450119712689546,-1.435003109851618,-0.461803820935609,-0.11353222900313666,-2.867080461443564,-1.638226827382272,-0.1302659537382761,-6.6499245488897,8.300079808459698
2.9120546553908833,-2.399013846428385,0.33188423140754053,22.790080611912064,3.0944953033762213,0.3033693047469375,16.540884170645175,16.600159616919395,-1.973443128840735,-0.29040697642296465,-0.1520673781618073,-0.6110364281214302,-1.8417787860167678,-0.1728108605615207,-5.238922618012744,12.450119712689546
-2.9772595282418823,-0.8024912177630572,-0.15312287409237602,-4.33718167179703,-1.4276615228699274,-0.18607502383349606,-6.649066806314009,12.450119712689546,-3.1666771945946035,-0.8128672127916889,-0.16805542277730545,-6.579471021418978,-1.6170791892226486,-0.2010075725184255,-8.891356155935958,12.450119712689546
2.403924224455456,-1.5178716810967572,0.244784141117676,25.010148496723623,2.3642772234232057,0.2230668470288587,21.83772868415935,8.300079808459698,-0.8770625142521915,-0.18869969114532203,-0.06745355810060394,-3.8966634613603475,-0.8984547414594646,-0.0779292795162509,-5.453751275153593,4.150039904229849
0.3402698363488943,-1.3316498908117023,0.08322957406131148,16.016502642286003,0.5340225468639881,0.069283073428828,13.278391921875876,8.300079808459698,-1.4093216846720713,-0.6975067552117782,-0.10181416797175147,-4.841295213570241,-1.2155689741569775,-0.11576066860423495,-7.579405933980368,8.300079808459698
-0.526879537262559,-0.34015842341508495,-0.04353635170108727,5.69764125074277,-0.7423861655306396,-0.07656167566664657,1.1378215025444192,12.450119712689546,-1.9805612308286702,-0.4459313054498768,-0.17301152836634265,-5.706320621318028,-2.126960987866433,-0.1942209411294383,-8.71210416960281,8.300079808459698
0.8988657305273096,-1.219533673449595,0.09172612642027461,7.741072054255653,0.564924708236747,0.05711353542900324,4.2803269854343355,8.300079808459698,-0.7665442814186907,-0.2642867432457461,-0.06827081994871706,0.0,-1.1004853037092532,-0.10288341093998843,-3.4607450688213177,8.300079808459698
-0.8672165135820586,-1.3731373065703512,-0.04508184998698178,2.9885374463956893,-0.446830030668921,-0.052354482369721345,-2.5352443997184366,16.600159616919395,-2.5597974375842547,-0.7622697833909555,-0.19330375882118186,-4.648477010047571,-2.139410954671117,-0.20057639120392143,-10.172258856161697,16.600159616919395
2.1229738076596005,-1.1755085874645328,0.2641696594396824,28.030386770075957,2.5064103366628565,0.2444466383609759,24.808266218581032,8.300079808459698,-1.276288249721702,-0.6517310935494258,-0.07359811512982395,-0.9423177080192886,-0.8928517207184461,-0.09332113620853044,-4.164438259514213,8.300079808459698
0.8362624240633831,-0.9091222817066953,0.08219315280134493,14.376799261674684,0.7731905676729323,0.06258988107957247,10.873847469348924,8.300079808459698,-0.37435583792255755,-0.13429013820793756,-0.027569356598671768,4.973799150320701e-14,-0.40742181341013595,-0.03699355434814816,-1.7170315672286165,4.150039904229849
-0.11106836808225573,-1.7590654847641378,0.12372122067899993,21.084626206147806,0.5176785752145872,0.05530240352451099,14.967068408010068,16.600159616919395,-3.941906757179047,-1.1159713687048018,-0.2919314519370777,-0.10122383460848994,-3.313159813882204,-0.36035026909156664,-6.218781632746229,16.600159616919395
0.7178475563463849,-1.301346912007734,0.13499458150981292,18.666646478114135,0.9347551797338483,0.11584957231529858,15.928535757704022,8.300079808459698,-0.7007999427060652,-0.10749980977344364,-0.05671635641704531,2.1316282072803006e-14,-0.5934602995955274,-0.066018423829452,-1.3553705295288623,4.150039904229849
-1.0699230587552622,-0.8565770859846786,-0.057770680598999924,0.44483427576338386,-0.3471575328600318,-0.07776727091377034,-4.649671635071019,16.600159616919395,-3.540297070983889,-0.5531749413941895,-0.3002285767509694,-19.30410407676176,-2.8175315450886584,-0.32022516706573984,-24.398609987596164,16.600159616919395
0.6704509859719154,-1.210653594545029,0.1082808394749939,11.298018522446185,0.9537077726893273,0.08464386011526392,6.774265352565646,16.600159616919395,-1.478276009532009,-0.8559543567715124,-0.12609450951563855,2.1316282072803006e-14,-1.1950192228145973,-0.14973148887536852,-4.523753169880518,16.600159616919395
-2.2886027167979828,-1.0871341119045486,-0.15013695112917702,-7.885706997452438,-1.9186710821700537,-0.221965127072431,-11.085339551505825,16.600159616919395,-2.48837856669224,-1.098275405135464,-0.1684191074715482,-7.885706997452438,-2.1184469320643107,-0.24024728341480217,-11.085339551505825,16.600159616919395
-0.30528420029887204,-0.5831332834191709,-0.004769792338228496,-1.89062169543908,-0.15881247374998075,-0.025828663055315282,-4.938084420693958,8.300079808459698,-1.0185105780406767,-0.3518455605389814,-0.08455562041030912,-11.923568667002549,-0.9462539994637753,-0.09473073908486779,-13.43449346172697,4.150039904229849
-1.4210727969402805,-0.27906530642425764,-0.10697130676012256,-4.532614216722287,-0.9137538783701604,-0.11827021942001992,-7.5314618968310185,8.300079808459698,-2.1066551474592234,-0.38504494762091745,-0.16276660595325165,-0.004770471422709477,-1.5993362288891033,-0.174065518613149,-3.003618151531441,8.300079808459698
-0.17226603889493042,-0.1342626399994149,-0.006866803933158749,-2.4868995751603507e-14,0.08414630083348751,-0.009806963596233786,-0.7252076102247003,4.150039904229849,-0.519236604205453,-0.0901436085920615,-0.04426691314274678,0.0,-0.2628242644770351,-0.047207072805821815,-0.7252076102246754,4.150039904229849
-0.6962798521808153,-0.9222148537782839,0.005542047689915508,0.5298316338368849,0.36514820008996907,-0.03163672923980354,-5.213852792693931,16.600159616919395,-3.1412416990956427,-0.7832070446862982,-0.2127290745020276,-3.4279324028658067,-2.3484971673737096,-0.24015374307470216,-7.696139092230361,12.450119712689546
1.9013529353325787,-1.1433734513369256,0.2359653042994332,24.663181885415245,2.038642752864628,0.22632425673979584,23.021163877011485,4.150039904229849,-0.13363878588779077,-0.15178426827153046,-0.004310283928129599,0.0,0.0036510316442583957,-0.01395133148776695,-1.6420180084037597,4.150039904229849
0.5982498307143258,-1.8920179147163196,0.16220414627893565,24.06607642351302,1.2083834049882336,0.12265385895176051,17.94851862537531,16.600159616919395,-3.1362935649340784,-1.3050644243150114,-0.22388858134255607,-0.10122383460850415,-2.5261599906601706,-0.2634388686697312,-6.218781632746214,16.600159616919395
0.5037296398458402,-0.8312783925228722,0.07113290227553543,9.373582743408903,1.2627710548934967,0.0923951573946235,6.180277218611607,12.450119712689546,-2.3139964839272054,-0.25843718883929157,-0.18442321599037637,-11.00098358522284,-1.5549550688795488,-0.16316096087128829,-14.194289110020136,12.450119712689546
2.2376937549748455,-2.841289314133732,0.21060189799430126,19.31230201447068,2.023626438627746,0.1830283811718862,12.824660262524787,16.600159616919395,-2.6246179725919916,-0.9706019145446572,-0.1985953598540825,-1.4210854715202004e-14,-2.7907433340906174,-0.21840030059447443,-4.778124693100985,12.450119712689546
-0.6383383619198,-0.85779918620708,0.02692970112484483,7.325713573174031,0.015441657340508286,0.0011811889377850715,5.040570218363136,8.300079808459698,-2.2742315325805063,-0.5672777940115488,-0.14565478516773023,-2.26778710686353,-1.620451513320198,-0.17140329735478999,-4.552930461674425,8.300079808459698
-0.6771520562412139,-0.47391252683242513,-0.018332241129857874,-1.859885336210752,0.10703898064845596,-0.018626963986258405,-3.859321656805257,8.300079808459698,-1.9003148326468544,-0.3681510970442865,-0.1423235612127809,-2.1985978988640724,-1.1161237957571846,-0.14261828406918142,-4.198034219458577,8.300079808459698
-1.2760542753456727,-0.8082454171893048,-0.07935031112058333,-6.741686359880418,-0.5425608865357923,-0.09841808159477816,-11.712096085301326,16.600159616919395,-2.9258112163204286,-0.9298433501175492,-0.23797778893006938,-11.479259236404104,-2.192317827510548,-0.2570455594042642,-16.44966896182501,16.600159616919395
-0.43122642138455625,-0.2720441455931617,-0.016642747884746067,-4.390986963215983,0.4110230811341644,-0.044739257273429645,-6.894679250852366,12.450119712689546,-1.0187087763394498,-0.1655224246734548,-0.07760489463658427,-8.304151325687648,-0.4590292904083313,-0.09616263130314995,-9.967945681908287,8.300079808459698
-0.623049547662835,-0.8801244769471896,-0.009693451151204568,5.851950183759968,-0.11409590214364052,-0.06184059617949311,1.8299845682995262,16.600159616919395,-1.4108418925594002,-0.5654093289805946,-0.10646074310901377,-0.5604706718632002,-1.032336014041113,-0.14444409335762465,-3.581916581645803,12.450119712689546
-2.2608312348698867,-0.7250285308232822,-0.16143326531937974,0.1625526514960498,-1.7297054822081428,-0.18301983722471837,-1.4710896419599777,8.300079808459698,-2.983775695238755,-0.5943502456176883,-0.24710718802362652,-8.645955042176691,-2.452649942577011,-0.26869375992896516,-10.279597335632719,8.300079808459698
-1.1035519943384031,-0.4257837660467132,-0.08296944195768696,-10.273701405530666,-0.5906449188467944,-0.07380211183533902,-12.580144390994338,8.300079808459698,-1.5872326936674064,-0.34427307675207786,-0.1307858528706165,-16.135050607293536,-1.0743256181757976,-0.12161852274826856,-18.441493592757208,8.300079808459698
2.0892098673448443,-1.6709340272977506,0.2610680529022772,30.152691049255097,2.7852732805136124,0.24955998889623698,24.533787236582747,12.450119712689546,-1.7753124182573243,-0.3154750595188407,-0.12289557065530898,1.4210854715202004e-14,-1.3140548335926816,-0.13057336170909062,-3.677511091369297,8.300079808459698
-1.4385824097570277,-1.9524374761460006,-0.030035374673008763,15.880851459662829,-0.8724849779489174,-0.05150488572401268,11.833370658019518,12.450119712689546,-2.954836705443653,-1.1764231871646356,-0.19457484298654654,-0.11455158199555626,-2.388739273635543,-0.21604435403755046,-4.162032383638866,12.450119712689546
-0.9179229860939664,-0.43536350070995233,-0.06050048293623089,-2.098647815598362,-0.3696779871353417,-0.09107211254121195,-6.172275018233499,12.450119712689546,-1.0920119849441967,-0.46483956124781045,-0.07625810613444384,5.684341886080802e-14,-0.543766985985572,-0.10682973573942489,-4.07362720263508,12.450119712689546
0.2618913746320839,-1.2591472857780897,0.0773005529730516,15.016117484686799,0.48958093264694913,0.06350414691402928,12.278006764276636,8.300079808459698,-1.4158474785650688,-0.6456386507197376,-0.10619937948294905,-0.4569189096830115,-1.1881579205502035,-0.11999578554197138,-3.195029630093174,8.300079808459698
-2.6000185777536036,-1.3310024962286544,-0.141721477152845,5.015302732538419,-1.8141210570070907,-0.1970569121927035,0.6897280733097375,16.600159616919395,-3.459119644991614,-1.060164909968325,-0.22825641851814804,-1.2402753446479338,-2.6732221242451013,-0.28359185355800653,-5.565850003876616,16.600159616919395
-0.7976436096153616,-1.2823476408044634,-0.002086314242462084,8.097045786528565,-0.29832154692235324,-0.028086580319962473,4.54434608626071,12.450119712689546,-2.0040408481481142,-1.0530295973072992,-0.13826477827697214,-0.12735771753682457,-1.5047187854551058,-0.16426504435447253,-3.6800574178046794,12.450119712689546
0.8953355076299685,-1.3042881019251595,0.08379783626075249,7.596775045031357,0.32539163338762833,0.022702846885768152,0.9581271707768906,16.600159616919395,-2.834673104939267,-0.7298030939664262,-0.24406496985036874,-4.0958962319527,-3.26628998619215,-0.28789554798227224,-9.00512708902749,12.450119712689546
0.8149991974580217,-1.2653772392240885,0.1257143559726921,3.2481125336323835,0.9792008824335063,0.09099392340564638,-1.5708800227680975,12.450119712689546,-1.6474709240702268,-0.36112723685882386,-0.13303669333114526,-5.575615635941624,-1.540863152106997,-0.1555587516495392,-8.756538743997144,8.300079808459698
-0.4426521509395487,-0.7129614827073425,-0.018194535977608284,3.5556505192498946,-0.3156458273984031,-0.06323695588195849,-2.9483518196756364,16.600159616919395,-2.407538172714707,-0.6704174009998276,-0.18516986509493988,-0.33795076628138077,-2.2805318491735616,-0.23021228499929008,-6.841953105206912,16.600159616919395
-1.4794104494658686,-0.8303792977058535,-0.08057709429773441,-8.942485624138861,-0.38581684931173754,-0.09499139882841723,-12.142118178192248,16.600159616919395,-2.518390343843225,-0.7357197473492043,-0.18539332383379592,-5.952018441684924,-1.424796743689094,-0.19980762836447874,-9.151650995738311,16.600159616919395
-0.5966569152701107,-1.6029425717987174,-0.0250056212954457,2.8432229743052204,-0.7787933785821322,-0.0861574371226721,-4.1747459038727115,20.75019952114924,-3.9327908984332915,-0.7708561173898669,-0.3032537977432117,-17.55542867332359,-4.085332905810912,-0.3502475207657216,-23.121574990158166,16.600159616919395
-0.7523319237345394,-1.8249469802243379,0.007764277866543101,17.689220154179733,-0.48593196411288453,-0.048321520456513056,12.10165932573356,16.600159616919395,-3.0637699416008024,-1.0684050018985012,-0.23206005773018684,-1.4130374467186755,-2.7973699819791475,-0.288145856053243,-7.0005982751648475,16.600159616919395
1.0606574547768162,-1.2274192626579339,0.2056025823850589,22.68959054645714,1.724691448633143,0.19247581288104088,19.704500223398767,8.300079808459698,-1.365754519386762,-0.32303225705667593,-0.08874711959920678,-0.10122383460848994,-0.7017205255304351,-0.10187388910322481,-3.0863141576668625,8.300079808459698
0.3434555741558265,-1.9888068071166174,0.13570286449533175,19.979823821827296,1.074237140155887,0.10941526220078757,11.569667312555957,20.75019952114924,-2.044834866730505,-0.37589829595848556,-0.17225090907870028,0.0,-1.4650461714442509,-0.19320447246045086,-6.631117471099493,16.600159616919395
-0.038737426664404495,-1.6754844100629231,0.10775781108675098,8.995739993596878,0.5648400140362497,0.09929891033577976,6.595210878349135,8.300079808459698,-0.7671914285090295,-0.30556501001142244,-0.04117401459532877,7.815970093361102e-14,-0.46646813695463507,-0.045346595981070936,-1.1947582790878286,4.150039904229849
0.6637913491813086,-1.9825979981424506,0.12264365593305471,20.56166883347329,1.365076479477123,0.10031575054227865,11.158206950010573,24.90023942537909,-3.90673737395133,-1.366301052236155,-0.3136090485794921,-0.10122383460847573,-3.2054522436555155,-0.3359369539702682,-9.504685718071194,24.90023942537909
-1.6656053157065642,-1.4201325594659675,-0.11274469826221367,-2.1489874185910622,-1.457678738700241,-0.18604617201888796,-7.489380875558194,24.90023942537909,-3.7158994305730886,-1.036202884803382,-0.3115841657196013,-5.9119474338350635,-3.5079728535667654,-0.3848856394762756,-11.252340890802195,24.90023942537909
-0.743847085749394,-0.4607606504567823,-0.047288095775044336,-3.12639018602777,-0.5827350138163823,-0.07756903894749478,-6.111972395007424,8.300079808459698,-0.5493386466081329,-0.12079115869914858,-0.04618474497731362,4.618527782440651e-14,-0.46977316020544446,-0.0608773823098695,-1.482719125515107,4.150039904229849
0.14199604148810252,-1.1311166705766738,0.0830115476106763,14.04348574478215,0.6545014014679227,0.04415672382182845,9.134385972164228,12.450119712689546,-1.6375732810831156,-0.5445776566543916,-0.10947346758727672,-6.394884621840902e-14,-1.2984482242609063,-0.134550409567177,-3.2369858421953737,8.300079808459698
-0.019593418540631014,-0.33376690948862375,0.018970022426879507,-2.1316282072803006e-14,0.213253869995933,-0.007539551286887214,-1.5898289336360492,8.300079808459698,-0.2965747380185624,-0.3367966363508881,-0.007958876966641548,0.0,-0.06372744948199838,-0.03446845068040827,-1.5898289336360278,8.300079808459698
-1.3230858422762504,-0.9030483585498175,-0.09367497606362912,0.06394059734383717,-1.0129409438788706,-0.12132048065002043,-4.996678273571433,16.600159616919395,-3.1852164389595483,-0.9492139658590251,-0.269442164188045,-4.328327085208727,-2.8750715405621685,-0.2970876687744363,-9.388945956123997,16.600159616919395
-1.7146406050115637,-2.2811962002734276,-0.06788773399984044,4.113436563452893,-0.9916281465385479,-0.0947848333429922,-3.627507442253709,20.75019952114924,-4.149903960256651,-1.1091398248063786,-0.2913621354621759,-3.051212665552704,-3.5782903920126286,-0.3124688447388874,-9.168770463690414,16.600159616919395
1.9788267976537322,-0.7709097061032875,0.17294967659596433,8.091281399829896,1.8817496926913257,0.16263588330769424,6.540382095962691,4.150039904229849,-0.5026589930281711,-0.22637501612830135,-0.04063199807116055,-4.9737500256946845,-0.5997360979905775,-0.05094579135943064,-6.524649329561889,4.150039904229849
-0.9195147550841387,-1.8747250581411752,-0.045476459401318337,10.43902896799414,-0.974318601579216,-0.08361145657776975,3.3928493725447595,16.600159616919395,-4.157865138875461,-1.4093366276867982,-0.3039934820931257,-0.07339439696824712,-4.212668985370538,-0.3421284792695771,-7.119573992417628,16.600159616919395
-0.8894189606649441,-1.198259691832149,-0.0011413123297354666,8.504439078678374,-0.25402495684432314,-0.0341527889838632,4.25797163774725,12.450119712689546,-2.8535404555463986,-0.9989009603995029,-0.19202474954483773,-0.838929650979793,-2.2181464517257776,-0.22503622619896546,-5.085397091910917,12.450119712689546
1.8980213634387288,-1.9759214977615223,0.2933924330304223,22.63931803168164,2.220471021981152,0.28269707120288756,19.901207311271484,8.300079808459698,-1.0663823009294138,-0.93361011576172,-0.055872887008369676,-0.11101179572441566,-0.7439326423869908,-0.0665682488359044,-2.849122516134571,8.300079808459698
0.21217749079325277,-1.715956613356342,0.06601393984630877,0.4328043705064175,-0.04330646147725492,-0.03839019899759788,-7.555481267404701,24.90023942537909,-3.5877029755661205,-0.6361381271681594,-0.3028245037613125,-11.118949834115128,-3.80740644163462,-0.38670381828527295,-17.90794606661404,20.75019952114924
1.2012505750559352,-0.8710110374811535,0.17073601360162038,14.281673027348464,1.7148694902407566,0.1558588336797031,11.10011076359196,8.300079808459698,-1.2375352644161897,-0.4261429539497801,-0.07979152631627195,-0.9896274257576607,-0.7239163492313683,-0.09466870623818924,-4.171189689514165,8.300079808459698
-0.4158812708231032,-0.8241585651411061,0.029175134574744077,8.22031787730042,0.2522688968087152,-0.018732966542361118,4.471284654654362,12.450119712689546,-1.6496859185658899,-0.539404329670738,-0.10131578965971566,-0.1292966533574571,-0.9815357509340714,-0.14922389077682086,-3.878329876003516,12.450119712689546
1.861908264226364,-1.8096059122224055,0.23263696293187697,20.44376748030765,2.3140912806337344,0.21090604127680412,15.911239772742924,12.450119712689546,-1.6869794636887647,-0.6908685880614804,-0.10798591596256324,-0.10122383460847573,-1.3889827714419933,-0.12217272718800809,-3.086314157666891,8.300079808459698
2.2834100547823644,-1.9332881969208167,0.3286197825438095,26.67294256816002,2.8807645876846033,0.3083794250128862,22.140414860595282,12.450119712689546,-2.471458093422574,-0.8228930105032148,-0.1726234758418328,-3.7441969311955816,-1.8741035605203349,-0.19286383337275614,-8.27672463876032,12.450119712689546
0.13930519736593538,-0.8220168504158138,0.007569506507362017,-3.717634940739444,-0.3819378142190022,-0.034319110978410096,-9.7233876171235,12.450119712689546,-1.1122696900120466,-0.2727304044437737,-0.09992506472991072,-0.6216169405027756,-1.4621070301410577,-0.12663750504925636,-4.517099635537079,8.300079808459698
-0.001587805587099922,-0.6299108303533725,0.02284966374405495,6.725207030104947,-0.013263274488384269,-0.03089743065517092,0.7920650107768736,12.450119712689546,-0.7295119717021459,-0.36766289323897006,-0.05124274600039225,-4.973799150320701e-14,-0.7400015167477791,-0.08579692117039395,-3.9019133822567227,8.300079808459698
-0.619932570741021,-0.49954632215128747,-0.018226222554899585,0.3388266736763086,0.07724005903833131,-0.05459057174796611,-2.9031389715483122,12.450119712689546,-2.7589569282363335,-0.21031190654500165,-0.22496067450587331,-10.787094883232037,-2.061784298456981,-0.26132502369893984,-14.029060528456657,12.450119712689546
-0.008219357975414177,-1.06676382853969,0.05341534479431154,18.398818274180837,0.8516978199798908,0.026884267170956266,12.009222361064342,16.600159616919395,-1.7639748695883917,-0.6379092401051363,-0.11184802540942873,-0.028865731227668334,-1.1234561558532974,-0.1316250957312417,-4.766096272506815,12.450119712689546
0.4197104070714719,-1.0916383314006204,0.10789981367924617,8.745658811316524,0.8482022379160181,0.08047487381639762,5.124137144246934,12.450119712689546,-1.791352369292154,-0.4520029200942197,-0.14551133246708658,-0.42088279727289546,-1.3628605384476078,-0.17293627232993514,-4.042404464342486,12.450119712689546
-0.00565206383722483,-0.43998553530805395,0.008621799829519938,5.909076920503821,-0.1003881578493182,-0.019643646697636796,2.021281979341161,8.300079808459698,-0.5633366736344847,-0.09043154823532973,-0.04539472316479809,1.4210854715202004e-14,-0.612097405594314,-0.059020025478298654,-1.9076579096200632,4.150039904229849
-1.6401015312306875,-0.933136832245566,-0.07958225837532729,7.884739038042202,-1.314357969776193,-0.11530932582161468,5.411327023585077,8.300079808459698,-2.5829323147627434,-0.7605829292162198,-0.17219741786997278,-0.12401836345415518,-2.257188753308249,-0.20792448531626018,-2.59743037791128,8.300079808459698
1.3242292176298243,-1.1098019713049645,0.15051237795791045,11.56802816642363,1.3693963316691482,0.12982936510973353,8.467373571320671,8.300079808459698,-0.3401993876262388,-0.13750618208101173,-0.02492167380834104,-0.36264857894872193,-0.29503227358691486,-0.045604686656517957,-3.4633031740516813,8.300079808459698
-1.6141871406573305,-1.5061019621743625,-0.08614136393988586,-4.451210912282367,-1.1222070957886077,-0.13210263967768293,-10.179910543632541,20.75019952114924,-2.2610808001973792,-0.8553110151125765,-0.16277960760942933,-12.028139555835242,-1.7691007553286564,-0.2087408833472264,-17.756839187185417,20.75019952114924
-0.3028668776142718,-0.6755534416696491,0.007788032515810839,-1.4341628838860139,0.08477721984208042,-0.02401590732274883,-4.183472659160735,12.450119712689546,-0.5386991448161904,-0.5145266465294043,-0.022499527779678785,-1.7433848884633498,-0.1510550473598382,-0.054303467618238455,-4.492694663738071,12.450119712689546
-2.5525405915384223,-0.759880623074876,-0.18651381085150276,-0.5109106810053596,-1.649610394603851,-0.25849931854391905,-4.522963594107708,20.75019952114924,-3.443372179167504,-0.7230455598285808,-0.2730925202051856,-1.218518491241337,-2.5404419822329327,-0.3450780278976019,-5.230571404343685,20.75019952114924
-1.0627209891369116,-1.8219704731871875,-0.012388079947716402,13.35315256359295,-0.5368368214729191,-0.05171289827901748,8.02310864433288,16.600159616919395,-2.797661710671284,-1.136150670910796,-0.18563593281056345,-0.11110898961999283,-2.2717775430072917,-0.22496075114186453,-5.441152908880063,16.600159616919395
0.07311510308454316,-0.22244912930421634,0.02284107601889307,1.0491672561780376,0.3084316411297703,0.011936951859199962,-0.523372378341513,4.150039904229849,-0.5401838948716708,-0.21701972659129076,-0.03175662060165474,-0.43996706152637444,-0.3048673568264437,-0.042660744761347846,-2.012506696045925,4.150039904229849
3.637027984973341,-1.8923927573224208,0.41311395865292844,25.33376677568978,3.7816390460859948,0.39263239538010963,22.348676452631402,8.300079808459698,-0.8931622090144753,-0.49079719566238467,-0.05795306254096805,-0.10122383460847573,-0.822303858281126,-0.06786620348640032,-1.5757180872712127,4.150039904229849
1.036071145762918,-1.4767206137325477,0.1673840191365389,12.292471459582355,1.2658896014854149,0.13148560465370707,7.657597154545396,12.450119712689546,-1.809143602321095,-1.003215261722156,-0.12341860728328208,-3.034475487579691,-1.579325146598598,-0.1593170217661139,-7.66934979261665,12.450119712689546
1.1454623408895914,-1.2387054245639533,0.1369276279945229,16.15335481505037,1.2897200858478008,0.12505736958529223,13.494393053165162,8.300079808459698,-0.5931511846965831,-0.5791771354573019,-0.03621901286636292,-0.11501825175194114,-0.4488934397383737,-0.04808927127559359,-2.77398001363715,8.300079808459698
-0.8558564924564749,-0.4518966735826808,-0.06800884526185988,-11.481323922404087,-0.9120442694257491,-0.08236438358968423,-14.369071695092941,8.300079808459698,-0.2386600681524298,-0.08547263021526774,-0.018704710866730256,-4.263256414560601e-14,-0.26833810748589926,-0.02563738409192043,-1.4253631509962403,4.150039904229849
-1.3758408552659418,-0.863857374087921,-0.07828751305874426,-0.5109106810053596,-1.070571773580209,-0.1467417410455948,-3.7105432350587577,16.600159616919395,-1.6871866214579923,-0.8298620487598409,-0.10688348202943732,-2.632481902462093,-1.3819175397722594,-0.17533771001628784,-5.832114456515491,16.600159616919395
-0.1810888862094462,-1.0573716561146629,0.018663217665105425,2.0304804673135664,-0.06884205222175144,-0.032981143787984835,-4.315668659394955,16.600159616919395,-2.708717535722971,-0.6435253956923503,-0.22672600304897716,-6.860450121638497,-2.6285467028413834,-0.2642110239365318,-11.648067193914184,12.450119712689546
-3.2682006660007303,-0.9839636441570896,-0.21735313988338378,-1.597236799269286,-1.7848747365557074,-0.2607704851312801,-5.609289712371634,20.75019952114924,-5.055362658286454,-1.0707636891408434,-0.3822053707993115,-11.132986142393055,-3.5720367288414314,-0.4256227160472078,-15.145039055495403,20.75019952114924
-0.9232504502810546,-0.24489705173402676,-0.06193568173790909,-2.6219877426139284,-0.18649142186786172,-0.06924998111535419,-4.142131384363767,8.300079808459698,-1.259279976897476,-0.1920113605764957,-0.09857660835302862,-8.326126057596927,-0.5225209484842832,-0.10589090773047372,-9.846269699346765,8.300079808459698
2.3497802486894814,-1.5780211132540316,0.19566490818175172,16.350545090757585,1.978902413660566,0.16269020415495472,9.329499632488535,12.450119712689546,0.06645672373974953,-0.43775706476282217,0.005533115216285134,1.4210854715202004e-14,-0.18443084957997513,-0.01555247403581067,-4.5302707532470805,8.300079808459698
-0.02600637585203902,-0.7013769865401134,0.03203858307717822,1.038808751234832,0.21245260874700467,-0.007016564121953728,-1.9473361998395546,12.450119712689546,-1.7212731650297908,-0.9117260104079836,-0.12866551213962257,-2.981572841209612,-1.482814180430747,-0.16772065933875452,-5.967717792283999,12.450119712689546
-2.1703444634523894,-2.1127612107714437,-0.15362158786305996,13.357821111391956,-1.684421642500511,-0.17043846676150587,6.217337529608088,20.75019952114924,-5.35664459789833,-1.2641535983981544,-0.4495798301207111,-16.66926095590253,-4.870721776946452,-0.46639670901915703,-23.8097445376864,20.75019952114924
0.1979529921453116,-1.4494941636379863,0.026934598658284542,0.5746742832528966,0.15217448240660847,0.014294980993513756,-4.586756029903647,12.450119712689546,-1.5412128841244432,-0.646164186683567,-0.13031420680687114,-2.6174739965010687,-1.574537607332871,-0.13843624387812306,-6.010356591424653,8.300079808459698
-1.941723292747577,-1.4536304131544782,-0.10939905813696416,3.0775288684669704,-0.756250483637122,-0.1132918159593218,-2.1258628541351072,20.75019952114924,-3.3827462431664124,-0.8919277888613717,-0.276571505043373,-14.859698798604626,-2.1972734340559574,-0.2804642628657307,-20.063090521206703,20.75019952114924
-1.5280011996043008,-0.6180952875851524,-0.10161451718745806,-7.376893113386128,-0.8666226353493123,-0.12413332012867262,-9.88058540102248,12.450119712689546,-1.5710433973948001,-0.661448983724382,-0.10330776849156753,-7.376893113386075,-0.9096648331398116,-0.12582657143278209,-9.880585401022426,12.450119712689546
1.8969822324019328,-1.1515451074588015,0.23658044721148253,9.23532470714511,2.030543418817187,0.2281379557745421,7.129831237428533,4.150039904229849,-0.38421276604931887,-0.3118096967423636,-0.019129445408912482,-0.09293413506429715,-0.2506515796340647,-0.027571936845852907,-2.198427604780875,4.150039904229849
-0.058700434369308496,-1.504567469034379,0.0893896748441273,5.011593783770163,0.7531238340647395,0.016198925279770737,-1.3403170001340605,20.75019952114924,-3.4798462258170746,-1.2632379753912115,-0.23956843011856277,-12.97971038356772,-2.6680219573830266,-0.31275917968291933,-19.331621167471944,20.75019952114924
2.6094868514474623,-1.895967102181448,0.2768346231606629,11.698496374315074,2.361754181496356,0.2213723074777681,6.972942833160015,16.600159616919395,-1.9923076894848624,-0.6869662907256284,-0.16126657627301105,-0.38851952275776824,-2.2400403594359686,-0.21672889195590583,-5.1140730639128265,16.600159616919395
0.0,0.0,0.0,0.0,0.0,0.0,0.0,0.0,0.0,0.0,0.0,0.0,0.0,0.0,0.0,0.0
0.036923351991879905,-0.35029632655235154,0.00793444414756056,0.8074301698586979,-0.12261766305621258,-0.027024999008194217,-4.212903146957842,12.450119712689546,-0.4113732528362668,-0.25115657392210444,-0.03322871371595029,-1.4210854715202004e-13,-0.5202779965834958,-0.05568903327455291,-3.594631135859508,8.300079808459698
0.4994054405923709,-1.1675542058523298,0.0972723571175741,17.02030428050188,0.7154354190471945,0.0798818786359955,14.04260929579291,8.300079808459698,-1.4429552801954904,-0.47763216563723354,-0.10802211359856384,-0.015577102518278707,-1.2269253017406667,-0.12541259208014244,-2.993272087227247,8.300079808459698
-0.8570456689599659,-0.4649825386762636,-0.055133031927303344,2.2413106204961295,-0.48808424402051465,-0.08665340680085931,-0.858660432153556,12.450119712689546,-3.716311738338818,-0.49091430290212834,-0.31703271459076837,-6.796194992809291,-3.3473503133993665,-0.34855308946432434,-9.896166045458976,12.450119712689546
-0.9225623419116369,-1.494113451362745,-0.021263095923983455,17.68922015417974,-0.39599088222990186,-0.0539300475624116,12.101659325733554,16.600159616919395,-3.172258587026411,-0.8259151011284818,-0.2453164985750988,-0.11101179572440856,-2.645687127344676,-0.27798345021352694,-5.698572624170595,16.600159616919395
-0.791519349295533,-0.6508062287280652,-0.03547772655845849,-6.91741641883015,-0.33789844136151714,-0.06127366027793679,-11.918977023982592,12.450119712689546,-2.933540023189818,-0.6912099376122907,-0.1974718447135605,-13.105772644955962,-2.479919115255802,-0.2232677784330388,-18.107333250108404,12.450119712689546
-0.7065027038308802,-1.468993458441382,-0.018930487856545053,6.42287580906693,-0.15053179157171748,-0.039657595104751475,0.5465789770327625,20.75019952114924,-2.879184264874124,-1.0162121946809854,-0.24215159596340946,-7.150492340100598,-2.323213352614961,-0.2628787032116159,-13.026789172134766,20.75019952114924
-2.833956021996964,-1.3698280015117277,-0.20961170082664257,3.6911047718817898,-2.350466056399969,-0.2617398914251351,-4.437136251686681,24.90023942537909,-4.140648098788158,-0.8473910148846642,-0.3282735885212588,-0.26900673633185335,-3.745438837086734,-0.37049163544980324,-7.002808958918415,20.75019952114924
-0.4824040071572,-2.3355039618722575,0.07875411363047713,23.704484270249104,0.008758941859787761,0.03239727321735908,18.01776793036396,16.600159616919395,-2.6782164803270225,-0.8308339181800974,-0.1956445627218591,-1.4210854715202004e-14,-2.3138366031180357,-0.22930451470669894,-4.219044223800161,12.450119712689546
2.1512283070548754,-1.265321818750948,0.22382025981798914,13.538230166348065,2.3241003954310946,0.19877720096959417,8.420467605915064,12.450119712689546,-1.4742310236450118,-0.3564936587646397,-0.1114133208802549,8.526512829121202e-14,-1.3619156858650117,-0.1275993678602037,-3.3636025068771644,8.300079808459698
-0.18031036187926563,-0.8564754702467816,0.04219984240864172,-5.7325396687398005,0.8017918260344814,-0.014627009011614955,-10.045402025965732,20.75019952114924,-2.079232992051705,-0.7815329527912969,-0.14716314193397861,-2.5630882669111408,-1.097130804137958,-0.2039899933542353,-6.875950624137072,20.75019952114924
-0.21793636354627832,-1.4171225419744182,0.025183267360329664,6.366032251584336,0.0028478405845078214,-0.018374758784790612,-0.6258063796664715,16.600159616919395,-2.8155159235037086,-1.073959589713473,-0.2026654669546828,-3.7345892608082565,-2.5947317193729225,-0.24622349309980307,-10.726427892059064,16.600159616919395
1.155566882751935,-1.3998471561513135,0.1261864571981226,6.832989119630433,1.2400493232430199,0.1138534522360069,3.585554836097323,8.300079808459698,-0.9767404449437578,-0.4269398965957514,-0.06950802133119738,-2.842170943040401e-14,-0.9360869477904155,-0.07546490373291043,-1.5977965543146482,4.150039904229849
1.152634105718131,-2.6036599515448664,0.19655726833033954,25.21864213983798,1.5292995776007956,0.16098414448807585,17.47769813413139,20.75019952114924,-3.9910556840182743,-1.3533905318759771,-0.32715787962952797,-3.2897181593358766,-3.6143902121356097,-0.36273100347179166,-11.030662165042465,20.75019952114924
-3.291681110947996,-1.4352386882245032,-0.16915868582336313,7.708913888340895,-1.6792442568144264,-0.18586589094932782,2.940012052366047,16.600159616919395,-4.183151418213792,-1.121963292471106,-0.27011609155915606,-0.12735771753683167,-2.5707145640802223,-0.28682329668512074,-4.89625955351168,16.600159616919395
-0.8720497575382957,-1.914746820574079,-0.021424181060755665,7.777986772863322,-0.720597566844372,-0.08595456151197717,1.264082318526171,20.75019952114924,-2.3802260153399146,-0.9968926252161339,-0.17084343712827338,-0.1279710635161635,-2.265466859545273,-0.22046041940554806,-5.301224413206597,16.600159616919395
-1.3624897102991085,-2.652752389129976,-0.003957360038277957,12.372210717870566,-0.8200235306198067,-0.06860071937742784,5.316993554982581,20.75019952114924,-4.792064523570128,-1.3362898020621277,-0.3367648589653232,-7.434519608311135,-4.249598343890826,-0.4014082183044731,-14.48973677119912,20.75019952114924
-0.01992354071309599,-0.023702339110917237,0.001093120302571915,-0.32382251508539284,0.43254709035924854,-0.007314704757674928,-1.1345953991629543,4.150039904229849,-0.3151592957322702,-0.06030783698010822,-0.020814741748971466,-1.3854690850957887,0.13731133534007434,-0.02922256680921831,-2.19624196917335,4.150039904229849
-1.279703296198087,-0.3767706587547348,-0.09254663847825162,-4.4193629365608444,-0.6304969987003695,-0.11775602910877447,-6.816733450783087,12.450119712689546,-1.5273081711029368,-0.33534621044557866,-0.11768255732929866,-10.924057452999822,-0.8781018736052193,-0.14289194795982152,-13.321427967222064,12.450119712689546
-0.5618986532109682,-0.43073811667302664,-0.03708712795804808,0.09881458862959391,-0.5922704391565503,-0.05508438549397132,-3.6579204518330357,8.300079808459698,-0.5754214207856823,-0.15064273786753546,-0.041265100138399624,2.842170943040401e-14,-0.5923053214649698,-0.049946278343466766,-1.829788263661797,4.150039904229849
0.11794722932085833,-0.45887739416410334,0.01809611170560743,0.007306491780610713,-0.042464668065655964,-0.021954393012946938,-4.589521016140651,12.450119712689546,-1.5136298169420526,-0.479019749589753,-0.12951268756081116,-0.6127758793703748,-1.6231128215708601,-0.15518384653529607,-3.697374257881343,8.300079808459698
-0.41133608132097876,-0.9117490944961943,0.0020182628588510942,1.5324637115156179,-0.127352241454326,-0.0511269753092658,-3.710543235058772,16.600159616919395,-1.7069613306335718,-0.7274338595115051,-0.12877288447627017,-4.295337019578437,-1.422977490766919,-0.18191812264438706,-9.538343966152826,16.600159616919395
2.5840319074229345,-1.3531765939065075,0.3078985471628607,26.133908376680026,2.561952763668396,0.2666889465220165,20.796552333075148,12.450119712689546,-0.5311985118842788,-0.03703255714333764,-0.047390022554075206,-3.552713678800501e-14,-0.5482453409831889,-0.07391569313201873,-3.508583299190697,8.300079808459698
-0.39923166572006785,-2.0946648729523716,0.04508601135917789,9.781615382785638,0.09154574205598731,0.015154127387715044,4.194054554339424,16.600159616919395,-1.0196781720692716,-0.7905128133363899,-0.05413712615340832,-0.7813835598736674,-0.6562144596235608,-0.0759648387656035,-4.930067720052961,12.450119712689546
0.49303947034575746,-1.4167660447415802,0.05904884491975254,9.942440371709857,0.34420351300721297,0.022860310952631135,5.409912664145118,12.450119712689546,-2.458760522127146,-0.803867172337009,-0.17032544995496815,-8.098657131297038,-2.6075964794656903,-0.20651398392208956,-12.631184838861778,12.450119712689546
-3.3636043962514517,-0.8178070632916583,-0.2749161630925818,-2.4982014728895265,-2.2920894779989043,-0.324873089415061,-8.253873235125752,20.75019952114924,-4.57232758363153,-0.9401099310418157,-0.39421768336932717,-14.065547017575032,-3.500812665378983,-0.44417460969180633,-19.821218779811257,20.75019952114924
0.6111039757963121,-1.4697954711813654,0.13039947916764005,26.481241700033255,0.6785723920688325,0.09633135232918855,23.47430324569517,8.300079808459698,-1.7891510650343667,-0.739615956507464,-0.12802202969948528,-1.33569163464621,-1.7216826487618464,-0.1620901565379368,-4.3426300889842935,8.300079808459698
0.5254945848738091,-0.3323188663435541,0.06803592885775245,7.395429265397368,1.013044441249078,0.03407803895952455,2.892876444023827,12.450119712689546,-2.335528147911381,-0.31448524239723774,-0.1970394552993282,-9.811285252604172,-1.847978291536112,-0.2309973451975561,-14.313838073977713,12.450119712689546
0.4522563442503458,-1.4985134579179302,0.0611172531608023,0.5065153418673631,0.35664168246263284,0.015591759862411014,-5.790091065369815,16.600159616919395,-3.012330679381847,-0.8682300419915219,-0.2185896826603886,-6.394399985774768,-3.10794534116956,-0.26411517595877987,-12.691006393011946,16.600159616919395
0.7330881014049107,-0.5311994242607625,0.1058718658121065,11.29120463649361,0.9780621519307475,0.051328278280786566,7.273363793665819,12.450119712689546,-1.6747879265702093,-0.29596064947543077,-0.14465198346388286,-14.739512951629933,-1.4298138760443724,-0.1991955709952028,-18.757353794457725,12.450119712689546
0.36002084461814743,-0.2660082637376142,0.02909146756358169,6.24115881362286,0.07663072994705811,0.004707817065315506,2.9591654667995044,8.300079808459698,-0.5703099662368372,-0.2723298748182348,-0.04632768286890694,-0.287150158266563,-0.7135050776541085,-0.058039917565599994,-1.9013124363792713,4.150039904229849
-1.2232976237141147,-0.16327782020781534,-0.0945962367981531,-11.789132685397863,-0.7999041858064881,-0.10645026906282384,-14.874142245891253,8.300079808459698,-1.095617869068355,-0.4469880555884025,-0.07112235018271895,-0.4648832324937082,-0.6722244311607284,-0.0829763824473897,-3.549892792987098,8.300079808459698
0.6078051097810455,-0.6269830917709598,0.07144241952191732,7.98973379782727,0.6656641552732268,0.049426823464812586,4.609296807624574,8.300079808459698,-0.41912354417734665,-0.6597591220489765,-0.017761769764247815,-0.09106021125030139,-0.3612644986851654,-0.03977736582135255,-3.4714972014529977,8.300079808459698
0.02500805141558704,-0.6776219784826267,0.03028894342231403,1.5996734546229625,0.42160691117081317,-0.006790337452144191,-3.0448908677812057,16.600159616919395,-1.7991540006086826,-0.48923231395995614,-0.14477129813988865,-2.085844426097193,-1.5054224564505336,-0.17193199331271436,-5.548415909987003,12.450119712689546
-0.5142613851063293,-1.2231431123075875,-0.0073430876675244505,7.53279683349966,-0.09802161547820543,-0.03146243430457446,0.5276423536695205,16.600159616919395,-2.928267556128916,-0.7521522419250779,-0.2099469473182806,5.684341886080802e-14,-2.621258129317483,-0.22761896501942483,-5.184655709955635,12.450119712689546
1.4755269810753369,-1.2233833846505249,0.15847039564650928,17.970425262401484,1.609970262223226,0.14270712336884417,14.532584851967833,8.300079808459698,-1.0566743373924492,-0.6651137810047523,-0.06828963037196006,-0.6225483192915675,-0.9222310562445601,-0.08405290264962517,-4.060388729725219,8.300079808459698
-0.20854266611933792,-1.620673391760242,0.03755809122787507,17.68922015417972,0.09011885030003608,-0.006220765947686613,12.101659325733518,16.600159616919395,-1.9281440210743739,-0.6550149978298432,-0.1338416817452489,0.0,-1.7089317317636743,-0.16553911509267488,-4.148684160179307,12.450119712689546
3.512993768273587,-1.8181297255640665,0.3666341001545653,25.67346957050879,3.607927152019741,0.3581744642207747,22.68837924745038,8.300079808459698,-0.02344037127495202,-0.1415941180357727,0.00037299433922827196,7.105427357601002e-14,0.02252273451073261,-0.003742737922423689,-1.47449425266268,4.150039904229849
-0.02367479968208297,-0.37425428506047,0.0005313589743557723,4.652503117584608,-0.2531764756711796,-0.027229951351484205,0.2878898110392214,8.300079808459698,-0.9219276231963835,-0.48425302030397077,-0.07816795567946472,-0.08812047187587524,-1.0379476764201812,-0.09150371880340863,-2.22582388299373,4.150039904229849
-0.5861495596836583,-1.20522719525923,0.010835718190931765,-1.9371462914019801,0.42052585511107576,-0.009529623889346084,-6.37551398670556,16.600159616919395,-4.2253409151141295,-1.330651596189604,-0.2668909911991247,-14.706640311506558,-3.2186655003193954,-0.28725633327940253,-19.145008006810137,16.600159616919395
0.4726542840993164,-0.8611294248446981,0.018971632894186005,5.855883426536792,-0.5593864218271793,-0.02924113864085358,-0.9569737573196733,12.450119712689546,-0.6873968375225692,-0.13317655834197062,-0.05137862060924868,4.263256414560601e-14,-1.3782602665352472,-0.0821477434574167,-4.36256592103021,8.300079808459698
0.10285145166266663,-0.7117690421721061,0.04669440200150898,2.830389657417154,0.39817795681340584,0.004237414633354253,-1.2945471576546588,12.450119712689546,-0.5551195884656801,-0.46109147167996056,-0.027276752382380254,-3.975167041920379,-0.2597930833149409,-0.06973373975053498,-8.100103856992192,12.450119712689546
-1.3030858831349903,-0.42220173481473644,-0.08505862204239678,-5.511121483671278,-0.6316917470265082,-0.09712690866490603,-7.96631967672473,8.300079808459698,-1.5369538137526284,-0.39009596925342294,-0.11055772315134649,-3.218413155606626,-0.8655596776441463,-0.12262600977385574,-5.673611348660078,8.300079808459698
-0.6818942904958547,-0.24365955935893346,-0.03194781190144158,2.4868995751603507e-14,-0.22052082402732687,-0.03921269454036924,-0.6886372449096143,4.150039904229849,-0.8119828432086909,-0.24375453168659256,-0.04402642707675253,1.0658141036401503e-14,-0.350609376740163,-0.05129130971568019,-0.6886372449096285,4.150039904229849
-1.702247365926013,-0.3931312438596688,-0.1350198066004138,-6.136255286985691,-0.9466076796774914,-0.1605965208830017,-9.459960118348576,12.450119712689546,-2.368963428753501,-0.42573950041292896,-0.19940605511230636,-9.225015862546336,-1.6133237425049796,-0.22498276939489426,-12.548720693909221,12.450119712689546
1.521910928516368,-2.892007759615197,0.19338618722107642,15.783759794762176,1.6684982097752377,0.17002118342461542,10.196198966316004,16.600159616919395,-2.262069438124592,-0.8450519013774862,-0.162564595104722,-9.454999486834055,-2.1574794823903343,-0.17952328180609006,-13.603683647013398,12.450119712689546
0.8689916196857883,-1.5266482588711838,0.10298087347368423,15.952311563457119,0.9356252895752482,0.08578980671909658,12.075658745877913,12.450119712689546,-1.3459166618188023,-0.6288307437497185,-0.10370035349414217,-3.99532145459807,-1.2792829919293425,-0.12089142024872981,-7.871974272177276,12.450119712689546
-1.2044313656269114,-1.7358332147835007,0.02980608601033785,8.190195579680928,-0.5199433214019056,-0.015296493178616255,4.3620412237266315,12.450119712689546,-2.642287176431245,-1.269426648286455,-0.14080561976053763,-0.1197223232990865,-1.9577991322062394,-0.18590819894949173,-3.9478766792533833,12.450119712689546
1.2514051284905348,-0.4142088662602603,0.13197455117173607,15.844198072615931,1.4924938581224234,0.1231678417305474,12.041225008238989,8.300079808459698,-1.5377358280466602,-0.20092449973523863,-0.13436160787817086,-5.683150680077098,-1.2966470984147715,-0.14316831731935953,-9.48612374445404,8.300079808459698
-1.9664073234956447,-0.47882117325172935,-0.15264117931069376,-0.49905156637932535,-1.1982041268420396,-0.15774175393219547,-3.397573970883549,12.450119712689546,-2.0770695933492567,-0.4916373710123576,-0.16248434353142516,-0.9057232950502865,-1.3088663966956515,-0.16758491815292686,-3.80424569955451,12.450119712689546
1.8701764692563128,-1.6320819940516245,0.25085606822133766,21.925184497043084,2.331638195564012,0.2324160102606163,16.93326306144791,12.450119712689546,-2.3214207292881595,-0.8035581494110922,-0.16947298650670406,-0.09298490626287759,-1.8599590029804602,-0.1879130444674254,-5.084906341858051,12.450119712689546
-2.076448009588572,-1.3603236969866863,-0.10284765057931788,-4.30317347439091,-1.118833377380124,-0.1759473579820633,-10.533035725417886,24.90023942537909,-3.76998367917476,-1.013802167030553,-0.25237588738879074,-15.2913266513481,-2.9795324140059254,-0.3115152257241331,-20.456603415167415,20.75019952114924
-0.5116435534928021,-1.2861057171730508,0.013748749240043545,13.64151085852184,0.03541316837036845,0.000815217110526234,9.007721683501742,12.450119712689546,-3.718823087298251,-0.7260845999611476,-0.2940478881430172,-0.10297333162961309,-3.1717663654350803,-0.3069814202725345,-4.736762506649711,12.450119712689546
1.1968355749712112,-1.126355405892756,0.09112555723610952,6.758222877987237,1.046245101091936,0.08398780527999024,5.191783972481559,4.150039904229849,0.0,0.0,0.0,0.0,0.0,0.0,0.0,0.0
0.6797479656455385,-0.4814456565248708,0.08961146974066758,2.5825198424191314,0.9528772612455549,0.07532444468019783,-0.6540272091584605,8.300079808459698,-1.334824148448721,-0.19840948985561369,-0.11687421818450366,-3.390820126357326,-1.0616948528487047,-0.1311612432449734,-6.627367177934918,8.300079808459698
-0.7709135243813208,-0.2514572906733257,-0.04959513624881928,-3.6281313364296714,-0.28816141452652033,-0.06849844341795375,-6.178730453972058,8.300079808459698,-1.785697119543749,-0.7087079208206841,-0.11172571109805285,-0.13717671633888173,-1.3029450096889486,-0.1306290182671873,-2.6877758338812683,8.300079808459698
-0.30036744620136613,-1.0146695230468978,0.004709974645236814,11.072266489035812,-0.17069927370279014,-0.028348777747612797,6.606514932520803,12.450119712689546,-2.051165760910334,-0.38433119833234386,-0.1457516269369457,-4.933035125080927,-1.9681481395603662,-0.1670990390776726,-7.878857452735232,8.300079808459698
-1.6615281955689953,-0.6109001274537462,-0.11259089020153218,0.8269767668580243,-1.3819993273631592,-0.16401155277941598,-4.263401156074142,16.600159616919395,-2.5363894517237418,-0.8259189677860466,-0.17970714601632043,-2.960751485908652,-2.2568605835179056,-0.23112780859420423,-8.051129408840819,16.600159616919395
-1.5394713815093164,-1.6510352618476531,-0.051204599011641205,17.348267371137403,-0.8617575664000787,-0.08701967939241517,11.760706542691189,16.600159616919395,-4.436639171910461,-1.099388999396945,-0.34815256210297785,-0.11101179572440856,-3.7589253568012237,-0.3839676424837518,-5.698572624170623,16.600159616919395
2.06034047635264,-1.8429593235484418,0.2879915123406311,28.863845510201806,2.1891809888580305,0.2683250227792725,25.4227132271602,8.300079808459698,-0.7659860333070867,-0.19292661215590456,-0.060760649827360236,-0.46867454720742074,-0.6371455208016963,-0.08042713938871882,-3.9098068302490248,8.300079808459698
1.594663584627165,-1.3272863864295168,0.21270402549786344,23.098887422751133,1.904796239088724,0.19867425572599945,18.335996143274038,12.450119712689546,-1.4972933555614354,-0.41560307907942473,-0.12815614814410503,-1.4210854715202004e-14,-1.2928660014767779,-0.13736042464609316,-3.134935868018495,8.300079808459698
-0.26299916499394893,-0.9799989702929537,0.016098515323471285,1.3383886162310787,0.12601254449366994,-0.011912000586812299,-4.1486841601793145,12.450119712689546,-3.314416503026929,-1.03745897857541,-0.23127833400057785,-0.10839197065041617,-2.92540479353931,-0.25928884991086143,-5.595464747060809,12.450119712689546
-0.6748437272194217,-0.9338132247097679,0.01724574046681504,8.09281285306254,-0.021050025361102342,0.0045784858021324926,5.151166234590775,8.300079808459698,-2.0416203494721072,-0.7223948296921563,-0.1271102844619344,-0.12729113810046044,-1.387826647613788,-0.13977753912661695,-3.0689377565722253,8.300079808459698
-1.067921308434828,-0.3498070656301291,-0.06874222171757793,-0.5109106810053845,-0.7051484971484232,-0.07205387273178032,-1.3033339386031138,4.150039904229849,-1.067921308434828,-0.3498070656301291,-0.06874222171757793,-0.5109106810053845,-0.7051484971484232,-0.07205387273178032,-1.3033339386031138,4.150039904229849
1.5050724604583454,-1.9394729927101313,0.19839296892042635,3.9271183334860282,1.3475410881514494,0.13151621499529031,-2.9177538146529756,16.600159616919395,-2.1862406318060135,-1.0941282940059782,-0.16950531782202877,-4.719915549958287,-2.3437720041129095,-0.2363820717471648,-11.564787698097291,16.600159616919395
-2.7439983185904246,-0.6199244966580739,-0.21005237540163324,-0.4839685594633778,-2.1262043996568067,-0.24469064394410056,-3.2827225796671975,12.450119712689546,-2.99659803497574,-0.6583635224876261,-0.23210435915461558,-0.4839685594633778,-2.3788041160421223,-0.2667426276970829,-3.2827225796671975,12.450119712689546
2.161388630895922,-2.358672715267401,0.3244373345940186,12.880169730729044,2.8125158492253277,0.33060593150149264,8.698189519523915,12.450119712689546,-3.0028776893491704,-0.5965808871439826,-0.23916169751136962,-9.517909142383616,-2.3517504710197645,-0.23299310060389555,-13.699889353588745,12.450119712689546
0.30276967894840023,-1.3728371642677075,0.05590513268722802,16.444135352949214,0.33243396040922857,0.007458651463716215,9.532814283306013,20.75019952114924,-1.9708823964431632,-0.441715032689304,-0.1617995224946186,-3.254653643498898,-1.953256195688402,-0.19940675389861756,-8.73075200712531,16.600159616919395
1.6063612917762704,-1.1711572361408678,0.2160155305749768,17.980184706529275,1.692850633552423,0.18888357468060535,15.38977066531869,8.300079808459698,-0.3398823833333564,-0.10665260747873617,-0.02693869815656663,0.0,-0.2978400904264378,-0.0401020651465937,-1.284232155718989,4.150039904229849
-1.6710609668632914,-1.6767984613020612,-0.05324671414598281,4.436674790375175,-0.605467721119135,-0.06329159425660447,-0.4891112351411131,16.600159616919395,-4.54856289456671,-1.225005987681369,-0.32760675305063713,-0.13454749147663136,-3.4829696488225537,-0.3376516331612588,-5.0603335169929196,16.600159616919395
-2.0973950745566627,-1.1225919244045972,-0.155058481689301,-1.7510236675688624,-1.8780382481347502,-0.20146204436620366,-7.393636917932799,20.75019952114924,-3.280753866478636,-0.696471524759076,-0.26104191989841874,-5.718991526602032,-3.0613970400567236,-0.30744548257532134,-11.361604776965969,20.75019952114924
1.4156310026724572,-1.0651682410816985,0.15631591757676971,12.128741788775493,1.5767652203082738,0.14451450945298233,9.032020534913876,8.300079808459698,-1.0635103827990378,-0.21126474679042317,-0.0829041051148598,-2.842170943040401e-14,-0.984381605523077,-0.08866569661520757,-1.5265424518892345,4.150039904229849
0.25739221623961583,-1.5422242440834655,0.05808093197326225,13.135526179127247,0.07610732936340625,0.01410481148431264,8.986842018947954,12.450119712689546,-0.8223445509162541,-0.28365625838527464,-0.0701418444905823,-6.44004994466156,-0.9456307743614722,-0.09836513070413605,-9.178160665071701,8.300079808459698
-0.22889232126293013,-0.6361272100461601,0.006795294635223992,-1.1884912376023848,0.09493005879619432,-0.019272683530635826,-4.340967782110493,12.450119712689546,-2.012489906463366,-0.581335194178866,-0.167483514315575,-4.801607093892567,-1.6886675264042417,-0.19355149248143483,-7.954083638400675,12.450119712689546
1.2237784568476018,-0.7837424454151165,0.15939921427224224,13.888779786970016,1.5385883658983968,0.14667323116767705,10.208859727041041,8.300079808459698,-1.2172425141948162,-0.4342597596051956,-0.09376902871628534,0.0,-0.9024326051440212,-0.10649501182085053,-3.6799200599289748,8.300079808459698
-2.1132346655238887,-0.5796357438719273,-0.12245837958566375,-0.510910681005381,-1.410744699689337,-0.14651002457512385,-2.100739614641409,8.300079808459698,-2.1132346655238887,-0.5796357438719273,-0.12245837958566375,-0.510910681005381,-1.410744699689337,-0.14651002457512385,-2.100739614641409,8.300079808459698
3.1624098794005517,-2.9398143345061225,0.3980663875193034,22.639318031681658,3.2604808693128318,0.3567692114852901,17.051757203235464,16.600159616919395,-1.2888294734107353,-0.8326106578351276,-0.08812853974184631,-0.11101179572441566,-1.2202797614106364,-0.11805305349426565,-4.259695955903709,12.450119712689546
-1.826127393150756,-0.36154239223089313,-0.15785916078403617,-7.042207766746877,-1.422909276098161,-0.18347117337172614,-10.802863750486146,12.450119712689546,-1.8396851372550316,-0.12197941188742867,-0.16737908618398661,-9.713338490136373,-1.5727739476751879,-0.1839250227354539,-12.205465211620616,8.300079808459698
-0.012757806784291503,-0.682636758622051,0.026502971949093346,16.57056778198902,0.35595644978245744,-0.00550086910059,11.57457052409454,12.450119712689546,-2.2308561498120216,-0.3998721157616316,-0.16446492652539518,-2.451547300611878,-1.8621418932452727,-0.19646876757507853,-7.447544558506358,12.450119712689546
-0.7001360432955739,-0.10502022066476258,-0.06055161475587767,0.0,-0.45914604121899405,-0.062078444019663004,-0.46410282229093625,4.150039904229849,-0.8078842060636138,-0.11807617604011966,-0.07020388181071524,0.0,-0.5668942039870339,-0.07173071107450057,-0.46410282229093625,4.150039904229849
0.31903138437847645,-1.967132513509279,0.12052945088127909,22.68959054645714,0.7089504951424797,0.023385717054357658,13.286128662994436,24.90023942537909,-2.573552929855194,-0.9134352935511458,-0.18328692182449868,0.0,-2.2558533464959396,-0.26145863128820923,-7.7409440057065595,20.75019952114924
-2.3627336852920724,-0.9440667256842463,-0.1605288841216308,-5.163512075144315,-1.205686476755341,-0.21382335965297838,-9.983069897576012,20.75019952114924,-3.4420532728266497,-0.8594832134197379,-0.27510018300129757,-8.966841970721681,-2.2850060642899184,-0.32839465853264516,-13.786399793153379,20.75019952114924
0.7180568994310965,-0.965629674708401,0.07381974850084899,-0.7908976795953251,0.7509723760965148,0.06240792484761576,-4.2331674156874755,8.300079808459698,-2.2640124683512397,-0.770437045314381,-0.179668445979215,-8.106845138779029,-2.2310969916858214,-0.19108026963244823,-11.54911487487118,8.300079808459698
-1.3637614250198844,-1.5825894286681859,-0.0031670400295521484,5.956371357779233,0.010905228942093004,-0.027989567753923583,0.368810529333075,16.600159616919395,-3.4312394388532406,-0.7907605672859059,-0.20789067423382268,-0.20494285050681071,-2.056572784891263,-0.23271320195819412,-5.7925036789529685,16.600159616919395
-1.2654492600867595,-1.6199814483038182,-0.07028431094728205,6.929389500422992,-1.3920008681031382,-0.13082544246846284,-2.029399669036792,20.75019952114924,-4.2037294404824515,-0.8754959519772569,-0.2936197432022929,-3.09505949203362,-4.330281048498829,-0.3541608747234737,-12.053848661493404,20.75019952114924
0.18035994947211975,-0.8827867258967519,0.08855101862265347,10.30993227620056,0.7272689474478788,0.07966921901119417,8.083158252204026,8.300079808459698,-1.2134746241035712,-0.31154446582518247,-0.08924683400612621,-8.00843234438453,-0.6665656261278121,-0.0981286336175855,-10.235206368381064,8.300079808459698
-2.2358394779855573,-1.259456058832999,-0.128044775792844,8.212852626610346,-1.5934095112142943,-0.1665923181227611,3.094924314830781,16.600159616919395,-2.808603156253753,-1.0623189939383693,-0.1830361304121521,-0.12081405316985183,-2.16617318948249,-0.2215836727420692,-5.238742364949417,16.600159616919395
-1.7081944861933485,-1.929965780938792,-0.09303712587161767,7.171725914833136,-1.5713149038741436,-0.16685266463821213,-1.1348612182910394,20.75019952114924,-4.266548502102219,-1.2729190602117537,-0.33546670602121664,-1.4730344235801596,-4.129668919783014,-0.40928224478781106,-9.779621556704335,20.75019952114924
0.8444002541595719,-0.5965857119472044,0.12041815747523188,10.108819253355751,1.3201498222598085,0.1042429600724819,6.598273473335169,12.450119712689546,-1.5584551897858345,-0.3754778778553334,-0.13742897338889415,-8.423459613020832,-1.082705621685598,-0.15360417079164412,-11.934005393041414,12.450119712689546
-1.2366757891895128,-0.7981494587624702,-0.0541457999721352,-1.5157970706253678,-0.534740125960842,-0.08741319987837148,-6.298161833391202,12.450119712689546,-3.8414221323849205,-0.7371219559196511,-0.30680431606090597,-14.791763041942232,-3.1394864691562496,-0.34007171596714225,-19.574127804708066,12.450119712689546
-1.30321778674245,-1.5615687260659232,-0.10235051557665382,-3.212275823566621,-1.7045497030849122,-0.1533124404746078,-12.529227046025682,16.600159616919395,-2.7044479381950204,-0.6320372760862174,-0.21449860345372243,-6.582065364453086,-3.1057798545374826,-0.2654605283516764,-15.899016586912147,16.600159616919395
0.04706446993734126,-0.23633946204131107,0.019028579531214396,0.11756546763177056,0.4659585313874226,0.0057281106429352135,-2.516082668773194,8.300079808459698,-0.3182539886382507,-0.43174551521380167,-0.0026195699046964727,-0.12355761236999996,0.10064007281183063,-0.015920038792975655,-2.7572057487749646,8.300079808459698
-0.8466066623367574,-0.5028112286256174,-0.05524287273157058,-7.556875141672823,-0.5304547260978509,-0.06730655341055147,-9.14670407530884,8.300079808459698,-1.7372396168588322,-0.4788697126716297,-0.14310985273249333,-7.556875141672823,-1.4210876806199257,-0.15517353341147422,-9.14670407530884,8.300079808459698
-0.2918693165540489,-0.74236034033955,0.02335817985883637,7.614136490707271,0.6293500091402171,-0.0075381707571275935,3.205059767777552,16.600159616919395,-1.5006622578956677,-0.6279183788603948,-0.09307722491154302,-7.392111029518357,-0.5794429322014016,-0.12397357552750699,-11.801187752448076,16.600159616919395
-0.3556573356610304,-0.8373609260164745,0.01482720041412866,14.76983866611942,-0.06743033734306625,-0.0057103176224239105,11.797583930287004,8.300079808459698,-2.1359371628091983,-0.4780993917174925,-0.17612246915348267,-2.1616590362882064,-1.8477101644912342,-0.19665998719003525,-5.133913772120621,8.300079808459698
-0.5900492349212083,-0.5140621884833223,-0.020225528578397767,0.2667400448775581,-0.044703510657817525,-0.05818500116336511,-2.8364068566663043,12.450119712689546,-2.4753319460106837,-0.6916117333057397,-0.19076807986518907,-3.08186718766369,-1.929986221747293,-0.2287275524501564,-6.185014089207552,12.450119712689546
2.8529139980375984,-1.64999817002092,0.20669167785253906,-0.20064269395050616,2.5456341339632482,0.18819254730700863,-5.866815696071036,12.450119712689546,-2.3298357838217765,-0.433268601650985,-0.1631668010787623,-12.263458190236108,-2.538806163824403,-0.17499707674700934,-15.967205246879239,8.300079808459698
0.18065931436861415,-0.7495234275810958,0.04769403130181277,0.39053446018262505,0.44966437665490133,0.009389505194335457,-4.972511647820763,16.600159616919395,-0.7966203147881767,-0.27461722727193916,-0.06618923044424507,-8.881784197001252e-14,-0.5984274761925645,-0.09436675484467266,-4.093244821067199,12.450119712689546
-0.9369367727388056,-1.6213192701326928,-0.0014997913565858445,6.220527886390784,-0.20716092745871606,-0.06695028394890268,0.6666206830448296,20.75019952114924,-3.5436502683412696,-1.0251191692809947,-0.2433072459207361,-3.1226105951298706,-2.81387442306118,-0.30875773851305294,-8.676517798475825,20.75019952114924
-0.340657216526119,-0.47034003880314934,0.0005678752377519247,-2.3313072435056625,-0.010820928127719398,-0.02438880863795756,-4.468155102936144,8.300079808459698,-1.0242613678799417,-0.3287043978401325,-0.07444514897928556,-6.632293859251369,-0.6944250794815421,-0.09940183285499504,-8.769141718681851,8.300079808459698
-2.051687321247119,-0.44109586919702615,-0.15105119801193023,-11.978793106078136,-0.8120591699904978,-0.1664427501007113,-15.178425660131538,16.600159616919395,-2.9184253293340614,-0.2787992761551532,-0.23885525501121574,-10.341250550034573,-1.6787971780774402,-0.2542468070999968,-13.540883104087975,16.600159616919395
0.9794142174835763,-1.3455520755757462,0.19605313528517332,18.516155246480604,1.3777923681095992,0.1680498998151858,15.266630705377413,8.300079808459698,-0.24831322979970238,-0.559895788493554,0.017948562861816897,-0.11028984422414112,0.1500649208263205,-0.010054672608170612,-3.359814385327333,8.300079808459698
0.2606085137162095,-1.3879704055209316,0.07907546930406673,17.996547061127686,0.5018693229144056,0.044261467740910665,12.97062407312044,12.450119712689546,-1.0421784384281763,-0.467610071946746,-0.06939139092371821,-1.4210854715202004e-13,-0.8841990074895278,-0.09180931764626138,-3.3121462050000545,8.300079808459698
-1.8579127674525076,-1.1998642352727753,-0.09162996903423881,8.264880742106286,-0.86957693518801,-0.09057575873758905,4.457260214929427,12.450119712689546,-2.520003777179669,-0.9841121041365994,-0.1682641971299469,-0.12081405316983762,-1.5316679449151716,-0.16720998683329713,-3.9284345803466962,12.450119712689546
0.8572135687730418,-1.4919197981118764,0.17698637163028696,22.68959054645712,1.2084838414281327,0.1581570851603883,19.704500223398753,8.300079808459698,-1.416953067333493,-0.6851538920418996,-0.08614292983612182,-0.10122383460848283,-1.065682794678402,-0.1049722163060205,-3.0863141576668482,8.300079808459698
-1.0658747478508035,-1.3129775784222826,-0.06185215203195321,-4.722929508354149,-0.9922697251104617,-0.09018225084056103,-9.186329784824963,12.450119712689546,-2.130858876986985,-0.8794037879420546,-0.16181922847335792,-5.898760128184335,-2.0572538542466434,-0.19014932728196574,-10.36216040465515,12.450119712689546
0.40875373463655684,-0.20929096238169898,0.0534141413388276,6.0391109446686,0.6669007266878477,0.04264745810498072,4.816231240430412,4.150039904229849,-1.08482691776657,-0.12700517620954876,-0.08494891646826086,-3.1371839134644617,-0.826679925715279,-0.09571559970210775,-4.36006361770265,4.150039904229849
-0.6780436612235263,-0.2119804370253533,-0.04242936236717432,-2.0064387204947955,-0.2675208573351018,-0.07181200737092952,-4.046066982343497,8.300079808459698,-1.220641309726167,-0.2207640890194611,-0.08797581924110098,-6.044282746540887,-0.8101185058377425,-0.11735846424485619,-8.083911008389588,8.300079808459698
0.44292524462350435,-1.803087281939126,0.19639741087850748,19.001731498886656,1.9724766515180958,0.16967284541762528,11.839240107199466,20.75019952114924,-2.6853815684523274,-0.5131509975891788,-0.19921958664998407,-2.1053838079535936,-1.4651077748944799,-0.22065936816432563,-7.806779075799717,16.600159616919395
-0.10413116165373104,-0.4956248068269762,0.026029510181887483,-0.510910681005381,0.3973895891753454,-0.018497819650084235,-2.9031389715483336,12.450119712689546,-1.3153765890117297,-0.31986668756638004,-0.09718247783720091,-0.510910681005381,-0.8138558381826533,-0.14170980766917263,-2.9031389715483336,12.450119712689546
0.16340780112893416,-1.5505158809070991,0.05173894242169691,-1.5639635989038183,0.09641150291828104,-0.017802023141898382,-7.763778372251906,20.75019952114924,-2.857370758166522,-0.6739394494885502,-0.2283099770219132,-12.453158752140347,-2.924367056377175,-0.2978509425855085,-18.652973525488434,20.75019952114924
0.9292916600251333,-1.2826766184082032,0.1445302559786693,16.763715635973643,1.3181084712218016,0.12577167070078688,12.615031475794314,12.450119712689546,-0.14986063912045822,-0.2089176026360402,-0.005067906606511241,1.4210854715202004e-14,0.10695615423763627,-0.017266136060735904,-2.738110720410127,8.300079808459698
-0.3114456738291471,-0.5153096077393204,-0.0062427165873799595,0.11771779830166551,0.23861892393053363,-0.011004357510005724,-3.5162149813677708,12.450119712689546,-0.777189029068559,-0.17294853723745796,-0.06102689808074491,7.105427357601002e-14,-0.4128990208493333,-0.06448843942237381,-2.417443464965814,8.300079808459698
-1.4102324114707345,-0.7457103455687548,-0.07083965666926018,-0.5109106810053952,-0.6181940001433803,-0.09482376104713675,-2.903138971548337,12.450119712689546,-1.5264616909051334,-0.7478384478307571,-0.08097075505505213,-0.5109106810053952,-0.7344232795777792,-0.1049548594329287,-2.903138971548337,12.450119712689546
-0.39482336185165945,-0.29394878868622953,-0.017114448889813283,-5.9461150369286315,-0.1945788613179511,-0.0252094628880708,-7.346582884095685,4.150039904229849,-0.7369885490734696,-0.2253895477624397,-0.05406619387922018,-6.558843143291277,-0.5367440485397612,-0.0621612078774777,-7.959310990458331,4.150039904229849
0.034840289353943454,-0.9532341543825336,0.03333837119340077,2.3595886794246113,0.06424938643077027,0.00692056567076621,-2.6299640790818586,8.300079808459698,-0.8061805215150875,-0.2316795870670827,-0.06137851092807839,-7.105427357601002e-15,-0.792808249753918,-0.07409023804745402,-2.444230531717963,4.150039904229849
0.01107371133268753,-1.5518438325731356,0.05133572185882351,-0.986907987775318,0.34554911575470637,0.05012940135368976,-4.112075397974614,8.300079808459698,-1.9626307316070513,-0.41034320481658604,-0.14550207525779713,-5.030367783373748,-1.6281553271850324,-0.14670839576293088,-8.155535193573044,8.300079808459698
0.8344918123918355,-1.0835470115444945,0.08853256593555542,-1.4359793271949997,0.8471236647685121,0.07145338520555067,-4.222693198451367,8.300079808459698,-1.3879736561003497,-0.5131644686985144,-0.10140168554709417,-0.1085030573010215,-1.3832318778576047,-0.10964077408177048,-1.4884278230775507,4.150039904229849
-1.2753637634229449,-0.7097515852843745,-0.059303182321846504,-0.5109106810053845,-0.5602971358780202,-0.09402394522665702,-2.903138971548337,12.450119712689546,-1.5934663845262662,-0.6606021301111085,-0.09315653827394688,-0.5109106810053845,-0.8783997569813415,-0.1278773011787574,-2.903138971548337,12.450119712689546
0.3190830102912434,-0.5116692026741241,0.04713470816246085,5.162995303985117,0.3825185482851934,0.03755912833868513,3.9418156995846694,4.150039904229849,0.0,0.0,0.0,0.0,0.0,0.0,0.0,0.0
2.1027833912139693,-1.7508183660417806,0.17298636464133715,7.432696353694126,1.8413101531862042,0.14302616389629622,2.1636720946968495,12.450119712689546,-2.198501091255378,-0.5591710791625459,-0.15559290314764926,1.4210854715202004e-14,-2.376648114917501,-0.17480171974371758,-3.41868643957298,8.300079808459698
-0.38776597366902976,-0.45422568898319504,0.001842460012822511,-0.08826026746108084,0.16658221453127453,-0.012870370641495543,-1.757083026354044,8.300079808459698,-0.6817527501069112,-0.4343184036878469,-0.02850088828184627,-1.1196184731175656,-0.12740456190660687,-0.043213718936164325,-2.7884412320105287,8.300079808459698
-0.6054935232166372,-0.5226944449909503,-0.009518600447152692,-4.350693172400753,0.11384785110744033,-0.05791453295552429,-6.776016470162514,12.450119712689546,-1.180259082343449,-0.5322258102706474,-0.06553932090567771,-12.127656474967772,-0.4609177080193714,-0.11393525341404931,-14.552979772729532,12.450119712689546
-0.5522928830838492,-0.9670773915526585,0.03878703066517941,9.993853413818329,-0.022523765390980444,0.009079891385013639,7.995542841205669,8.300079808459698,-1.852666166368211,-0.3220101048751882,-0.13262817771759194,-0.45718985476527507,-1.3228970486753422,-0.16233531699775772,-2.4555004273779346,8.300079808459698
-1.4431306886608866,-1.1168262608150528,-0.06068917449594513,-0.4928942035712147,-0.8466555796489805,-0.11800407330828411,-3.9947322751550693,16.600159616919395,-1.6236015206116718,-0.8871697962009542,-0.08894476866052836,-0.4928942035712254,-1.180348770756856,-0.1309195673148894,-3.1091834382946395,12.450119712689546
-0.46061148714233724,-1.9522166748897778,0.03213868274551679,16.05285526067643,-0.09628465828064314,-0.03197405605284298,9.190154798258476,20.75019952114924,-3.7887723432277642,-1.339158901123671,-0.2714937153510194,-2.5105689359825263,-3.42444551436607,-0.3356064541493792,-9.373269398400481,20.75019952114924
0.5560354864859063,-2.1954152335646224,0.12252152089550156,15.560607265201362,0.6487068242648331,0.06998224247348495,9.443049467063645,16.600159616919395,-3.3020620537891343,-0.9612062959758028,-0.24353408943362223,-8.861039008552062,-3.2093907160102075,-0.29607336785563887,-14.97859680668978,16.600159616919395
-0.26491185966308706,-0.39413788737447497,0.007763185993312938,1.3389349433932018,0.18706511333950182,-0.020177384266480414,-0.472012113186981,8.300079808459698,-1.0642650927549688,-0.11289184845589695,-0.0839134072594202,-8.705860109927599,-0.8391723847930965,-0.09743359958583475,-9.607632194581797,4.150039904229849
-3.2354743744416714,-1.346934639647941,-0.2404008835763371,4.932915032690847,-2.4955978819145352,-0.2628462986191032,-1.1972655643498022,20.75019952114924,-3.1207768965885174,-0.8583919104888533,-0.23712888296548734,-0.07666073602229062,-2.535005884244046,-0.2550397940663138,-4.946224511503459,16.600159616919395
-0.3449945205606042,-0.14445652090896566,-0.018665753526736384,-1.0658141036401503e-14,-0.08117006004220251,-0.029378663850308406,-0.7924232575977186,4.150039904229849,-0.30331589894010236,-0.08920695899247733,-0.01953011975259611,0.0,-0.039491438421700664,-0.03024303007616813,-0.7924232575977079,4.150039904229849
-0.3053107209198602,-1.1410574630449357,0.026851564521531923,9.96138839665922,0.38732912339298764,0.01403864278909095,5.061563408042549,16.600159616919395,-2.4631464001783954,-0.5373426448837719,-0.21398081859973328,4.263256414560601e-14,-1.7705065558655475,-0.22679374033217425,-4.899824988616629,16.600159616919395
2.522882764221346,-2.1255657627580042,0.24825257816585652,22.450985727360376,2.319461321251559,0.22279200692069395,16.978858532253142,12.450119712689546,-2.0907078777024024,-0.7041395512498738,-0.17353078760395652,-1.5993264676418235,-2.2294669467155526,-0.18984401953083402,-5.1765093820928385,8.300079808459698
-0.44279142025420715,-1.2547121905092897,-0.025311022566944646,-0.19239809367424243,-0.5925134168295099,-0.060632687533772545,-7.329005901923438,16.600159616919395,-2.60013910893766,-0.48182065370842686,-0.2044253765690099,-17.42646248512952,-2.717243548905568,-0.22988569246405693,-23.020941464230113,12.450119712689546
1.0058376994596996,-0.36665750699491184,0.09660545060876707,9.485696560135793,0.9419374775195388,0.08661371566806675,7.5619685552298606,4.150039904229849,0.0,0.0,0.0,0.0,0.0,0.0,0.0,0.0
0.19899717883371437,-1.245928259986261,0.08743437318988256,20.522989053243855,0.7322384200163503,0.08315231434386039,17.487132959504457,8.300079808459698,-1.5780645330214504,-0.22108455464208987,-0.11563676966052938,-0.32604581644763897,-1.0448232918388145,-0.11991882850655156,-3.3619019101870364,8.300079808459698
0.0,0.0,0.0,0.0,0.0,0.0,0.0,0.0,0.0,0.0,0.0,0.0,0.0,0.0,0.0,0.0
0.6563341934066935,-1.515148502411117,0.1053125027554207,16.2337663888843,0.6941076344280761,0.06618251396277952,10.349707206564872,12.450119712689546,-3.2333637964894413,-0.9309092031922042,-0.255914804437462,-3.0722832019970596,-3.1955903554680587,-0.2950447932301032,-8.956342384316486,12.450119712689546
-1.657999131956366,-1.9983574668820516,0.010147209720278938,13.402965852261708,-0.10271195864073235,0.005884535633201571,8.100870646590309,16.600159616919395,-4.088519615333963,-1.111962860531193,-0.2623521936263563,-0.4017003726329591,-2.5332324420183294,-0.2666148677134337,-5.703795578304359,16.600159616919395
2.1913784807221726,-1.6423018794682118,0.22411467958042441,5.018911790331636,2.1746862096830855,0.20053567248605192,-0.006560231322950472,12.450119712689546,-2.8252683374923815,-0.6300817241467342,-0.23070143872282586,-16.670003221520588,-2.8419606085314686,-0.25428044581719833,-21.695475243175174,12.450119712689546
2.5482397205287555,-2.131478002308903,0.29033880928633704,24.443620152431897,2.448270125919283,0.2333840464340527,17.140070213669176,16.600159616919395,-1.828775055257248,-0.37226766972282377,-0.1407931409605568,-4.238630674663462,-1.9081793470993924,-0.18172373684351664,-9.613699009636157,12.450119712689546
2.543754134172671,-1.7437623546440157,0.2225477343176037,15.089965139373781,2.7087792912613207,0.22646277494476877,11.621536102581672,12.450119712689546,-0.6405978417953762,-0.5122928466244723,-0.046072059742864435,2.842170943040401e-14,-0.5344480526446205,-0.04368672220761133,-2.2918841467601965,8.300079808459698
1.0341075289430846,-1.3691810751785312,0.1466946134453777,26.495155726646605,1.205959251990274,0.13143772918351326,23.403306586628478,8.300079808459698,-1.9291571158645882,-0.47641345417691383,-0.1529769873241152,-5.771342917273877,-1.7573053928173987,-0.16823387158597963,-8.863192057292004,8.300079808459698
2.8443763780496623,-1.2652276680788432,0.25533360591302634,14.047183235923598,2.5386670790880306,0.2190721817128537,9.285747490484162,12.450119712689546,-1.1437629911778213,-0.5999424908691999,-0.09268924898710551,-4.22611016246649,-1.3505031556289682,-0.11588851294376976,-7.356194133325168,8.300079808459698
1.5034605320573657,-2.1981460001471937,0.1873295650628169,12.33742594320567,1.4974272685768009,0.1134334712810921,5.2822087803176565,20.75019952114924,-1.7688790924905495,-0.9722658766161096,-0.11463018634675598,-5.577763339430611,-1.7809164871664729,-0.17143119503965354,-11.165324167876776,16.600159616919395
0.7332345380763883,-1.5110598290099588,0.12106154527351332,10.709169124997715,1.271466756710371,0.1074629760991509,6.181768719253938,12.450119712689546,-0.6959417897209885,-1.4125260747621198,-0.002231894004947166,-1.7161824720991774,-0.15770957108700578,-0.015830463179309584,-6.243582877842954,12.450119712689546
-0.6622531380147567,-0.5502542391076446,-0.021210483552033144,-2.200912911492125,-0.09947704032597926,-0.09489914054857829,-5.400545465545516,16.600159616919395,-0.4647235368956615,-0.28093156605981306,-0.021998032212603658,0.0,-0.046022681931656706,-0.07579600712838008,-2.3922282905429526,12.450119712689546
0.221345892509639,-0.6426447753147517,0.05663032851020777,3.599493652247599,0.8635546137488959,0.02174079623790759,-1.3319970920421937,12.450119712689546,-2.1259838975612446,-0.5683716979870539,-0.14172835653164917,-0.45245986740584243,-1.4837751763219877,-0.17661788880394935,-5.383950611695635,12.450119712689546
-0.9682761818724406,-0.6243908035173149,-0.0761832819683056,2.8103281107528417,-1.1470482342123556,-0.09092937282926078,-0.14292636628291433,8.300079808459698,-1.3704481365534371,-0.546359208455188,-0.10744163114499806,-0.0915488214011404,-1.5492201888933521,-0.12218772200595325,-3.0448032984368965,8.300079808459698
2.0449063109434285,-1.3952782665861712,0.24052894163073546,16.85485823866354,2.2100872536827243,0.20721907589872857,11.99539786604489,12.450119712689546,-1.9383171389674603,-0.4931560168178475,-0.1512227230207786,-0.809795345542561,-1.7731361962281644,-0.1845325887527855,-5.66925571816121,12.450119712689546
0.34703015112318436,-1.221787791382864,0.059079160652902474,4.01369822742646,0.30529422469551815,0.04595410569288688,1.619781868873936,4.150039904229849,0.0,0.0,0.0,0.0,0.0,0.0,0.0,0.0
-0.953804543533221,-0.24975606899480418,-0.08144195511108743,-5.967044933186884,-0.5805325265298533,-0.10555590467672749,-8.289268027555085,8.300079808459698,-1.001578367054412,-0.36241688205729616,-0.07726387259197631,-5.401383286829855,-0.6283063500510444,-0.10137782215761637,-7.723606381198056,8.300079808459698
1.4148791808877181,-1.0430606789202397,0.17257695874918577,16.954040088608053,1.5180526782729187,0.1449796413544796,14.124563764649778,8.300079808459698,-0.17765036062731276,-0.14441961064986053,-0.009484031333136134,-2.1316282072803006e-14,-0.12740316013180042,-0.022828916214836514,-1.3994311628771285,4.150039904229849
1.1762256703080398,-0.9386923264577263,0.09794633572612282,12.030370765985552,1.0699101916049836,0.0858367397549448,8.645960495458056,8.300079808459698,-1.358258254451139,-0.5042681042586548,-0.10574885969256209,-3.3005479420243233,-1.4130722317744815,-0.11156667467140466,-4.95792227671064,4.150039904229849
-0.19198893033016695,-0.14757523790531835,-0.010137313091156286,-2.9305020774722195,-0.07182032677639505,-0.020634809239105878,-3.8028780612415787,4.150039904229849,-0.19198893033016695,-0.14757523790531835,-0.010137313091156286,-2.9305020774722195,-0.07182032677639505,-0.020634809239105878,-3.8028780612415787,4.150039904229849
3.2323727222445697,-1.6905629805844757,0.2927530820678884,16.5225214679568,3.1740826663210875,0.26794013314146425,11.869973235155996,12.450119712689546,-1.5693286829758124,-0.3526615811990439,-0.11560922573212515,-0.5071116811147149,-1.6115334916217527,-0.1315937807030916,-3.5675463861897683,8.300079808459698
1.5204353636052659,-0.9846580523917581,0.1662355586227955,14.969263227434105,1.6594897768346994,0.15913639392023854,11.258840554090604,8.300079808459698,-0.16817232181238762,-0.18698839216544805,-0.011006605202590447,-0.5148982643062681,-0.09999659054589216,-0.01446641656257841,-2.3252107203132795,4.150039904229849
0.3593556389398067,-1.5073019632645455,0.12523654485223934,17.631765293384174,0.5451960156360958,0.07517601576008281,13.636081003419033,12.450119712689546,-1.3418269766813262,-0.6633689077038216,-0.09631995590069842,-1.3527678209388228,-1.1559865999850372,-0.14638048499285494,-5.348452110903963,12.450119712689546
-0.6478472520517142,-0.7815150255699166,-0.01440382114259986,1.6021690609532513,-0.012620184341294305,-0.03393665033364779,-2.9142692782051753,12.450119712689546,-1.497507983858104,-0.485951569031009,-0.10271820728060288,-2.161069029899906,-0.8622809161476841,-0.12225103647165081,-6.677507369058333,12.450119712689546
-0.5888875672689808,-0.8231437458825841,-0.037342120206520446,1.6637672679401803,-0.8393811738472534,-0.07429155624595074,-3.2552628485229462,12.450119712689546,-1.4080411368550871,-0.3564683653780456,-0.10178936639807629,7.815970093361102e-14,-1.5785516597602633,-0.12544636193951664,-3.4351516077447997,8.300079808459698
-1.262185168445006,-0.54201398843988,-0.06371035722441876,-0.8982641718527731,-0.4873589987439484,-0.11090910983327518,-3.780229484221554,12.450119712689546,-1.9551787888684835,-0.4930517547169835,-0.13194684745634722,-1.7665002021408753,-1.1803526191674258,-0.17914560006520364,-4.648465514509656,12.450119712689546
-1.8544218154389567,-0.49309379195308445,-0.1313238672174386,-3.42778683816546,-1.193055537547937,-0.13099269336110253,-5.017615771801488,8.300079808459698,-1.8544218154389567,-0.49309379195308445,-0.1313238672174386,-3.42778683816546,-1.193055537547937,-0.13099269336110253,-5.017615771801488,8.300079808459698
0.4207890629014166,-0.5320856713200648,0.07882510665252296,9.249345106152685,0.9009470234733641,0.07826913051981177,8.287483355217073,4.150039904229849,-0.3294658577210239,-0.32346780848149415,0.0008882751194150273,-0.08084011959452653,0.1506921028509236,0.0003322989867038384,-1.0427018705301379,4.150039904229849
-1.379368093652933,-0.5049267552152816,-0.10408527140002255,-7.800036215169882,-0.6293456313111179,-0.13721692445329492,-10.999668769223295,16.600159616919395,-1.7816896941504456,-0.4166980228372825,-0.14993350536902927,-7.85208210627453,-1.0316672318086306,-0.18306515842230164,-11.051714660327942,16.600159616919395
0.3205793981492011,-0.3969415625007624,0.024962414393003014,5.048582729938538,0.10326919147944924,0.011664206529168032,0.5394777267516133,8.300079808459698,-0.9454964316851333,-0.14950874399620595,-0.08065252216414931,-0.6217942712458395,-1.0555929583542123,-0.08703718820308176,-2.8189252211644416,4.150039904229849
-0.3382929186849237,-0.2510733967923855,-0.021935836972216016,-6.551232455783897,-0.37657632104768357,-0.08605019900961908,-10.084419519411583,12.450119712689546,-0.9573169560885164,-0.23116899044291728,-0.08572842603286662,-7.649813827072229,-0.9956003584512763,-0.14984278807026968,-11.183000890699915,12.450119712689546
-1.2691261375727736,-1.9660864659404993,-0.03368098698938382,3.0199382235760837,-0.9315356142649112,-0.10503402345372403,-3.88277494637693,20.75019952114924,-4.173306315761582,-1.3711527953061449,-0.32184594876625705,-7.674849908271085,-3.83571579245372,-0.39319898523059726,-14.577563078224099,20.75019952114924
0.33804479792691744,-1.6493279794684508,0.09888863613649745,0.5691179068944123,0.8770654436817571,0.05580948397331709,-5.01844292155176,16.600159616919395,-3.5904095798721114,-1.221144592350747,-0.24225438137429472,-0.06216695117194604,-3.0513889341172717,-0.2853335335374751,-5.649727779618118,16.600159616919395
0.7332360864653165,-1.2927390278129938,0.1129573177052125,26.20784444152584,0.8534018571549229,0.080839886755255,21.433297417987784,12.450119712689546,-2.426951074224637,-0.5417334385544343,-0.2047443875111303,-10.554774220594965,-2.3067853035350305,-0.2368618184610878,-15.32932124413302,12.450119712689546
1.6782474485575136,-1.5425248657130197,0.2102932583435866,16.67004133499307,2.330604265958148,0.16165662802911984,8.2856396507789,20.75019952114924,-3.450692201870642,-0.748508677696595,-0.25351564188809517,-0.3571750337766275,-2.7983353844700076,-0.3021522722025619,-8.741576717990796,20.75019952114924
-1.8474556270367426,-0.624194303743332,-0.14191016256881128,-2.769504191512393,-0.8500145713594254,-0.1500986664666879,-5.2596575539479815,16.600159616919395,-1.7015049845022556,-0.36508791456180845,-0.14176358532858335,-3.1843344240303217,-0.9557616945643943,-0.14853459033254746,-5.055319671671754,12.450119712689546
-2.0466475252773453,-1.5223661893083253,-0.14715513624101426,2.8533459369669174,-2.1016260861172364,-0.21246441316742667,-3.5958729986074367,20.75019952114924,-1.9356077126886584,-0.6494677746507715,-0.1465637067004972,-5.679595851593334,-1.985994040720529,-0.19718132879110697,-10.797524163372877,16.600159616919395
-1.1405161997025903,-0.5840806289628393,-0.05045560171183716,-3.6034507615763047,-0.2465184853384308,-0.08243734439849493,-6.683893353008948,12.450119712689546,-3.521609994414243,-0.2603313593986005,-0.2920266005869484,-10.028838544098711,-2.6276122800500836,-0.32400834327360617,-13.109281135531354,12.450119712689546
0.10107418407325763,-0.6969376676129553,0.026200470131350295,6.475823694109884,0.24221128739125852,-0.005036199990443857,-0.09380973931138925,16.600159616919395,-1.36960656471663,-0.5187188296921619,-0.11976119016459869,-1.306882242079844,-1.2677954239950218,-0.14254154773826638,-6.177254315292622,12.450119712689546
0.2623841387413117,-0.8712368883579984,0.0181753416757387,2.8268835788397553,0.09789708282905707,0.007116225921303454,-0.2030729041600594,4.150039904229849,0.0,0.0,0.0,0.0,0.0,0.0,0.0,0.0
-1.321322284485671,-1.0491599766817714,-0.06760785650865109,5.026989080837076,-0.9479911341122582,-0.12258315298313804,-0.05332962535660002,16.600159616919395,-2.5548000718571995,-0.5781899898071607,-0.1878733054548853,-0.44621651419353014,-2.181468921483787,-0.24284860192937224,-5.526535220387206,16.600159616919395
2.8904800567601363,-1.7515314529314665,0.31356186570765565,21.014517746356656,2.4339897447363867,0.26592942235368133,15.033285304338865,16.600159616919395,-0.5467014793898772,-0.21227263232134952,-0.05234131817444328,2.1316282072803006e-14,-0.8922402400684537,-0.0865727363553801,-4.436727484946857,12.450119712689546
-0.7116102005289893,-0.5006821180460719,-0.04448051744250758,-1.154598692501331,-0.542808169483977,-0.09728547320819281,-5.296207378428896,12.450119712689546,-2.0842362960324046,-0.7211191397864667,-0.17910872537790223,-1.8814432958108824,-1.9154342649873923,-0.23191368114358746,-6.023051981738448,12.450119712689546
-0.013767325089930615,-1.2551196720884459,0.03905357092824063,12.785078349585202,0.2516290211868055,0.00299063338546407,7.162197089915136,16.600159616919395,-2.0737578533891243,-0.6392000358098358,-0.16532897296268295,-0.00443948236935654,-1.8083615071123882,-0.20139191050545951,-5.627320742039423,16.600159616919395
1.113068181226573,-1.4338057822327315,0.08312230572173002,12.347965440022705,0.5843229634446612,0.04961187166223792,6.453833931699137,12.450119712689546,-0.5569035349399343,-0.5073372498784501,-0.04738837235617621,3.552713678800501e-14,-0.9123174546505797,-0.06880649757183115,-3.851151479652877,8.300079808459698
-2.524636260189861,-1.1254002247785415,-0.1512205390807071,-2.1790645336783427,-1.796792587676177,-0.17409278762992608,-6.155107451115647,12.450119712689546,-3.294082068769999,-0.9395628626761194,-0.22769534620415144,-12.258738029241911,-2.566238396256315,-0.2505675947533704,-16.234780946679216,12.450119712689546
0.4660792676859149,-0.16155795940836626,0.056639461162328986,6.387097763354877,0.6141439328536613,0.044664848521206446,5.172054083882305,4.150039904229849,-1.4175719700414646,0.015872131793855715,-0.1375944329384966,-18.083481235246925,-1.2695073048737182,-0.14956904557961914,-19.298524914719497,4.150039904229849
2.0814158252501,-0.7318501564931452,0.2150956703762189,13.384694330943582,2.6942052198998487,0.19182605253665852,8.716153884112352,12.450119712689546,-1.764950536176313,-0.36271907436921325,-0.12888001136705685,-0.3103407936185647,-1.1521611415265642,-0.15214962920661723,-4.978881240449795,12.450119712689546
-0.3794759058087349,-1.6570723721118288,0.03603238515127016,7.740343432254338,-0.17337931303280651,-0.049051453218538876,1.2564360427593222,20.75019952114924,-2.8185455899081724,-0.75044065804674,-0.21700070577023528,-0.11937420438181334,-2.659172576128843,-0.2825124875043929,-5.263935807558902,16.600159616919395
0.28930473259509526,-0.6230041066938732,0.07090834860469764,8.624651006559493,0.6221591331816203,0.07120509889863569,7.521195834031193,4.150039904229849,-0.6843966102014107,-0.7619006748585306,-0.007125143180522486,6.79899780847062,-0.01714699594654867,-0.005992172596850698,4.583965552102509,8.300079808459698
-1.2635817940872984,-0.90658741802274,-0.05777326805249561,-3.759168922946074,-0.4099276422884879,-0.08861117720044864,-8.064476369500326,16.600159616919395,-3.6453016218594536,-0.96956391014408,-0.25998209009568596,-0.49558901426334145,-2.791647470060643,-0.290819999243639,-4.800896460817594,16.600159616919395
-0.03359239579880935,-0.28700486305644013,0.007745279958531914,-2.2101633588754694,0.16928678152579035,-0.026663681009396867,-6.500201064107724,12.450119712689546,-1.9248835634557704,-0.4024797597076919,-0.15973764665151818,-1.624117681032864,-1.7220043861311707,-0.19414660761944696,-5.914155386265119,12.450119712689546
-2.053893135835394,-0.7496611364645602,-0.15773085571278372,4.280985726045284,-1.7285438745927584,-0.20394391469190826,-1.2864915545071405,16.600159616919395,-2.648229970574767,-0.6795215535359329,-0.21488705044640038,2.1316282072803006e-14,-2.3228807093321313,-0.2611001094255249,-5.567477280552403,16.600159616919395
1.1944074695071638,-2.0977633444486568,0.17280443584479305,29.160890024977537,1.5954596701470036,0.13930224055888418,22.525507808660816,16.600159616919395,-3.3333408447252744,-0.7200854730428894,-0.23747232524683198,-1.539845466696697,-2.9322886440854345,-0.27097452053274085,-8.175227683013418,16.600159616919395
-0.2042322670185781,-0.5599402874210462,0.012238605899645205,0.20126245854229197,0.08776560110517195,-0.03232035217960927,-4.599527775644486,12.450119712689546,-1.5648070517032764,-0.4521958908826438,-0.12523330185048798,-2.7717968434208515,-1.2728091835795263,-0.16979225992974245,-7.572587077607629,12.450119712689546
2.4816720213587162,-1.3654471981814122,0.23381038903545687,34.886557457162624,2.4532328312458107,0.20409590119550136,31.70920987798058,8.300079808459698,-0.6848739025521189,-0.05023984259103287,-0.048717852991888355,1.4210854715202004e-14,-0.7009396066671503,-0.06302408333295162,-1.5570155271017967,4.150039904229849
-2.8319738722486942,-0.7833525520352804,-0.1845427764148454,0.6205044930649457,-1.7905852037425554,-0.2192329323020097,-3.433433204155655,16.600159616919395,-3.5687213102642668,-0.7139335502824071,-0.25023652286267084,-8.768096197118268,-2.527332641758128,-0.2849266787498351,-12.822033894338869,16.600159616919395
0.7147747821194983,-0.6382865001115441,0.10734566714058047,6.983841843733575,0.9857834034181057,0.06908427452042198,3.4906098271597656,12.450119712689546,-1.0097350303625463,-0.42294407056128414,-0.07852110543002977,-0.7206535221765051,-0.8311334013204608,-0.10333020773284907,-3.0360803669561953,8.300079808459698
-0.22286239795008456,-0.20260211526779592,0.006705250124505957,2.11631588454447,0.33242767212973234,0.015574173340659803,1.3400651273682485,4.150039904229849,-0.5622717579996106,-0.12761797150010423,-0.03966273290877664,-1.2664513846984882,-0.0069816879197937,-0.030793809692622798,-2.0427021418747096,4.150039904229849
-0.8276285652294435,-0.5273443925151788,-0.06503855665713482,-1.5019055497064144,-0.7707179633442918,-0.12146575026042178,-7.011931139580117,16.600159616919395,-2.6248919255883463,-0.4838754220598336,-0.24800885407884113,-13.571016183767924,-2.5679813237031945,-0.30443604768212806,-19.081041773641626,16.600159616919395
-0.8605789606053627,-0.708639726073514,-0.021848583566835944,-0.5109106810053596,-0.2845232556786712,-0.036264625638160686,-2.100739614641398,8.300079808459698,-0.8605789606053627,-0.708639726073514,-0.021848583566835944,-0.5109106810053596,-0.2845232556786712,-0.036264625638160686,-2.100739614641398,8.300079808459698
0.10025816920045116,-0.3195341868670383,0.014391925803832861,4.04080466887919,0.06739890909890356,-0.007451733452002618,0.6011161907652678,8.300079808459698,-0.7806157180389572,-0.10887982482719138,-0.06315433857968139,-4.2504092689882,-0.7984864294900085,-0.07366856979165204,-5.942782473557884,4.150039904229849
-1.2120253898685318,-1.3521368279192494,-0.03475663121676276,3.2667145676302027,-0.4037787126224712,-0.061972687831881146,-1.4834774928534813,16.600159616919395,-2.7695202360534577,-1.0168466216466108,-0.1826635044824394,-0.12747154564458896,-1.961273558807397,-0.2098795610975578,-4.877663606128273,16.600159616919395
0.7617451548516563,-1.3109096722298332,0.06819860541031203,0.0438511455861601,0.4969179557446468,0.03369655057419607,-5.299993524269361,12.450119712689546,-1.9157664844375422,-0.7083658124550762,-0.13644034915377798,-10.764072721812106,-2.0961806329516497,-0.1585101734145988,-14.271644570429167,8.300079808459698
-0.17115898607156232,-0.7376902880659664,0.01590060880620936,-2.387738272553719,0.30139051306430353,-0.010811929907536766,-7.191883199029014,16.600159616919395,-1.399347897862091,-0.2865934979215119,-0.11803532601443678,-4.839908343633493,-1.048562460232949,-0.13799986162195121,-8.420738838368472,12.450119712689546
0.570021756978556,-0.14003595368074429,0.04479388418263343,3.526682180295225,0.3503707709391679,0.03226115925375725,1.6540564777887141,4.150039904229849,0.0,0.0,0.0,0.0,0.0,0.0,0.0,0.0
-0.2435153228109499,-0.7152502860602148,0.027874984554707827,-4.523736844033465,0.11672176481725138,0.0023373979320054916,-6.931791525156385,8.300079808459698,-1.48096693480273,-0.2461447118333968,-0.11333563390047319,-2.452194012826947,-1.1207298471745286,-0.13887322052317552,-4.860248693949867,8.300079808459698
-1.070068499758058,-1.2304984195579998,0.007526573484385568,8.104282657745145,-0.5156666705995683,-0.012031364409068601,5.760687447241686,8.300079808459698,-1.9601891641482183,-0.7724944817073851,-0.11383472523673932,-0.12747154564458185,-1.4057873349897285,-0.1333926631301935,-2.4710667561480406,8.300079808459698
0.47623000993726183,-1.2709380660663978,0.05516006747885829,2.8029532778306603,0.3792242066567697,0.03845759298164647,-1.121552021222584,8.300079808459698,-0.4473253721448023,-0.23957412024213198,-0.03562563862378479,8.526512829121202e-14,-0.4971706785554808,-0.04366091501989636,-1.9311465238934602,4.150039904229849
-0.6136099524068683,-0.3762908836261154,-0.015588679309345377,0.7279294596320511,-0.23543727374346624,-0.020633915428594607,-0.02181069342181985,4.150039904229849,-0.8309690767744247,-0.3848680503260198,-0.03681966451126706,0.0,-0.45279639811102257,-0.04186490063051629,-0.749740153053871,4.150039904229849
-1.700593473937917,-2.4080897657373885,-0.029311861902541314,17.334743114038886,-0.9579182508990147,-0.06388896119365961,11.747182285592707,16.600159616919395,-4.028275675880133,-1.3850751851445988,-0.28760651798993364,-8.266314411892395,-3.285600452841231,-0.32218361728105194,-13.853875240338574,16.600159616919395
2.064255191072716,-1.1029781964085608,0.22014657602751164,15.057495301480436,2.379412025676374,0.20297273241069957,11.675415120911502,8.300079808459698,-1.9428988671370773,-0.36544184015416725,-0.13742616630754034,-6.827709729578125,-1.627742032533419,-0.1546000099243524,-10.209789910147059,8.300079808459698
-1.1364767353468475,-1.6704725371183446,-0.04386897867036932,-3.855247086048145,-0.7065272067107164,-0.09073320243804417,-10.580797997656923,20.75019952114924,-5.324262477926434,-1.0913043935574986,-0.3990441640215192,-22.48695591897971,-4.894312949290303,-0.44590838778919406,-29.212506830588488,20.75019952114924
-0.24251770730314703,-1.0344692341389266,0.06066341594469005,10.188020099223909,0.3220030744248472,0.052134313403752186,7.600160545742764,8.300079808459698,-1.484242795017443,-0.44503043599865677,-0.10258066238299246,-0.4213597916246954,-0.9197220132894488,-0.11110976492393032,-3.0092193451058407,8.300079808459698
0.014508324123108096,-1.4137206911482476,0.10970178414331766,22.639318031681633,0.44010514703305326,0.07818422085218879,19.9012073112715,8.300079808459698,-1.719096528842412,-0.7469971469749588,-0.09267746354103568,-0.11101179572442987,-1.2934997059324669,-0.12419502683216455,-2.849122516134564,8.300079808459698
1.5462946288862014,-1.3627185819378873,0.2175215358736282,26.33354964844711,1.9759918393616562,0.1954760227620541,22.198659050287482,8.300079808459698,-2.0237597661480144,-0.38481919102839157,-0.13931756557199737,-2.3462871361653583,-1.5940625556725596,-0.16136307868357147,-6.481177734324987,8.300079808459698
0.859257663928803,-0.4111876843380422,0.07920310511921985,4.623094407667367,0.9855203029191628,0.0739037583291135,0.5118950176535577,8.300079808459698,-1.3811599480765713,-0.2664971276518653,-0.1117277423044305,-3.273067642796363,-1.2548973090862114,-0.11702708909453685,-7.384267032810172,8.300079808459698
-0.8159169187314852,-1.6509990457223722,-0.032366407742075776,20.895665389978248,-0.6647634701535621,-0.07068793031402254,15.308104561532033,16.600159616919395,-2.4924081477206927,-0.622809356316429,-0.21099784924937215,-7.105427357601002e-15,-2.382704599983043,-0.23871277047658856,-4.1486841601793,12.450119712689546
0.3067559795227881,-0.3072139763135713,0.022316745206998417,0.7941131569179731,-0.04239667648291423,-0.002158266799230618,-3.646920119815036,8.300079808459698,-0.10511982541541176,-0.15911065218069176,-0.008426163124548205,-5.684341886080802e-14,-0.28132526300330696,-0.020168191766680582,-2.139571288615329,4.150039904229849
0.060911438572586185,-0.8547558041998471,0.057017314716252154,3.6651804128144256,0.629492983368185,0.030677493146328505,-0.36852792426840253,12.450119712689546,-2.5684802357968106,-0.4824197839605233,-0.2067650366121785,-0.4774541172352009,-1.9998986910012118,-0.23310485818210214,-4.511162454318029,12.450119712689546
0.5993223213341281,-1.5278713307508411,0.15594307560081921,14.508134094600358,1.042868589720758,0.13098470098998938,11.564111394928837,8.300079808459698,-3.2229593260662437,-0.8906493025731841,-0.21007828313837573,-11.574362163277748,-2.779413057679614,-0.23503665774920557,-14.518384862949269,8.300079808459698
1.812886172321515,-0.8711939891976801,0.1833339617064672,0.7258519337242717,1.9190729389041206,0.16212644259139763,-2.0213539263033766,8.300079808459698,0.03705316199040798,-0.27176851300518123,0.01150135178246503,0.0,0.1432399285730135,-0.009706167332604543,-2.7472058600276483,8.300079808459698
-2.6183357829176357,-1.2182317527014845,-0.1660851811406146,-10.837062840063084,-1.9370841812089923,-0.20066217952354143,-14.05513465218462,16.600159616919395,-3.115276383879828,-1.0842035583861325,-0.21359379985982002,-10.837062840063098,-2.4340247821711847,-0.24817079824274685,-14.055134652184634,16.600159616919395
-0.04910949229830486,-0.7731032538208655,0.05922579856872612,8.829490559180055,0.6714649832240571,0.04789560213879829,6.806421381742446,8.300079808459698,-1.0814206263315853,-0.5378900889539988,-0.04803347278408876,-0.38123427539598964,-0.36084615080922333,-0.05936366921401659,-2.4043034528335987,8.300079808459698
-1.8818871324463702,-1.3885974489877988,-0.08307967595388066,-3.971745469367093,-1.0314910038836,-0.09119857406091292,-7.865147979211443,12.450119712689546,-2.670524964801003,-1.2667310781749315,-0.1547992787160798,-5.569180043352581,-1.8201288362382329,-0.16291817682311205,-9.462582553196931,12.450119712689546
-1.8851164298640866,-1.6870377493146744,-0.09703053815138807,5.112479958060224,-1.1760635495580596,-0.1100416739843525,0.2668412103390523,16.600159616919395,-3.4987699947004014,-1.025705955436507,-0.24544777044310984,-8.901572137359391,-2.7897171143943744,-0.25845890627607426,-13.747210885080563,16.600159616919395
1.1486705652252294,-0.9377295043534168,0.12939194950004013,15.75112775795149,1.5241245115520385,0.09868739292483197,8.450606427318466,16.600159616919395,-1.4920436645959434,-0.35080401658001925,-0.1127509429540095,0.0,-1.2148096745912884,-0.13516962605620858,-5.397737072778973,12.450119712689546
0.6824559465871127,-0.3608288032325824,0.06520141458648004,0.8125840268042879,0.6565990112870734,0.046446051013527556,-3.5166526128569373,8.300079808459698,-0.7587900088596555,-0.13819165990964777,-0.06275662388228073,2.1316282072803006e-14,-0.7731390018936635,-0.07180755548707637,-2.113246399307471,4.150039904229849
1.646396510625947,-1.565271590975188,0.18116757666433075,21.62490980244004,1.473749098172572,0.14452082221311324,16.584562198251643,12.450119712689546,-1.299237211582538,-0.47983960485431254,-0.10733114891125503,-0.3167053016211909,-1.471884624035913,-0.14397790336247254,-5.357052905809589,12.450119712689546
-2.8179181972244116,-1.725617497246608,-0.19515929396794499,-1.2329558272153562,-2.778642990597957,-0.27827341053734767,-14.03983150870771,24.90023942537909,-3.557065940473225,-1.5410947281222995,-0.25931819442079274,-7.0953900565941765,-3.5177907338467707,-0.34243231099019533,-19.90226573808653,24.90023942537909
1.0943564228469436,-0.7692636958626018,0.14225611860283305,14.187454999433946,1.1804768283303577,0.12549537408541922,12.671299363358223,4.150039904229849,-0.2712090215614804,-0.22713621331450007,-0.011287296795615576,-0.3493108572548067,-0.18508861607806626,-0.028048041313029404,-1.8654664933305298,4.150039904229849
-1.2148854412984855,-0.6680606003012013,-0.09290264489049516,2.519944788318334,-1.0085320589416247,-0.10506155410540546,-1.8544709708198113,12.450119712689546,-2.068156312624958,-0.600636198323274,-0.16956432814901126,-0.10861453459772719,-1.8618029302680972,-0.18172323736392157,-4.483030293735872,12.450119712689546
-0.2322003128853556,-0.5252111932999064,0.00815434345683208,0.9854882651198622,0.18800473680924412,-0.025549998340034907,-2.4239784302868657,12.450119712689546,-1.0405728629399924,-0.2733209314868219,-0.08378388776554957,-3.5732771726962085,-0.6203678132453927,-0.11748822956241656,-6.982743868102936,12.450119712689546
-0.18388639125987982,-1.4221036079143374,0.03528774633873183,17.335117851835136,-0.02061956369920903,-0.0017991321013480777,13.116604590757994,12.450119712689546,-1.9769161842453808,-0.5760120575039434,-0.14790644778930162,-2.5069649808877443,-1.81364935668471,-0.18499332622938153,-6.725478241964886,12.450119712689546
-0.5843799732443866,-0.5544861084384927,-0.03317734785364429,-0.8857014431932555,-0.33858324556190755,-0.06563042166512584,-4.32701519362778,12.450119712689546,-1.4122870733371373,-0.4152326594292681,-0.11764275858852152,-2.742852874255121,-1.1664903456546583,-0.15009583240000307,-6.184166624689645,12.450119712689546
-1.0638512668031073,-2.19089897006325,0.058951600030279994,19.621050010521657,-0.636468488999764,0.0030462059252368556,15.531828903533174,12.450119712689546,-2.9074682159642604,-1.2809630289698966,-0.17160297235627542,-0.11785667376836528,-2.480085438160917,-0.22750836646131856,-4.207077780756848,12.450119712689546
-0.16221259441757496,-1.132776135424331,0.051977303919497064,7.3669913606506015,0.3575534158814184,0.012890156382778128,3.5611916626585938,12.450119712689546,-2.0967922193258373,-0.7100196377142449,-0.1375271197369563,-0.127748525923586,-1.5770262090268439,-0.17661426727367524,-3.9335482239155937,12.450119712689546
-1.5066534639491813,-0.481513019896914,-0.114657483657163,-0.510910681005381,-0.9751887866332298,-0.13984993078385466,-2.903138971548323,12.450119712689546,-2.0600900826401647,-0.5407863458592121,-0.16558273380159005,-2.630476657116308,-1.5286254053242132,-0.19077518092828172,-5.02270494765925,12.450119712689546
3.401687691818034,-2.500691829797244,0.4114590144997669,26.96096891259492,3.2606971469060886,0.3687985139061341,22.428441205030218,12.450119712689546,-1.0302581805391675,-0.48520293002809467,-0.07978106484727293,-0.10122383460847573,-1.1712487254511128,-0.12244156544090573,-4.633751542173179,12.450119712689546
-1.7997201430912213,-0.6133597567305102,-0.13025011474396164,-6.3553470127730805,-0.9852235997054093,-0.12983629292249688,-8.971067990382743,12.450119712689546,-2.259249812779607,-0.6204844702767875,-0.1731266958418305,-6.355347012773226,-1.4447532693937948,-0.17271287402036573,-8.971067990382888,12.450119712689546
-2.2568087175121274,-0.5216106347219718,-0.167877135393259,-4.526626404542689,-1.3820110300038602,-0.20738811402496105,-8.591268449784707,16.600159616919395,-2.995675355512729,-0.6846963175893936,-0.22783744011178697,-3.9106319204070843,-2.1208776680044616,-0.267348418743489,-7.975273965649102,16.600159616919395
0.3133265212287295,-1.5220015086633172,0.08106717227909754,12.936741549766232,0.3760841905068091,0.0394738415828183,8.775644634772938,12.450119712689546,-2.2734305445315517,-0.8116511761476914,-0.167410422373035,-7.51823431697612,-2.210672875253472,-0.20900375306931424,-11.679331231969414,12.450119712689546
-0.009563944064816532,-1.5708137790259364,0.04492531117254822,3.2728000897607643,-0.05958899767917192,-0.019136964197353612,-1.9190083202680341,16.600159616919395,-3.6131034586525557,-0.8799766701918834,-0.27075583606499243,-20.078122252061597,-3.663128512266911,-0.33481811143489426,-25.269930662090395,16.600159616919395
-0.30701479027503975,-0.43148541612064584,-0.0036545181992730935,1.9390886909324223,0.0015653734548370934,-0.024514330646321025,-1.9208102944681684,8.300079808459698,-1.185760137983416,-0.482491649366688,-0.07468205339527845,-0.251939485742227,-0.8771799742535391,-0.09554186584232638,-4.111838471142818,8.300079808459698
-0.17627523604604178,-0.2653338261368319,-0.004635741970790974,4.790593106573866,0.04025445845112774,-0.021802139978045032,1.519946910021119,8.300079808459698,-1.4872193302832626,-0.4660545770453268,-0.11921557208045169,-4.719444472106659,-1.270689635786093,-0.13638197008770575,-7.9900906686594055,8.300079808459698
-1.3749322530948849,-1.0540369957084614,-0.09495039481928796,4.589923704414723,-1.4678392462534662,-0.13340189829225402,-0.9942921787465622,12.450119712689546,-3.4479613686026367,-1.2486648260863173,-0.2730136219971333,-0.08536272984473925,-3.540868361761218,-0.31146512547009936,-5.669578613006024,12.450119712689546
-1.2914471616692902,-0.33679727652497427,-0.11139483014953544,1.4879606792849174,-0.8554481574513773,-0.13623311944550032,-2.2915780199978215,12.450119712689546,-2.5955455795397597,-0.5550040138772605,-0.23805098544169762,-1.281104206402894,-2.159546575321847,-0.2628892747376625,-5.060642905685633,12.450119712689546
-2.100545389566233,-0.9032599079373007,-0.16165873914222953,-4.710076347213423,-2.2253924626896904,-0.21772812934946936,-9.147750605860818,16.600159616919395,-2.4993367058008698,-0.5899396755629791,-0.19720008797634578,-5.272174887052387,-2.597557314426946,-0.23756197023625694,-8.581700261318428,12.450119712689546
-3.032069085694067,-1.1291619603831489,-0.1781607471141603,-4.620626589261011,-2.025910332741377,-0.2000852427973948,-7.561688625490127,12.450119712689546,-3.5204154092099538,-0.9864617312904915,-0.2325114019673521,-4.620626589261011,-2.514256656257264,-0.2544358976505866,-7.561688625490127,12.450119712689546
-0.8802098421251348,-0.8016437912433965,-0.04296262160641595,1.116321046163982,-0.4066366539952515,-0.058286547774037745,-3.9838718637461135,12.450119712689546,-1.8384372888374134,-0.6459549954707295,-0.12843789911708642,-4.991861902547036,-1.3648641007075302,-0.1437618252847082,-10.092054812457132,12.450119712689546
-0.60306219936197,-2.3131058613231463,-0.02175389793725785,8.772672903541611,-1.0940030690172575,-0.10259068758006806,-2.162900513101242,20.75019952114924,-2.4700641562941383,-1.4389315332361043,-0.18599476459842468,-4.544330949471586,-2.8691896900425062,-0.2478664714414464,-13.14136603547611,16.600159616919395
0.8635342710042293,-1.7154266865889376,0.16567468382870254,9.937658475610412,1.5669464930919919,0.1421293672746704,6.0229692733874565,16.600159616919395,-2.6614293998950656,-0.6147248872890074,-0.19965843500116093,-1.2553057250679664,-2.137790508261017,-0.21709316227018,-4.178131729797894,12.450119712689546
-1.2036087602756984,-0.8446333103012726,-0.08301594486391117,-1.9642233286852644,-1.084537194515156,-0.12868284846691957,-7.8285896118302745,16.600159616919395,-3.0222886621738887,-0.8233985838601363,-0.24996339929440745,-1.3988586101518052,-2.9032170964133464,-0.2956303028974159,-7.263224893296815,16.600159616919395
-0.2942377209892877,-2.0109356851894447,-0.013858327459398356,9.740544376720756,-0.08916511722558695,-0.011470488090043723,2.45075369540789,20.75019952114924,-4.314465421969727,-0.7221925604779056,-0.3705705737804734,-19.714805330009554,-4.156578830096846,-0.36897630164437567,-25.4889896012885,16.600159616919395
-0.08393164314246526,-0.4772015675016785,0.027169301995325634,1.5688913711247139,0.17956968687975472,-0.0029775633381892153,-0.5479675155524824,8.300079808459698,-1.4238640343237519,-0.357998576498586,-0.11940456272014865,-6.595255982554505,-1.1603627043015319,-0.1495514280536635,-8.712114869231701,8.300079808459698
0.9641804139360888,-1.4736805682391036,0.08233709082986299,1.4380705569393868,0.49613658717873044,0.04757866580015374,-4.8516919824911895,16.600159616919395,-1.6675581743281542,-0.2183171381115514,-0.14395055313088276,-3.552713678800501e-14,-2.022488289746538,-0.16889641187156687,-4.6569261354077085,12.450119712689546
-0.44046092603871045,-2.279066653945117,0.04439694788983728,11.149140438077808,0.33536162225933364,0.0033536413394441578,2.131563898811038,24.90023942537909,-2.949101982576474,-1.4206988360920292,-0.2068121792878121,-10.717558068719725,-2.17327943427843,-0.24785548583820521,-19.735134607986495,24.90023942537909
0.32128168306697624,-0.3748876465599391,0.04209748916040246,1.8165597104457234,0.44708521352367914,0.017392183817179108,-1.4941522569829289,8.300079808459698,-0.9647875697461172,-0.39193572046014147,-0.06714638484412377,-0.2778792310607727,-0.8389840392894143,-0.09185169018734712,-3.588591198489425,8.300079808459698
-1.1102817713138258,-1.28383677143988,-0.0333343378767198,-4.147833692015592,-0.6311604885302247,-0.1140086266038901,-8.175861545762086,20.75019952114924,-2.7167409885880067,-1.074915833001059,-0.18177587180995775,-6.1758173966637315,-2.3391574470257304,-0.24418228163376016,-9.391424891361279,16.600159616919395
-1.1257343936750708,-0.5151199027621995,-0.07343849492952614,-2.833939284328636,-0.42898554252646104,-0.10032238951929207,-5.3376315719649625,12.450119712689546,-1.5678883354384388,-0.5627669580615429,-0.11628182948057164,-6.093986122981921,-0.871139484289829,-0.14316572407033756,-8.597678410618247,12.450119712689546
0.6825392063930513,-1.0006700172666125,0.11560831148550377,13.829213456246382,1.205620417493547,0.12461342140542664,11.011093967556295,8.300079808459698,-0.9891572652780178,-0.2048020124868195,-0.07886785879300418,3.552713678800501e-14,-0.7285388377793245,-0.07470499628541405,-1.3939622267396956,4.150039904229849
0.10471300020755692,-2.051724288029531,0.07859867916819296,20.64184739881444,0.057042486062375275,0.013278166317278628,14.713533279961524,16.600159616919395,-2.0635950936636283,-0.6835767393368677,-0.15850026503699893,1.4210854715202004e-14,-2.1035345556776885,-0.20558136205682803,-4.396512931636465,12.450119712689546
0.20786777328409833,-0.17741205684633243,0.016779523415255612,1.8284249020999184,0.10825525717375051,0.009755905472728102,-0.043396464729482886,4.150039904229849,-0.3246110795535051,-0.23324089674616566,-0.02787442850896211,-1.3369063909324836,-0.4242235956638529,-0.03489804645148962,-3.208727757761885,4.150039904229849
-2.04950649184652,-1.0248672047455987,-0.11664957282940613,-17.99561319312535,-1.4123158229878863,-0.1404237345049305,-20.518613857296618,12.450119712689546,-2.4808914903420742,-0.8421519070927861,-0.15981236619875983,-21.591774203196927,-1.8437008214834405,-0.1835865278742842,-24.114774867368194,12.450119712689546
-1.461623941159318,-1.0391557469622725,-0.08896664735053261,-2.979920899219888,-0.7553735216006219,-0.10646646301719853,-9.275047064002973,16.600159616919395,-2.0202042896249495,-0.8465981903364579,-0.14863591160025924,-1.6651221173300748,-1.3139538700662534,-0.16613572726692516,-7.9602482821131595,16.600159616919395
-0.8681974586757901,-0.5791555544931786,-0.041392390483323216,6.381764174634153,-0.34740341587775614,-0.0771401230930131,3.182560920271481,12.450119712689546,-1.8868111285421207,-0.5025729065380453,-0.14667782871306845,-7.105427357601002e-15,-1.3660170857440868,-0.18242556132275833,-3.199203254362679,12.450119712689546
2.4936618888193873,-1.9917415306739343,0.2173423011393807,15.119484510126561,2.2307702557815334,0.19980032552883592,9.81853972093215,12.450119712689546,-1.3245447230442298,-0.2872251419253846,-0.10604513911183017,2.842170943040401e-14,-1.502912401652623,-0.11727937375124069,-3.4548695845819637,8.300079808459698
-0.5860634731958303,-1.325631898319271,0.025515595365680377,2.0835724247556335,0.5273834639482944,-0.010622489783399969,-4.031140206687176,20.75019952114924,-2.2938671375393405,-0.9231420350367792,-0.14642427121094137,-0.14155902746551874,-1.4081890939867003,-0.1751502779963956,-5.001209608863864,16.600159616919395
0.4033988448586934,-0.5237346918914714,0.07705764702212126,12.233460721266102,0.5354175900034841,0.03557415716850121,9.262456258737672,8.300079808459698,-1.431792278714683,-0.21456009422021083,-0.12436887875504121,-0.014297575675044527,-1.2997735335698923,-0.16585236860866126,-2.985302038203475,8.300079808459698
-0.5824174212237132,-0.3679683052287004,-0.011871244557904115,-0.18342581013817139,0.01024410745331572,-0.04387884599814562,-1.8288306894412756,8.300079808459698,-1.089165654452584,-0.36623416366128225,-0.06279357152252896,-0.27924549362471396,-0.49650412577555514,-0.09480117296277046,-1.9246503729278182,8.300079808459698
-0.9763474328509547,-1.235580862027371,-0.054675932777476954,4.844714626321743,-0.7526914581249988,-0.0884625786969922,0.5034824313646666,16.600159616919395,-3.258834607106187,-0.32193865570907576,-0.27067191367297094,-15.355184955918567,-3.035178632380231,-0.3044585595924862,-19.696417150875643,16.600159616919395
-2.0131301020893444,-0.8615964597331001,-0.1267773894199039,-0.5109106810053703,-1.1753796147631057,-0.12889708916473286,-2.9031389715483336,12.450119712689546,-2.0761969555805004,-0.6266593704276744,-0.1429248323559441,-0.5109106810053703,-1.5195939149398763,-0.14458745592410405,-2.1007396146414195,8.300079808459698
0.09949669374547021,-0.9732483079617626,0.07497610368407559,3.6866750402130357,0.7229116275387462,0.06749588043271926,1.379506443537558,8.300079808459698,-0.6138500646897249,-0.4596829943273306,-0.020112683268908582,-0.47439126241967244,0.009564869103551032,-0.027592906520264915,-2.7815598590951502,8.300079808459698
-1.9068697408278776,-1.9811089872775849,-0.0561173830689794,4.363721388705876,-0.5369084447189643,-0.07859322197761742,-1.5659787399969538,20.75019952114924,-3.5246092823748363,-1.6693359514202992,-0.21253323426388515,-0.05052736387142431,-2.434532666204081,-0.23063706303426246,-4.76175773745209,16.600159616919395
0.2541622145309619,-1.539825800518635,0.09078593265769053,17.28792651540995,0.6668846193096822,0.06490232654924821,12.075738967698236,12.450119712689546,-4.336032927634714,-0.9016422195682807,-0.3276407684715779,-0.7537516386504066,-3.923310522855994,-0.35352437458002023,-5.965939186362121,12.450119712689546
0.8350855027698945,-0.38498979372744735,0.06635428002694582,5.250977231292708,0.867210593785428,0.0584738988721607,1.3711875501937243,8.300079808459698,-0.8134379683167214,-0.1934883463788104,-0.05885290206587837,-5.046950310119399,-0.7991798221026247,-0.06268096259726444,-6.934343390229927,4.150039904229849
-1.1195719914400382,-0.7882240349182812,-0.05377341257034629,-6.648796780774589,-0.5501633342739787,-0.07997779274111827,-9.04102507131752,12.450119712689546,-1.54371625810934,-0.2201558040349525,-0.11768305008844304,-6.648796780774589,-1.1665096581646495,-0.1347837702773187,-8.238625714410606,8.300079808459698
0.0,0.0,0.0,0.0,0.0,0.0,0.0,0.0,0.0,0.0,0.0,0.0,0.0,0.0,0.0,0.0
-0.12639379358900804,-1.9284261468765767,-0.005772851443803656,15.816329252356283,-1.110991135878936,-0.12314566616281944,2.190974109759061,29.05027932960894,-2.6757563361030745,-0.9255748402186494,-0.22071096086405412,2.842170943040401e-14,-3.5289936639542385,-0.31658119166300264,-11.385653823263638,24.90023942537909
-0.1764991601953767,-0.49337208886560013,0.023520038167271218,-0.5079903283091163,0.32900113975875556,-0.025725601331367254,-3.021755639105038,12.450119712689546,-1.4391483262915514,-0.35638109046999134,-0.10859838456589899,-1.0680320715990241,-0.9336480263374192,-0.15784402406453746,-3.581797382394946,12.450119712689546
-1.5647858813209847,-1.1555895746122182,-0.10601900789678759,-5.1335610922297015,-1.0774671996284901,-0.1420931519711638,-9.49638650368464,20.75019952114924,-2.652352713124606,-0.6739142246572118,-0.21471625066536557,-9.787785776034909,-2.268121318462213,-0.24298269775016626,-13.3381908284409,16.600159616919395
-0.4445730377181212,-1.1623822617592463,0.023319717428677778,-4.737783629246874,-0.029872925454088595,-0.03144127415911402,-9.741450519464333,16.600159616919395,-1.2291409038604817,-0.6611302780139638,-0.08539166185476343,-3.415559995291087,-0.9211926529925085,-0.12520238819837148,-7.259674621220416,12.450119712689546
-0.24783051965502345,-0.995103048388037,0.020602056992385487,-2.3934758939687484,0.17865692556866541,0.0034105223148590547,-6.180858684875886,12.450119712689546,-1.8085086235864134,-0.5422594055749546,-0.13624163709657428,-10.295185859800199,-1.3820211783627245,-0.1534331717741007,-14.082568650707337,12.450119712689546
1.195844600608953,-1.894763877167751,0.11167840877831628,15.555591358985769,1.1630426265215599,0.09679648278056394,9.556979386964525,16.600159616919395,-1.9162059118059904,-0.6205057182639706,-0.1449505082284436,-6.394884621840902e-14,-1.9462738536080826,-0.15577047032990254,-4.456161561453165,12.450119712689546
0.038295299918033265,-1.351685471693873,0.10901714298586884,20.030441881243526,0.7379581165870768,0.08013273271148225,16.17822888837958,12.450119712689546,-2.12190349955943,-0.5691178469815856,-0.1520889437910582,-0.41931307159258324,-1.4222406828903864,-0.1809733540654448,-4.2715260644565305,12.450119712689546
0.1807476749045911,-0.6485088306043263,0.06938964310439544,6.509272644856079,0.6789255038894595,0.016252284299526853,2.7715234904832613,12.450119712689546,-1.020009387809572,-0.6149465574987918,-0.0474423670790971,-2.1316282072803006e-14,-0.5218315588247036,-0.10057972588396569,-3.737749154372839,12.450119712689546
-1.0087315075147485,-0.43402741398016964,-0.08105119795338606,-7.100075569691043,-0.988253472133116,-0.0855457172416528,-13.672917001647676,12.450119712689546,-2.120134674637242,-0.5375065976776803,-0.1741531510119321,-12.96632982358873,-2.0996566392556093,-0.17864767030019885,-19.539171255545362,12.450119712689546
-1.4481743101723694,-0.5261703946458631,-0.07939179034810084,-0.510910681005381,-0.6081719133905779,-0.11445237638096062,-2.903138971548344,12.450119712689546,-1.7171458717595076,-0.5119665308653474,-0.1033669627897078,-0.510910681005381,-0.877143474977716,-0.13842754882256758,-2.903138971548344,12.450119712689546
-0.9713213992737604,-0.46752429139021423,-0.04856544449250588,-0.3359587785624285,-0.4769251011170965,-0.07415354794034545,-1.8208020065021984,8.300079808459698,-1.1511414070055181,-0.27663871273875884,-0.08087400690413005,-0.844668241746735,-0.6567451088488543,-0.10646211035196962,-2.329511469686505,8.300079808459698
-2.5772259012516896,-1.7640975942754302,-0.12757363159149004,-2.6043623166831296,-1.8392726378817281,-0.17380220955564119,-8.084881925031631,16.600159616919395,-3.7167597305489464,-1.127334393999977,-0.24762134223261034,-4.669065283367466,-2.978806467178985,-0.2938499201967615,-10.149584891715968,16.600159616919395
0.06659686665646625,-1.2544363843504716,0.09742157129332507,15.818011349188886,0.7053753178559283,0.09308200219347851,13.09847029168398,8.300079808459698,-1.630592366840311,-0.5444395982525272,-0.10360923711840198,-3.3191810272372706,-0.991813915640849,-0.10794880621824854,-6.038722084742176,8.300079808459698
-2.884153474719864,-0.9342755903156679,-0.21698525062563395,-17.37448973460784,-3.551743693005127,-0.2743120945820522,-24.503692720996526,16.600159616919395,-2.4007681968352013,-0.38915174639518924,-0.1734570333108407,-12.52650215150232,-2.9070905806812264,-0.21464766084518383,-18.07067504731802,12.450119712689546
-1.5052907979057117,-0.2787219186744654,-0.1282972731311106,-13.150259423434743,-1.013238305680808,-0.13446152122287214,-15.032928417840953,8.300079808459698,-1.7937202352620751,-0.2842401952392368,-0.15663764091206667,-17.409947103394064,-1.3016677430371715,-0.1628018890038282,-19.292616097800273,8.300079808459698
-0.3844689930511125,-1.3154550883273401,-0.04325202649887465,3.512783688011787,-0.9443262697459875,-0.08726690791258666,-4.667883036165421,16.600159616919395,-1.571231970357545,-0.4496022569065783,-0.1384385074219097,-2.7784463818159466,-1.9950543535046994,-0.1699802077605138,-8.818345096725274,12.450119712689546
-1.003815984664036,-0.7976228891035682,-0.05434560896696289,4.7076265756278985,-0.41651233669919296,-0.0802353208001792,-0.12042911945798807,16.600159616919395,-3.780522911348738,-0.8716266116970743,-0.2947489309672215,-1.11908100816931,-3.193219263383895,-0.3206386428004378,-5.947136703255197,16.600159616919395
-1.5234546453112285,-1.5742990953554727,-0.054243016045005144,-4.889561449157796,-0.8156432490923571,-0.12206781823829038,-10.53420346078235,20.75019952114924,-2.82288166223843,-0.9797030554192965,-0.194028285355129,-6.172128393152043,-2.262487793956769,-0.2466003379718978,-10.662197366090588,16.600159616919395
-0.5643055367675176,-0.9197272645208603,0.002912793397869984,3.136332326227631,0.518259689817202,-0.007065340737105519,-1.5521059311409466,16.600159616919395,-1.2744291440744293,-0.8057320561013981,-0.06436115542727283,-0.6319674843479817,-0.19186391748970966,-0.07433928956224833,-5.320405741716559,16.600159616919395
-1.0127883580054897,-0.7757634083117022,-0.05424431316855305,-3.5352054515863287,-0.44477438243617495,-0.07047800463523268,-6.649093451545571,12.450119712689546,-1.9644258355794086,-0.3937506282071279,-0.1623924979044033,-11.901501590493012,-1.3964118600100939,-0.17862618937108293,-15.015389590452255,12.450119712689546
0.7400856378023235,-0.7414103320442713,0.0957731182551586,3.802883148503156,0.8015828323876928,0.06949470780515732,0.6223711666125809,8.300079808459698,-0.8820402566819929,-0.40760560160330606,-0.06585865691955972,-0.1177297147560239,-0.8205430620966236,-0.09213706736956101,-3.298241696646599,8.300079808459698
-0.7168510746291545,-0.26807651199467486,-0.0447225299425954,-10.681874472087003,-0.1931929088384141,-0.05952880791656656,-12.55981187412829,8.300079808459698,-1.4950791402714714,-0.22202090124187102,-0.11869733961417694,-0.47080704140582696,-0.971420974480731,-0.1335036175881481,-2.3487444434471136,8.300079808459698
-1.0578974587202694,-0.783937969105386,-0.04998867277954222,-1.4210854715202004e-14,-0.6117746645780464,-0.08524144087836294,-4.337151189148948,12.450119712689546,-1.7480895451469802,-0.6303118481050767,-0.11480180388864103,-0.8611946207602301,-1.3019667510047572,-0.15005457198746175,-5.1983458099091635,12.450119712689546
-0.6865502740169838,-2.3849013328565096,0.02853716372820725,7.7030029183360185,0.36837362880026703,0.03384004535078422,0.6477857554480551,20.75019952114924,-4.354949553533016,-1.108865880457639,-0.332963769060703,-17.288722327857222,-3.3000256507157655,-0.32766088743812605,-24.343939490745186,20.75019952114924
2.470982686172707,-1.8541816457529663,0.1837664673010772,7.040439306786176,1.853011351840339,0.15752848769858052,1.3820204559935192,12.450119712689546,-1.8247117890509146,-0.5318790768114692,-0.15358810881200918,-13.115166052962962,-2.2398533839383283,-0.17029441775312995,-16.82257346238036,8.300079808459698
-2.417414696023389,-1.0078474379828641,-0.150260046389194,8.097045786528525,-1.7714404023829076,-0.18740960505049464,4.544346086260699,12.450119712689546,-2.7610756549965023,-0.8048352032557258,-0.19308863241150054,-0.12735771753683167,-2.115101361356021,-0.2302381910728012,-3.680057417804658,12.450119712689546
0.002572609399932091,-0.04147793276207956,0.0029887474054257623,0.03206438640956577,0.2405266137776252,-0.003995567860871629,-1.6421355905777517,4.150039904229849,0.0,0.0,0.0,0.0,0.0,0.0,0.0,0.0
1.8020433817288906,-1.1180382309432346,0.17297305792151435,14.30777568026975,1.945421928097879,0.15727650971262475,11.32268535721137,8.300079808459698,-1.9078943373446622,-0.6323453182831749,-0.13206791395422984,-3.178368051455493,-1.7645157909756737,-0.14776446216311945,-6.163458374513873,8.300079808459698
1.4728666917891218,-1.164410026862587,0.22533298376104294,15.47968852655606,1.6626425637744422,0.2118898686848013,14.004329607658185,4.150039904229849,-0.6154774211399641,-0.20287278725675684,-0.03821313050112218,-0.11539318947869504,-0.42570154915464364,-0.05165624557736381,-1.59075210837657,4.150039904229849
-0.021021662433473587,-0.6803454358904091,0.04809660425549356,-0.5328587727450724,0.40198581312993475,0.0035490825155540806,-3.970156024078964,12.450119712689546,-0.7999168484575492,-0.4718033076326247,-0.0466732948290598,-5.699264861372878,-0.5198730782304262,-0.07558800723353454,-7.9784955680728515,8.300079808459698
2.694207879433441,-1.7248976046080955,0.23576274258690372,3.0789064846413297,2.672349718006206,0.21936235487962963,-1.5481776769080398,12.450119712689546,-1.5051896312778368,-0.570132670131537,-0.10931208534579376,-0.08565482764756638,-1.5233226126000643,-0.11983854743154773,-3.141311986145716,8.300079808459698
2.7241057787900314,-1.340485824400055,0.2705107349949135,12.833482933710407,2.9472059299483266,0.2729869276568974,10.676611549152135,8.300079808459698,-1.6686265244573395,-0.5230836860044921,-0.1333557712390503,-0.10122383460847573,-1.558599532848981,-0.13225061182043185,-1.5757180872712055,4.150039904229849
0.044621650659792955,-1.816556863395764,0.07325541857268492,17.972951350854572,0.6804265081762129,0.03617276806924252,10.168700559054102,20.75019952114924,-3.530097371751495,-0.9193885216128699,-0.26568343611258305,-12.281906114898696,-2.894292514235075,-0.30276608661602544,-20.086156906699166,20.75019952114924
-0.5872408222845387,-0.20962778084437872,-0.03867367128429078,-1.7822399934182869,-0.0296692335703721,-0.0520655374106086,-3.309413270598192,8.300079808459698,-1.2088237712199792,-0.2955078748311717,-0.09307970049872916,-1.7354011749868938,-0.6512521825058126,-0.10647156662504698,-3.262574452166799,8.300079808459698
2.3410793570670885,-2.982131157133871,0.2552730123982521,38.3753314201044,2.31398483697296,0.2261203982726091,31.722774321276724,16.600159616919395,-3.7047230289372957,-1.0958770007801917,-0.2817786682393009,-13.077056588754658,-3.7318175490314243,-0.31093128236494394,-19.729613687582336,16.600159616919395
-0.8846939470625426,-0.6527676782822471,-0.044905066225403134,6.960475827617696,-0.4930822797815315,-0.08519313591699207,2.6936988116248557,12.450119712689546,-1.0387287931624023,-0.3259093750487416,-0.0773071508824471,-2.6243289079538528,-0.7798643014235829,-0.10344991483352695,-5.462611620580624,8.300079808459698
2.254540070765488,-1.2303880162844418,0.31557009046889783,32.000206142220485,2.6056877065375526,0.2945626126147347,28.91229456191227,8.300079808459698,-1.7941065183422422,-0.2917551570091881,-0.14826292404492392,-2.842170943040401e-14,-1.4429588825701778,-0.16927040189908704,-3.087911580308244,8.300079808459698
-1.4946806085134332,-0.8925035269062427,-0.07480391766960781,4.731524920938238,-0.7991115533686477,-0.14490380418363868,0.8305335693223448,16.600159616919395,-3.3213413708964366,-0.7170459639547175,-0.25700860626564104,-1.1307859518145698,-2.625772315751651,-0.3271084927796719,-5.031777303430463,16.600159616919395
-1.0606904912538795,-0.7498246532348016,-0.04486451361516519,4.263256414560601e-14,-0.44296094347087145,-0.08101827240236936,-3.4307261455327236,12.450119712689546,-1.6260149756444298,-0.6985430157094541,-0.09876745605877135,4.263256414560601e-14,-1.0082854278614217,-0.13492121484597552,-3.4307261455327236,12.450119712689546
-2.006023507516086,-0.7747410084651314,-0.13536619475220507,-6.012514590345653,-1.676661573688909,-0.1471201623655391,-8.953231445938442,8.300079808459698,-1.749635043283071,-0.35774879729248354,-0.12719180905167465,-0.9899151148152043,-1.420273109455894,-0.13894577666500868,-3.930631970407994,8.300079808459698
0.7990415661446315,-1.230931360660536,0.1257685868269458,12.477986888185924,0.9896652436773623,0.07928335995555469,7.081417757483223,12.450119712689546,-4.066593460623058,-0.5813110154856087,-0.3196277652780463,-0.34442643246120497,-3.8759697830903272,-0.36611299214943743,-5.7409955631639065,12.450119712689546
1.2012297449104148,-1.1047211550116565,0.16966818456948896,22.639318031681647,1.3193067179832152,0.13954785041665185,19.90120731127152,8.300079808459698,-0.4167830802083605,-0.3795799980102288,-0.020138555558596893,-0.11101179572438724,-0.2987061071355601,-0.050258889711433996,-2.849122516134514,8.300079808459698
2.044396161632389,-0.6510023226713599,0.16975845560594688,7.990822560197714,2.035795733098178,0.1622747386201503,6.223431691266356,4.150039904229849,0.0,0.0,0.0,0.0,0.0,0.0,0.0,0.0
2.0974681746479984,-1.6035035930930412,0.2444542117169613,24.483918782121208,2.191753671724639,0.23991308329286842,22.898378756326082,4.150039904229849,-1.0140003097941053,-0.3019715830701628,-0.07686726350081574,-8.587825160440218,-0.9197148127174648,-0.08140839192490862,-10.173365186235344,4.150039904229849
1.4709934010651349,-0.9356057921764229,0.1379394131621652,5.194795133242678,1.119134134389399,0.09984410261324456,-1.6925805234399007,12.450119712689546,-1.1256426034959022,-0.2356123411367257,-0.09818446089106816,-6.394884621840902e-14,-1.3627396949776438,-0.12252730400942452,-4.487872463049598,8.300079808459698
-0.8924820227850905,-0.8731059885413703,-0.05076530689767894,2.9703959413578005,-0.779919223989145,-0.11882310976227589,-3.510507807312912,16.600159616919395,-2.0773231178480955,-0.5339430732173689,-0.17728785725869017,-0.23198276775535476,-1.9961180057206818,-0.2261662382576664,-5.028225968939928,12.450119712689546
-0.22479971901514517,-1.4451092902407972,0.01003165764859082,7.0310206863316225,-0.13748972592213526,-0.012117031481368334,2.77054907667992,12.450119712689546,-2.0779731896763076,-0.6529434077239724,-0.15730807505717728,-0.3964484275451241,-1.9906631965832977,-0.17945676418713644,-4.6569200371968265,12.450119712689546
0.33650445447273025,-1.8877353766276848,0.13877017801002045,17.689220154179708,1.0293388183799435,0.13993893898430199,13.5405359940004,12.450119712689546,-3.0699010584417152,-0.6311767003301405,-0.24462127950400658,-0.11101179572440145,-2.377066694534502,-0.24345251852972505,-4.259695955903709,12.450119712689546
-0.43476809386404636,-0.8622576617271545,-0.00255205988797913,3.383492389367646,-0.27487205054079755,-0.06797817659022765,-3.401710860808798,16.600159616919395,-2.9915205806492873,-0.6812937758641926,-0.21674378755667723,-0.4157618273196704,-2.8316245373260385,-0.28216990425892574,-7.2009650774961145,16.600159616919395
0.7593069261988106,-0.7979202304547659,0.08090028721548476,11.855256257637588,0.7159817160178772,0.06273568075279484,8.747502543746545,8.300079808459698,-0.5881075600274066,-0.2441542608862992,-0.04757478239058077,6.394884621840902e-14,-0.6112674042005217,-0.05636784555577201,-1.5377541673895365,4.150039904229849
-1.385681799253513,-1.119866245674194,-0.05802045238320097,11.527586252096214,-0.5235313867460123,-0.08782026450460045,6.589569152906606,16.600159616919395,-3.158523739743635,-0.5421016933357947,-0.24909960631674122,-9.991136743542924,-2.296373327236134,-0.2788994184381407,-14.929153842732532,16.600159616919395
0.9675267747383263,-1.0653475874912797,0.1779279265012471,18.60022431312157,1.6679498984159666,0.1578950756029286,14.758534335901185,12.450119712689546,-1.8089548146108303,-0.5446456221447384,-0.13735861594976717,-0.6160640227536973,-1.10853169093319,-0.1573914668480857,-4.457753999974081,12.450119712689546
-1.3409888471107143,-0.45896172409753255,-0.09046996716460998,-3.817439923683885,-0.9471708619323449,-0.1091943183715901,-5.407268857319934,8.300079808459698,-1.3409888471107143,-0.45896172409753255,-0.09046996716460998,-3.817439923683885,-0.9471708619323449,-0.1091943183715901,-5.407268857319934,8.300079808459698
1.8013610078961184,-0.9370305106729333,0.16326064879330152,16.557548352718605,1.7520427138332906,0.15471319401997782,14.926186858037532,4.150039904229849,-0.4690982069351701,-0.2647940361722263,-0.03584412890084482,-0.06190699079878925,-0.518416500997998,-0.04439158367416851,-1.6932684854798623,4.150039904229849
0.021380854555230755,-0.21389738517254564,0.029155595027702264,0.37487765824876007,0.4369275902616163,0.026712463030982736,-0.8344259541125183,4.150039904229849,-0.6793084598145871,-0.03595561785458834,-0.06311851688506387,-1.724837058552442,-0.26376172410820153,-0.0655616488817834,-2.9341406709137203,4.150039904229849
0.31389571906870195,-2.320933868309762,0.03253098458940487,2.7378092993880188,-0.06398362580068984,-0.002388912792649772,-2.2233897265753413,12.450119712689546,-1.2600340110273,-0.509259232257163,-0.10517049090472375,-0.2700311963477873,-1.5151832535088783,-0.12747314196154097,-3.5250481553551296,8.300079808459698
-0.12687111341116264,-0.5247876452917435,0.0323271985176824,-1.6015073097322343,0.5367535230073504,-0.011236656693945801,-5.016568533079248,12.450119712689546,-1.475905720084513,-0.3762520036218646,-0.10676743145902412,-5.902493925478037,-0.8122810836659999,-0.15033128667065232,-9.31755514882505,12.450119712689546
2.2256727236508067,-1.0298254890971634,0.17782424262798763,9.997945635740038,1.6868670847184242,0.1502585367200514,5.411210390883127,8.300079808459698,-0.3477049087130313,-0.10271713183052888,-0.031230434956981648,5.684341886080802e-14,-0.6183235908925444,-0.04441118192110581,-2.218121173805642,4.150039904229849
0.7491598294618207,-0.6359821470581686,0.060626134553020516,8.177938059472481,0.5770330275410629,0.04672578299420785,4.00519892195021,8.300079808459698,-0.9187916009000929,-0.18073430634475685,-0.07253748358327933,-1.4210854715202004e-14,-1.0064101101515677,-0.0792088570050205,-2.0404269032019187,4.150039904229849
-0.37099554142572266,-1.9599958383269804,0.01329613284171377,14.92850449486658,-0.020356936900300937,-0.004110629364075913,9.864046116592249,16.600159616919395,-2.9084952353052085,-0.6956666418021129,-0.21096902766709547,-2.1316282072803006e-14,-2.6507572464469886,-0.22367938865194675,-3.768134278714541,12.450119712689546
1.2361232701754377,-1.684832613118047,0.15746427189865192,25.93088920307507,1.308997852220961,0.11888663235982683,19.34607884512505,16.600159616919395,-2.2902098311774255,-0.3752720505631313,-0.18716899799992057,-4.973799150320701e-14,-2.2401014749294124,-0.21518621124252899,-4.870241920810386,12.450119712689546
-0.3807206536328378,-2.0269705639882254,0.03223923255695804,18.62785576161282,-0.24058526651706824,-0.018116726883223244,13.080119725618331,16.600159616919395,-2.3995411808714895,-0.9813024772087893,-0.1812823092099955,-0.8440306983571446,-2.298920485382827,-0.21769856027351642,-4.963864235726547,12.450119712689546
0.5817584161980971,-0.6824206662783574,0.05514052259955862,7.126190402972462,0.21519108047023394,0.018593180400849424,3.263738719763694,8.300079808459698,-0.27456023875074287,-0.18305492623389874,-0.023658420772398672,-1.4210854715202004e-14,-0.4590257508441109,-0.04122789041504553,-1.8847976806710136,4.150039904229849
-1.2785273506760841,-0.5388330559889667,-0.08966756092184525,-7.358248732703043,-0.8106210081957999,-0.1226084983442185,-10.526734430578522,12.450119712689546,-1.6689350366233535,-0.5143762965725394,-0.12895898432408592,-1.5821271277609341,-1.2010286941430692,-0.16189992174645917,-4.750612825636413,12.450119712689546
-2.93529356829434,-0.5157517971331309,-0.22218298590550223,-1.1662208118398567,-1.5387758006843546,-0.24464820450434466,-4.365853365893248,16.600159616919395,-4.536231044505735,-0.46080098430305405,-0.37355731518966895,-3.199027795430464,-3.1397132768957494,-0.3960225337885114,-6.398660349483855,16.600159616919395
0.5503144323197207,-0.393686855322013,0.06295012117810694,6.7000394527696585,0.6205910396278158,0.04525374272130189,3.968261597351251,8.300079808459698,-0.44097446729940426,-0.2567335173834824,-0.033228536300900224,-5.403342885605355,-0.4069894344413072,-0.04185542212309373,-6.759177969162515,4.150039904229849
-0.99438923600359,-0.4227393600256715,-0.0625288672506592,-6.948957240839093,-0.4986221114788414,-0.09656609816294603,-10.658155322473633,12.450119712689546,-2.752089576126515,-0.8699731052496347,-0.1995917658497981,-6.4124901577643385,-2.2563224516017666,-0.23362899676208493,-10.121688239398878,12.450119712689546
-0.40493238256229525,-0.852143239035474,-0.020933665739512053,11.347154080109888,-0.368692767184009,-0.04029791938852889,6.260618917546935,12.450119712689546,-1.4737298932284482,-0.6562661005547028,-0.10996650435048935,-0.926474120041803,-1.452913183860427,-0.12247984807625426,-4.2734662206151555,8.300079808459698
0.7670981104916041,-1.1110443876403462,0.14757374422968683,21.801480415222205,1.0998533257674072,0.142228879773037,20.539364218188783,4.150039904229849,-0.48485453461597494,-0.4368082031007319,-0.009053268354302091,-0.1144800711994094,-0.15209931934017185,-0.014398132810951925,-1.3765962682328308,4.150039904229849
2.590591036936595,-1.2614301690327743,0.2489495899730364,15.309390254703565,2.7979166577101635,0.2301405612577132,11.319549715751236,8.300079808459698,-1.297535371062164,-0.2901362545334969,-0.08757351962424403,-0.8150148707735383,-1.0902097502885955,-0.10638254833956723,-4.804855409725867,8.300079808459698
-0.054966584522242457,-1.4684376690965149,0.030237504167730578,13.999163397635996,-0.1521864167545628,-0.043197117308518884,4.606339970061171,20.75019952114924,-3.392770314847793,-1.3838659785091565,-0.27555995638992414,0.0,-3.489990147080113,-0.3489945778661736,-9.392823427574825,20.75019952114924
-0.3009212544139217,-1.734817170896779,0.09222597265707277,19.931916731969764,0.30806034285357686,0.02805190688633319,14.344355903523585,16.600159616919395,-3.070032083631057,-0.9206598555079388,-0.21771549679951052,-0.11101179572440856,-2.4610504863635585,-0.2818895625702501,-5.698572624170588,16.600159616919395
1.0028371364181554,-0.3454397300481098,0.11775826078464424,6.037989223471083,1.3266703035713867,0.10462996174600059,2.4474831483601065,8.300079808459698,-0.10520020703055355,-0.11825184337617145,-0.0036183697703510154,1.1013412404281553e-13,0.05564975940395289,-0.010154130940387196,-1.8397672081406746,4.150039904229849
-0.8756197864113968,-1.7891228207638648,-0.02451945532785743,19.833884897190778,-0.5940860018267102,-0.08084197489959677,10.923398753311666,20.75019952114924,-3.4188190081661185,-0.8180459771052391,-0.283530412633803,-0.6843287233248674,-3.137285223581432,-0.33985293220554236,-9.59481486720398,20.75019952114924
-0.8390917030151268,-0.6996178303654812,0.0018735444963153824,9.411243988344374,-0.24609899156540216,-0.03516907295961236,7.251751700685183,8.300079808459698,-2.1559208570979482,-0.6346953348479705,-0.13869509824687865,-1.627875840574312,-1.5629281456482236,-0.17573771570280639,-3.7873681282335028,8.300079808459698
-0.011405073557591017,-1.7606789699694225,0.06398447995817941,17.37092249851324,0.2551079983343696,0.021603756640125482,12.363341052872954,16.600159616919395,-1.7371546505300595,-0.7198984477397854,-0.127840903705491,-0.4355023339804376,-1.4706415786380989,-0.17022162702354493,-5.443083779620725,16.600159616919395
0.24343328945826137,-2.3722532791735453,0.1306487391307427,18.165803982888377,1.0883494117258197,0.09783680284677965,11.369828416515617,20.75019952114924,-4.118992216505846,-1.0465277127205521,-0.29801843274472517,-6.4582437924645575,-3.2740760942382874,-0.33083036902868823,-13.254219358837318,20.75019952114924
1.1725933052875837,-1.0030027535450614,0.14441141623724668,20.602066701547276,1.169114860996312,0.13087847873820918,19.28862910395294,4.150039904229849,-0.2915643750859509,-0.32912617310302217,-0.016505235448188216,-0.11277540359824201,-0.29504281937722254,-0.030038172947225716,-1.426213001192579,4.150039904229849
0.37166841085991553,-1.2848032689817366,0.07758904627065005,17.27178559726664,0.6707263540876918,0.03660827661441779,10.774415880025604,16.600159616919395,-3.008052845503739,-0.7244261538140879,-0.23594951820128493,0.0,-2.708994902275963,-0.27693028785751717,-6.497369717241035,16.600159616919395
3.750081309228559,-2.794458239294409,0.43612560389532445,26.366862916718958,3.947945968315514,0.41934146202084066,21.204246431774564,12.450119712689546,-2.2803865196201256,-0.6437120576969484,-0.1728561475315863,-1.4210854715202004e-14,-2.1515078289860545,-0.18362686603978762,-3.385419133504456,8.300079808459698
1.5994599945242438,-1.3192130087110492,0.1830902359134048,-2.1864114162472603,1.9105848494285205,0.16622042125162867,-6.523562605396229,12.450119712689546,-1.253319408760123,-0.32556782818715924,-0.09338471004067223,-4.107712773924476,-0.9421945538558463,-0.11025452470244834,-8.444863963073445,12.450119712689546
3.0598841746669603,-2.3825997464999222,0.37485773854312066,22.68959054645716,3.2405100788640784,0.3477868576835908,18.15706283889245,12.450119712689546,-0.4212615948372411,-0.5105448193843465,-0.020875255145517635,-0.1012238346084473,-0.3038361322524663,-0.03827402914938122,-3.086314157666841,8.300079808459698
-1.661775180173053,-0.6032868888185465,-0.1254969241838088,-14.050920678881639,-1.4115909071968025,-0.14161483277028208,-18.73414330907292,12.450119712689546,-2.619115094508273,-0.8933691864232767,-0.20538339257943497,-15.936930652167035,-2.455488545851381,-0.2159343085006906,-19.025711978196725,8.300079808459698
0.28651639527950135,-1.9564254627957887,0.10494026422378988,13.683377120794368,0.6676931269092634,0.05955636591243085,6.932407747509657,20.75019952114924,-3.025131632839284,-1.1090152688845318,-0.24886240215525426,-1.2375602892083961,-2.7249068766784124,-0.28392745575561573,-6.591773081478792,16.600159616919395
0.1887293578576532,-1.7662905500718633,0.034669275614150785,11.650503782034143,0.03775913861758795,-0.0013338652743717372,4.637763576042786,16.600159616919395,-2.437161652341935,-0.5569392680166185,-0.1868871635896252,-6.432225449547431,-2.555865944182445,-0.2129027306822444,-11.616642370908991,12.450119712689546
-2.0950878317521635,-0.5786839987310497,-0.14454278224466843,-3.0927924349003924,-0.9656544097759845,-0.1749205399380297,-6.29242498895378,16.600159616919395,-3.199269686229812,-0.3551320086519034,-0.2570787290670131,-8.876961418749183,-2.0698362642536328,-0.2874564867603744,-12.07659397280257,16.600159616919395
0.8822144486220873,-1.0795739390592782,0.07649249431950841,-2.6091608284049457,0.5639909392138875,0.04297334226646962,-8.2862411857053,12.450119712689546,-1.3881668974353945,-0.3703722407721539,-0.1066032284176758,-0.39777675466962137,-1.6038948655148655,-0.12814097342171674,-4.1361030544077835,8.300079808459698
-1.8375655731129426,-2.9304544707184856,-0.03230528586160297,18.64287879055407,-0.5065383496569265,-0.052472884970040434,8.410832666686119,24.90023942537909,-4.0919730807619015,-1.1430452907401651,-0.27826050378895073,-3.6871452383742067,-2.9905973449317003,-0.2951284161882768,-12.105011354124528,20.75019952114924
0.6216758844917347,-0.8106143467457798,0.08445118554949443,5.266305198006027,0.6235471142664206,0.015810014679865203,-0.8972793446053515,16.600159616919395,-1.858024468070596,-0.8681345726312966,-0.1399646955095285,-0.046698914484053944,-1.85615323829591,-0.20860586637915773,-6.210283457095432,16.600159616919395
-0.2556285446454911,-1.6147886935629643,0.1332763558896406,16.827851141157716,0.34030491243217575,0.10348497433601977,14.278673286062919,8.300079808459698,-2.892987529986655,-0.8260357657982684,-0.1760083148754431,-8.072738739085679,-2.2970540729089883,-0.20579969642906393,-10.621916594180476,8.300079808459698
0.15748675243201227,-0.3303432139154232,0.026002890256364042,1.3937142312419226,0.111998050132045,-0.01319442024698958,-2.9850903230584436,8.300079808459698,-0.3057821088992885,-0.17455447013749925,-0.019000940395530797,-9.237055564881302e-14,-0.3297750345181649,-0.037909520585454715,-2.381569501464412,4.150039904229849
1.6300903763147634,-1.2137462985506442,0.137266271214587,6.078251708911196,1.6825529615392742,0.1253559078154744,2.8948808426705455,8.300079808459698,-1.1825999878602333,-0.44654923604163166,-0.07734693346516286,0.0,-1.1584242701278669,-0.08310219066228486,-1.566539625949929,4.150039904229849
1.070297535954646,-1.3402650062438166,0.2018158171614005,17.65225397593142,1.4946916171986633,0.19228391452469995,14.914143255521285,8.300079808459698,-0.5550187157537634,-0.45841674887075534,-0.02456001543057129,-0.11101179572441566,-0.13062463450974615,-0.034091918067271854,-2.8491225161345497,8.300079808459698
-0.5939075861614684,-0.47183131145301616,-0.029518716086441743,0.39405825282555895,-0.44249924720212164,-0.05896082630928534,-1.9927877134974814,8.300079808459698,-0.819842565556006,-0.1712071449498911,-0.06350161280033217,-2.1316282072803006e-14,-0.7452090360898778,-0.07772200540375218,-1.385153995561307,4.150039904229849
0.7670396274457536,-1.2867723469765249,0.12762143179528918,17.57015435593704,1.0144054143712555,0.10882929141135778,14.903469026618385,8.300079808459698,-0.671159511988284,-0.10253960212794588,-0.05141992471337253,-2.1268653397699993,-0.5488765317455346,-0.06052759887584169,-3.4473953186706296,4.150039904229849
0.7372780364275577,-0.5433543404107652,0.08273224311986821,0.9157028347022376,0.8339380684100117,0.05804669337466961,-3.667756052815683,12.450119712689546,-1.1889584101214767,-0.23758068045512815,-0.10366497640186556,-10.406354543609538,-1.1268437190665281,-0.11956885519970128,-13.752311662830103,8.300079808459698
-3.538299876428617,-1.977413764353857,-0.15206474192205843,6.626136932623538,-1.6841210759055194,-0.1887686315657484,1.0593308264095214,20.75019952114924,-5.45969706680498,-1.4420347723080074,-0.36014066812202616,-5.023097679638433,-3.605518266281882,-0.39684455776571614,-10.58990378585245,20.75019952114924
0.49229927919682837,-0.893943033328318,0.08027068145439575,4.648519776314739,0.9596861884484165,0.05273149547230138,-0.6304543693784517,16.600159616919395,-3.403132748790738,-0.7887914096753832,-0.28356071244156295,-19.43885128336597,-2.93574583953915,-0.3110998984236573,-24.71782542905916,16.600159616919395
0.49382683844307884,-1.1666482826347764,0.06271296936219872,6.734897992040764,0.4088620270749743,0.037837961454477265,1.7950395158000916,8.300079808459698,-2.1244523206479293,-0.5441243666545343,-0.16579790460636398,-3.9008068914441196,-2.209417132016034,-0.19067291251408544,-8.840665367684792,8.300079808459698
-1.9739224956493162,-0.37442475899199934,-0.14398462561626435,-3.3777712181486628,-0.7588931947531963,-0.12330261010924648,-7.14679273511344,12.450119712689546,-2.870712299757461,-0.3160024933069234,-0.22447409016662456,-7.153064298693682,-1.6556829988613408,-0.2037920746596067,-10.922085815658459,12.450119712689546
-2.8628774087850584,-0.49840999842468925,-0.1850701397701715,-0.510910681005349,-1.348662343576601,-0.1980839748135963,-2.903138971548323,12.450119712689546,-3.1179130088986984,-0.44989288127797344,-0.21078427208802064,-2.499215941861465,-1.603697943690241,-0.22379810713144543,-4.891444232404439,12.450119712689546
-0.38302191983186074,-1.1840331990077573,0.0015332646140229222,18.2001308351851,-0.26499912092046163,-0.030912754845091872,14.051446675005785,12.450119712689546,-1.9057132541136168,-0.49068301379685764,-0.15495836868387747,-0.13712101395966414,-1.7876904552022177,-0.18740438814299226,-4.285805174138979,12.450119712689546
-0.24368454765770764,-0.47888188111617147,-0.007398834246693298,3.616665755928132,-0.04747143808019327,-0.033039642429128546,-2.21619967335522,12.450119712689546,-1.054770945712069,-0.11972694287167229,-0.08821823834250314,1.2079226507921703e-13,-0.926879155829341,-0.10488395981374216,-4.139924466959265,8.300079808459698
1.2629656494522967,-1.6231900486228774,0.1367701703442974,4.916874394767923,0.8994729047427041,0.07288989031265714,-4.019540384388861,16.600159616919395,-2.065377198184648,-0.7279951751348861,-0.16464656709531314,-8.025255175383087,-2.4288699428942406,-0.2285268471269534,-16.96166995453987,16.600159616919395
0.6581290867986533,-2.264927338986581,0.1350645904690802,12.908955480773407,0.8810383671226552,0.08590324048357384,6.438779259528928,20.75019952114924,-2.2715090094495016,-0.5350041093375388,-0.17991932140847708,2.1316282072803006e-14,-2.099326779946731,-0.21814878395483525,-5.134978951247739,16.600159616919395
0.9242318342294729,-1.422484713782712,0.16772716846109537,21.073062756623713,1.4803027654304977,0.14648674065581901,16.68005963211978,12.450119712689546,-2.314275726537063,-0.64452376759413,-0.1718079431754857,-0.0034734814661376845,-1.758204795336038,-0.19304837098076205,-4.396476605970072,12.450119712689546
1.5255999269818465,-1.9135379629268776,0.15752528734908366,32.649942487180084,1.6249461867269055,0.13301547126245056,26.160225011947677,16.600159616919395,-3.3999398914240975,-1.1400220790780935,-0.25676370562846423,-0.08193546108426375,-3.3005936316790385,-0.28127352171509734,-6.571652936316667,16.600159616919395
-0.454194951309006,-0.1622049323433572,-0.030456163905125955,-15.217331020565418,0.008328489385411864,-0.04015492560127809,-15.472939576162013,8.300079808459698,-1.6449392002700014,-0.45783111925909026,-0.12233042900420332,-4.826180902319933,-1.1824157595755835,-0.13202919070035546,-5.081789457916528,8.300079808459698
1.7430190811809076,-1.413192545916539,0.22719892228580063,26.899640930628458,1.9019769930293418,0.19924960529882063,23.914550607570064,8.300079808459698,-1.8687405399233414,-0.7190331989603891,-0.1304157367447416,-0.10122383460847573,-1.7097826280749073,-0.1583650537317216,-3.0863141576668696,8.300079808459698
-0.5278219703710674,-0.7878299691730604,-0.030323643417313917,-5.278665527837461,-0.4296459695861232,-0.07400193623301649,-13.202575786432636,20.75019952114924,-2.469314964639846,-0.6315005549526873,-0.1992122937278988,-6.5157973900299595,-2.3970409668506276,-0.2330663483787229,-12.875118966724123,16.600159616919395
1.2014210985250795,-1.3615340562005986,0.14396937866267256,27.615133324809868,0.8846907456997677,0.06820137285875139,20.299584614264987,16.600159616919395,-2.0747544083930425,-0.5655902983148149,-0.16964499266299018,-1.5834505498492746,-2.3164307885682467,-0.22432384544844677,-6.971847066077736,12.450119712689546
-0.9446742466349356,-2.1524604280428026,-0.010224853720609217,13.077364051727411,-0.901580702891458,-0.09682023903253323,6.026441403564466,20.75019952114924,-3.4631541464437365,-1.4331184489608528,-0.27641893989428773,-3.6886851324641086,-3.420060602700259,-0.36301432520621174,-10.739607780627054,20.75019952114924
1.3911649193721454,-1.016157352754556,0.11734248837788619,6.583872268970843,1.2605823278278638,0.09444173012403051,2.487851475380488,8.300079808459698,-1.1102654096711184,-0.07363238941102068,-0.0781413377007166,-5.684341886080802e-14,-1.1773640719105583,-0.08917453252989219,-2.0148149804561655,4.150039904229849
-0.42655764083143755,-0.17481414810866625,-0.03264339603678723,-5.632185105683064,-0.313822534616115,-0.04790487126170029,-6.409501051044764,4.150039904229849,0.12818590860059764,-0.293011967994083,0.037520850514360715,0.0,0.2409210148159202,0.022259375289447658,-0.7773159453616998,4.150039904229849
-1.6496922146336468,-1.5230157338034473,-0.07187604559356364,10.649214697795188,-1.1484773961690564,-0.09916306277598164,6.854702183723539,12.450119712689546,-2.055832933479218,-0.6126316534034117,-0.15231819371919886,-2.842170943040401e-14,-1.7240712463743701,-0.1700974209932612,-2.5119744848802625,8.300079808459698
2.6646956371744412,-1.5359826099831082,0.30831821627754163,25.833363289617395,2.5103402728297475,0.27658269446127043,22.566219431781477,8.300079808459698,0.21869433708585628,-0.4411608819097239,0.028874348060581922,-0.38642529211116994,0.06433897274116251,-0.0028611737556892836,-3.6535691499470886,8.300079808459698
-2.573142040322529,-0.8144342355367424,-0.16700721921542372,-0.5109106810053845,-1.554420502367937,-0.17712849452451074,-2.9031389715483265,12.450119712689546,-2.80342742180133,-0.8343309773546039,-0.18707690631097473,-1.3326628541737833,-1.7847058838467378,-0.19719818162006175,-3.724891144716725,12.450119712689546
-1.0845151326209557,-0.904594988472665,-0.07270397078419319,2.4563402169658204,-1.1661741804120718,-0.09547343186430643,-1.3410645257869547,8.300079808459698,-1.340307642283034,-0.23646735946677566,-0.09822332015427218,-1.4210854715202004e-14,-1.3828146566414512,-0.10919014498154053,-1.8616355476437718,4.150039904229849
0.1347985782749639,-1.6272857883065797,0.07029573750603973,14.931147787725017,0.44262973623832025,0.05208334808619408,10.389622060015178,12.450119712689546,-2.493644883997881,-0.8062369961255964,-0.19718481088557754,-5.805673313211237,-2.1858137260345245,-0.2153972003054232,-10.347199040921076,12.450119712689546
1.5771473377991119,-0.8986099291972138,0.11594774492554123,2.2840208754531233,1.2291567819040061,0.09880268885649907,-1.665667169330483,8.300079808459698,-0.5256927506913422,-0.09192490058531355,-0.040448338071812674,-2.842170943040401e-14,-0.701297184591898,-0.048664216951291944,-1.9268910860673714,4.150039904229849
-3.323786180796251,-1.0271804603311203,-0.2504461816966358,0.010351131761041188,-2.4810430782981063,-0.27336154598145934,-2.0927858196844618,20.75019952114924,-4.465110763827007,-1.389103303746639,-0.34952008190306083,-3.5972681484490074,-3.6223676613288625,-0.3724354461878844,-5.70040509989451,20.75019952114924
-0.8521790504253834,-1.7085806217117199,0.00961276771636288,9.915787853944643,-0.36700320036611167,-0.015787604674814215,5.446450131408561,12.450119712689546,-2.239328469032076,-0.8755555800651766,-0.14809784870489895,-7.2595378224811355,-1.754152618972804,-0.17349822109607604,-11.728875545017218,12.450119712689546
2.2624533098475563,-1.2130862265997084,0.2125159291073226,16.993622836624766,2.292610123988692,0.18634145090217913,13.45103757226466,8.300079808459698,-2.6267687825943353,-0.5160391900891312,-0.18780173098683206,-1.7468494524215927,-2.5966119684531996,-0.21397620919197552,-5.289434716781699,8.300079808459698
-0.888558453895504,-0.6186939202798865,-0.0379161566951155,-0.5221323879911708,-0.28617008932354526,-0.0401931677983266,-2.3589361576494383,8.300079808459698,-0.7938550312904349,-0.3065886080031017,-0.04972548731590143,-0.5221323879911708,-0.49348299635614357,-0.051043121447081896,-1.4405096939785977,4.150039904229849
0.44205594685946537,-1.5095436682910233,0.04500771584703492,23.634969355606145,-0.055016994202627956,-0.01065397308944499,16.61700850320812,16.600159616919395,-1.826586100608607,-0.24893465279750338,-0.1388000016869946,-4.122081385411462,-2.2047039193615725,-0.1788661062424903,-9.295505423408748,12.450119712689546
-1.9521102250518174,-0.9989488742836361,-0.10874235111031905,1.2131060098321775,-0.8057256387658862,-0.13918960203113395,-3.0010479606905065,16.600159616919395,-3.050110496293734,-0.9171258761860095,-0.23449746693210982,-3.542823284923468,-1.903725910007803,-0.2649447178529247,-7.756977255446152,16.600159616919395
1.011389720088962,-0.5242633960664858,0.09301305171331314,7.218941911160499,0.9885881195503599,0.0510003919016091,0.48184144845816945,16.600159616919395,-2.3274456047678527,-0.9083875878764278,-0.1857000561736473,-1.6238991845232746,-2.350247205306455,-0.22771271598535134,-8.360999647225604,16.600159616919395
2.8236308679963296,-1.395242443267735,0.2574873868021544,3.324418434054003,2.515906716937222,0.23010402141132988,-0.9441565491699819,8.300079808459698,-1.350008079168119,-0.5461197303864882,-0.11618571628587467,-7.815970093361102e-14,-1.5051242907180074,-0.1293101662736114,-2.090858819661001,4.150039904229849
1.2220095250225382,-1.3404795460621042,0.19837009663111482,19.206792008608755,1.7203522809744243,0.17527270237754156,14.889582962646198,12.450119712689546,-2.550274049751855,-0.5513548559793371,-0.20823037648106396,-0.11561530437319334,-2.051931293799969,-0.23132777073463723,-4.43282435033575,12.450119712689546
-0.07670379974344943,-0.5320395708252796,-0.012312907223396813,0.6672690742745999,-0.7183710535085264,-0.04619078187311141,-5.6137958432395365,12.450119712689546,-1.882283285170705,-0.5751160773076389,-0.15549996357445028,-4.937353961060218,-2.3132584779871457,-0.17711185819371839,-9.428332361944918,8.300079808459698
-0.9377550163686585,-0.387947249873406,-0.041662666163035045,0.4552209835954386,-0.011231277368906945,-0.08801667891299103,-3.48819925242978,12.450119712689546,-2.3828000740981246,-0.7225765674494955,-0.13097027055777588,-0.11574228464375835,-1.456276335098373,-0.17732428330773187,-4.059162520668977,12.450119712689546
-2.834288651135175,-0.6731854233226127,-0.20269577528251337,-9.976266583795017,-2.0105156967890725,-0.22642912994623954,-13.365996496161738,12.450119712689546,-2.8775395247189195,-0.6692706308072918,-0.20686721645648432,-9.976266583794981,-2.053766570372817,-0.23060057112021048,-13.365996496161703,12.450119712689546
2.3526034981758093,-1.6285849437654711,0.25612744037446067,13.525114006854558,2.4112875942767342,0.23002067885906463,8.868366402298221,12.450119712689546,-0.768314149322058,-0.24635835303095988,-0.059143563572844504,-1.3036389314874697,-0.7322618096063938,-0.07598244860535985,-4.392838284555765,8.300079808459698
0.3973908062572029,-1.4235145284660948,0.0839419117262788,4.435169309815642,0.49593334654245425,0.06539411753656277,1.339474816793583,8.300079808459698,-1.3999404197507115,-0.5706986375966228,-0.10673817997689578,-14.476040629318277,-1.3520045271527392,-0.11571648746209184,-16.007661932738138,4.150039904229849
-0.02567004390639127,-0.42359274528618407,0.03912026129233814,2.719799833842565,0.31748215160236626,0.0016459306155265363,0.06860081183547351,8.300079808459698,0.026336664407764943,-0.4593781198442013,0.048467422210611955,-0.3662037403926135,0.36948885991652247,0.010993091533800348,-3.017402762399705,8.300079808459698
-0.2955977629133688,-1.6039451300701515,0.07158872108463787,15.389649786991235,0.13128973886422646,0.035457380689072004,11.228545387413945,12.450119712689546,-1.8023169009799167,-0.8399459922077295,-0.11761829687640946,-0.11239345093036945,-1.3754293992023214,-0.15374963727197533,-4.27349785050766,12.450119712689546
-0.5902636758502,-0.3558751101386992,-0.03021508228004266,-3.070098137815066,-0.3515542824111817,-0.05560873568825886,-6.490481820862669,8.300079808459698,-0.38657206687080503,-0.1450807505834124,-0.02311265305143162,3.552713678800501e-14,-0.26874508682972476,-0.03536543178683449,-1.6837333707709163,4.150039904229849
0.2696862350454854,-0.2578215371247765,0.02638739975944343,1.1626398573162433,0.18241057902401714,0.004676711336998096,-2.5792679043777014,8.300079808459698,-0.24992363228140135,-0.10326057013810974,-0.01931092130017814,2.842170943040401e-14,-0.2948962945871214,-0.029775752525125043,-1.8363270075179443,4.150039904229849
3.0932477722434237,-1.9758535805726627,0.28388174160436264,11.377293223307518,2.963225812835568,0.25802089527382854,6.462873303626935,12.450119712689546,-1.2689738631431524,-0.4966711000835353,-0.09382867648710494,-0.07448378441753079,-1.3592314470732614,-0.110396350729244,-3.294865746298832,8.300079808459698
0.15163346779956122,-1.677154026873648,0.09038832456429935,16.999581760447505,0.6644832652969779,0.058209065297148754,11.412020932001312,16.600159616919395,-3.490629358889974,-0.8839582479982511,-0.280919612965224,-0.11101179572441566,-2.9777795613925573,-0.3130988722323746,-5.698572624170609,16.600159616919395
0.7282053234850427,-1.1502300612556091,0.057134975875824084,6.46487616055181,0.26098708597830367,0.022318646483310597,2.092261425346422,8.300079808459698,-0.2666572408222767,-0.060646421559598096,-0.021584463099678285,2.842170943040401e-14,-0.5015844838836214,-0.038288489025688925,-2.113506237140143,4.150039904229849
-1.9743409481167151,-0.8066856991571125,-0.17731559310893222,-16.36502906794307,-1.9379218811138021,-0.20132634988256762,-25.24970155220386,20.75019952114924,-3.8146330113597693,-1.05751345325079,-0.35915794677121293,-14.03941533782983,-3.7782139443568563,-0.38316870354484833,-22.92408782209062,20.75019952114924
3.6613928335505577,-1.254418536485602,0.34707947127681915,27.92550455327206,3.7719069370842897,0.3257330630613582,24.901926785963024,8.300079808459698,-2.5049632248346443,-0.3506031877312239,-0.189602255233636,-8.633434108702644,-2.3944491213009123,-0.21094866344909696,-11.65701187601168,8.300079808459698
0.18911559508156817,-0.3554098764815361,0.04008691750133608,4.59239680014727,0.4938330405576785,0.016347533623106703,1.2048054487208937,8.300079808459698,-0.9295411091664096,-0.5036892597342284,-0.057509294786592724,-1.0658141036401503e-14,-0.6248236636902993,-0.0812486786648221,-3.387591351426387,8.300079808459698
-0.9477053997898555,-0.9538720568856824,-0.06432970317936004,-1.0004409616213863,-0.651514677280618,-0.10585055059151793,-6.051104444450051,20.75019952114924,-3.696550708120405,-0.7724492534106737,-0.34719147313842497,-8.212715847186114,-3.4003599856111677,-0.38871232055058286,-13.263379330014779,20.75019952114924
-1.6787337443592278,-1.172566587159853,-0.06340060128416936,-5.397330805053333,-0.6796708837108589,-0.14947991280066275,-11.831097502846053,20.75019952114924,-4.159050743290815,-1.0039885354184044,-0.2868521035729493,-12.097008400794952,-3.1599878826424463,-0.3729314150894427,-18.53077509858767,20.75019952114924
-0.7062205921381395,-0.48754751766035653,-0.01860867243872244,1.602147140318987,0.0026148401739636284,-0.03107704168215175,0.31409762708502953,8.300079808459698,-0.8263099760142936,-0.335622145112044,-0.0455901340014655,-0.5390151567181363,-0.11747454370219046,-0.05805850324489481,-1.8270646699520938,8.300079808459698
1.3761341590386222,-1.0968414200315841,0.10765116907327316,12.677508077392666,1.0222267118349726,0.09114242858937921,8.053749256067668,12.450119712689546,-1.2750007939683394,-0.19864081710069037,-0.10518474421426287,-1.52320374521517,-1.5140935373514575,-0.11572195180487618,-4.544899784002013,8.300079808459698
-0.06707767848612711,-1.1667388354444892,0.07417911467563021,1.5754578677760094,0.5775028413872665,0.04126760409463648,-2.577444875020486,12.450119712689546,-2.187599010309005,-0.33990381133226144,-0.16414314905068916,-5.561738717585616,-1.5430184904356112,-0.1970546596316829,-9.714641460382111,12.450119712689546
-1.0115676638188242,-1.1805688965246368,-0.0307423675633679,-0.7043835693699165,-0.5243924586177062,-0.05693735353895746,-4.531978196472657,12.450119712689546,-2.4849055024823707,-1.0155440929497583,-0.1799495403616605,-7.994671888960404,-1.9977302972812527,-0.20614452633725006,-11.822266516063145,12.450119712689546
0.531813154227212,-1.533430979381171,0.15153125226939335,22.540915039315944,1.3155927192391985,0.12744288686154281,17.602622081919353,12.450119712689546,-1.871654159243862,-0.3744270983893596,-0.12932312626196385,-5.684341886080802e-14,-1.3513274927261065,-0.14490611411488508,-3.2491804339072274,8.300079808459698
1.314544095982395,-1.7111830196343067,0.128293182446832,3.0652504359096184,1.1005758011703115,0.10093860431540028,-1.759404117217457,12.450119712689546,-1.1147984238247366,-0.6962685969014952,-0.08932308300480818,-7.529398958334262,-1.260620870943474,-0.10685358157532779,-10.709140247357304,8.300079808459698
-1.4476381161019347,-0.889849942074342,-0.08396106562591288,-0.46177045634379965,-1.0968611778688686,-0.1426601041529013,-4.766241739066146,16.600159616919395,-1.2536938023312905,-0.6939106749980137,-0.07508508103196576,-7.105427357601002e-15,-0.9944291893494661,-0.11772908230810974,-3.2089485663487096,12.450119712689546
0.42009296629927917,-1.4369331635173523,0.0882024195370868,18.346962329966676,0.6628540897887225,0.08001871939667915,15.52311191337984,8.300079808459698,-2.4106489819776256,-0.7240335881198003,-0.19006417835446454,-7.025877761989186,-2.167887858488182,-0.1982478784948722,-9.849728178576022,8.300079808459698
-0.11816133781317184,-0.45622070321392627,0.0036447160874709117,3.600089044067026,0.11449740628348692,-0.01705480597707415,-0.466458783820201,12.450119712689546,-1.1874269367996515,-0.5534474349396046,-0.09761692811890488,-0.1694072864497258,-1.0348451765154199,-0.11116184630201759,-2.8581084980926903,8.300079808459698
-0.23752166378698814,-0.3565672662793826,-0.012933757004140678,-4.867870783020905,-0.22957450587091088,-0.040004574708895846,-9.775048097416438,12.450119712689546,-2.849494140190445,-1.148907190724291,-0.22444616551928656,-12.57538759461891,-2.8415469822743677,-0.2515169832240417,-17.482564909014442,12.450119712689546
-0.8027611530093459,-1.8881953690633022,0.07130477854214712,16.940248839467817,0.6666356485604874,0.06998728174650037,11.352688011021616,16.600159616919395,-3.2257037610143646,-1.1072268523152875,-0.2122899205691824,-5.488778123093667,-1.7563069594445313,-0.21360741736482913,-11.076338951539867,16.600159616919395
0.45720100801009966,-0.799043120888312,0.07280831197568854,0.006759316334772336,0.38196742379037474,0.026050781524460165,-3.202017062592464,12.450119712689546,-0.9872435319294715,-0.4736275191818802,-0.08470440439723209,-3.197442310920451e-14,-1.039631064413138,-0.1148937544962601,-2.126596079556098,8.300079808459698
2.504682599839003,-1.7231141627000923,0.3037114855716488,36.11911945660226,2.540425432249682,0.2781345194794423,32.8798030825469,8.300079808459698,-0.6993487018703393,-0.2332944665366803,-0.0530680818502014,-1.781938519740315,-0.6636058694596603,-0.0786450479424079,-5.021254893795678,8.300079808459698
-0.40265210185852496,-1.9486902255517986,0.004176003240431714,10.287163006543025,-0.8714253261154381,-0.09711973136203078,3.2319458436550548,20.75019952114924,-2.9032323740875388,-0.9977336291956398,-0.2448812344877335,-8.857302128404783,-3.372005598344452,-0.346176969090196,-15.912519291292753,20.75019952114924
-2.025756469485951,-0.6930056120412829,-0.1454206831483077,-0.46851415116503503,-1.5275610598450173,-0.21890146014757728,-4.461122171530729,16.600159616919395,-2.2314867964625895,-0.6193444134253419,-0.16917426035569672,-0.46851415116503503,-1.8609204214364627,-0.22236909838440155,-3.447527749974654,12.450119712689546
1.1841768138224795,-1.3738321828915279,0.1488578616344728,9.62372317877928,1.4421853527378348,0.12341710073750001,4.125246286465654,16.600159616919395,-1.8149615045177425,-0.4307297536261707,-0.14776355182913434,-2.842170943040401e-14,-1.6259192348248686,-0.16650702984030738,-4.085941708230536,12.450119712689546
0.8028859354247464,-1.3602370706195934,0.10882239552343859,17.821432810162705,0.8443425624628853,0.08195196532089283,12.67613731208018,12.450119712689546,-2.200448098054153,-0.5824001232629907,-0.18684142880066115,-4.216202136065441,-2.175497377337332,-0.20419275231102466,-7.605222673993552,8.300079808459698
-0.7951694429515266,-0.5028385598463796,-0.05914947435751944,4.7390251540117845,-0.5776000726254171,-0.07105447888330602,-1.517910230058753,12.450119712689546,-2.43487822602404,-0.4512400673896302,-0.20587136901267947,-4.285771589923463,-2.2173088556979303,-0.21777637353846604,-10.542706973994001,12.450119712689546
0.523789488575499,-0.39219027716871224,0.06723251175769207,2.856565691723013,0.9626343503778445,0.03614554142443527,-0.68959805225861,12.450119712689546,-0.817098075264866,-0.5743220609179556,-0.042254821013485766,-3.349829894459745,-0.3782532134625205,-0.07334179134674257,-6.895993638441368,12.450119712689546
-0.07931485492955836,-0.18713311652056142,0.009561149701324934,0.3875738575820691,0.6129053806682041,0.00295535202142605,-1.554587399755249,8.300079808459698,-0.6903613097440466,-0.2231446647776174,-0.04439224413296605,-0.9759986984702458,0.0018589258537158315,-0.050998041812864936,-2.918159955807564,8.300079808459698
-0.22263608304344817,-1.4901425095201315,0.017021591229583855,3.5321896475918138,-0.20169932141134161,-0.0303159601314687,-2.0683772242845038,16.600159616919395,-2.2793884957525545,-0.7090882763565052,-0.1804496658279306,-8.453218117917714,-2.258451734120448,-0.22778721718898315,-14.053784989794032,16.600159616919395
-0.21510103605215747,-0.2082572482573557,0.003533477755467196,-0.2639934786705105,0.00020484202083359548,-0.016341641471645074,-1.1572511140064314,4.150039904229849,0.0,0.0,0.0,0.0,0.0,0.0,0.0,0.0
2.1914823314309606,-1.9349625739644178,0.218628950222779,23.00552676241544,1.912900780716309,0.1840079218858632,18.358694611633442,12.450119712689546,-2.6675570382784786,-0.8283654389650525,-0.2257545881439432,-7.89761292856457,-2.94613858899313,-0.260375616480859,-12.544445079346566,12.450119712689546
1.0724895868053252,-1.3746368884762337,0.18812758682165864,23.106883752735353,1.2856753739760807,0.1621809216885095,19.957429277064687,8.300079808459698,-1.4838776948992827,-0.5983070642119959,-0.10668433463694837,-3.355728921867602,-1.2706919077285272,-0.1326309997700975,-6.505183397538268,8.300079808459698
-1.096575204179806,-1.520753766597771,-0.06338866554071287,6.599518783445113,-0.6002595261837884,-0.07844612785932331,-0.6071466155785359,20.75019952114924,-3.7401865525950484,-0.8897771677867592,-0.3083042112991675,-7.645782974666837,-3.243870874599031,-0.323361673617778,-14.852448373690486,20.75019952114924
1.6794097572648825,-1.2865591143692683,0.1947883587861184,10.769267056747736,1.671094795651129,0.15331397403143343,4.688904233176082,12.450119712689546,-0.4803813018757541,-0.5243925252206143,-0.027984997575231985,-1.9085331884857908,-0.4886654424063108,-0.05461000150525186,-5.90819283110212,8.300079808459698
0.4859032234516114,-1.5919525026253893,0.14509467440575674,29.11953748866416,1.3620538363143364,0.14439820493282318,24.520946679151923,12.450119712689546,-1.9774900376095639,-0.7887771580546836,-0.12978511850101782,-0.09865827289431195,-1.1013394247468389,-0.13048158797395137,-4.69724908240655,12.450119712689546
0.9356766108934877,-0.9777931360169205,0.11408096033427739,2.0834221058655444,1.105795887219685,0.09801386642327631,-1.2716383091909123,8.300079808459698,-2.4816997138390473,-0.7083257308885198,-0.19230456227609394,-7.796470769445762,-2.31158043751285,-0.20837165618709502,-11.151531184502218,8.300079808459698
0.38186867214007325,-0.7089282917883093,0.05701239895713228,4.947393298463702,0.4926645994273615,0.016747257371874658,-3.9771282135953214,12.450119712689546,-1.5375560613813066,-0.3286114629649006,-0.11792081354454864,3.552713678800501e-14,-1.4664670509179745,-0.14383023562356734,-5.939066945431158,8.300079808459698
-2.1689327391500415,-0.42704698804054964,-0.16325282292482668,-10.031288884261713,-1.3896745953737346,-0.20076648666776908,-12.423517174804665,12.450119712689546,-2.6717924424568764,-0.39598246930362535,-0.21232594706994457,-4.897034020420797,-1.8925342986805695,-0.24983961081288697,-7.28926231096375,12.450119712689546
-0.9122593789126832,-0.658701116939806,-0.030927347233389635,-0.9309754396242695,0.0007529162665775857,-0.04842601136405733,-3.323203730167201,12.450119712689546,-2.014410897103147,-0.27852096152362726,-0.16349521531600497,-16.02946160956873,-1.1013986019238864,-0.18099387944667267,-18.421689900111662,12.450119712689546
0.34749656354839953,-1.4999632729781283,0.06368662706045097,17.47018379028986,0.4811270218160857,0.0449625656889453,13.073670858653394,12.450119712689546,-2.429815864197038,-0.8619054476931218,-0.19172693796112056,-10.67219861022739,-2.296185405929352,-0.21045099933262623,-15.068711541863856,12.450119712689546
0.2672341835872283,-0.8290711543731657,0.013948065966839174,2.8996291733587185,0.06533351437719714,0.006882653230365125,-1.7042735005464067,8.300079808459698,-1.420974276553122,0.02562403547260672,-0.10208523749340942,-8.024845649459252,-1.5238967843710927,-0.10548053519181558,-10.25548657424028,4.150039904229849
2.3415872136416604,-1.2123156602120382,0.20873113607487004,24.774974872873283,2.4971595136259017,0.17419953488968232,17.821296289545163,16.600159616919395,-4.710592954527415,-0.6720886623926727,-0.35097440020086346,-12.331362911617518,-4.555020654543174,-0.3855060013860512,-19.285041494945638,16.600159616919395
1.2512077375921082,-1.386085715945736,0.1379323756997886,12.373387913402944,1.0231137292273207,0.08752980243459507,8.225269098031298,12.450119712689546,-0.7683195128956211,-0.2559752693871751,-0.05707842622095183,-5.00869668744587,-0.9234657317642281,-0.08936276617704214,-7.747467485977268,8.300079808459698
-1.778085453703305,-0.5608643585810746,-0.1203064880152237,-7.1876674145244905,-0.9052473422851426,-0.16589992752975846,-10.387299968577857,16.600159616919395,-2.4178727594887715,-0.5105679146266411,-0.1798096580330344,-9.332327990011798,-1.545034648070609,-0.22540309754756915,-12.531960544065164,16.600159616919395
-2.1235168436800844,-1.10898302405052,-0.14733266491013314,-0.4865577434697066,-1.1710011844160206,-0.15640016798184958,-5.533594208511939,20.75019952114924,-2.8475331461022435,-0.839186948969731,-0.22159579695903797,-0.4865577434697066,-2.089934171626595,-0.22915032986016226,-4.505361808144883,16.600159616919395
-1.0788462162673484,-1.097267812436744,-0.035390055378870744,-6.148743721433206,-0.6977359872948785,-0.10148213183483668,-10.648695369155483,16.600159616919395,-1.7000111825840492,-0.8988586514241685,-0.09774202980980651,-12.468383429616537,-1.3189009536115792,-0.16383410626577244,-16.968335077338814,16.600159616919395
-1.4842277151088545,-0.848364599773717,-0.08448223835049018,-10.765992378852985,-0.7584311533897159,-0.14161871463144682,-14.778045291955323,20.75019952114924,-3.880149151644763,-0.4949259138116364,-0.2973217456894984,-12.710483129037264,-3.154352589925624,-0.354458221970455,-16.722536042139602,20.75019952114924
-0.6882618926668638,-0.6900006478437479,-0.028993572415007662,-0.8494201132796206,-0.26870494128738986,-0.07831292903246045,-6.218953150494755,16.600159616919395,-1.6671337596656732,-0.3632777584015354,-0.1268552282853629,-6.398859507081781,-1.2475768082861993,-0.17617458490281568,-11.768392544296916,16.600159616919395
0.9277419732307779,-1.3917050192857996,0.11030560052495608,13.473249587740334,1.229786586709003,0.08583042414198905,7.274354966018429,16.600159616919395,-1.7234051313132825,-0.4730009840512146,-0.12319093396071579,2.1316282072803006e-14,-1.502161066511798,-0.1411123845356329,-4.586099783556207,12.450119712689546
-0.2638490239041058,-0.4839918942153396,0.00486742397659401,2.5941061842652076,0.21786432098791497,-0.028557284607521605,-0.38216530597957643,12.450119712689546,-1.323650702576007,-0.2548171432721862,-0.10486438015926802,-3.059084825427206,-1.0047698046726117,-0.12663356562125794,-5.034369115416894,8.300079808459698
0.8581582322929826,-1.3828762038874771,0.20149796599689207,21.50109443766224,1.5719978218821105,0.18181317160873967,17.841083269957316,8.300079808459698,-0.7532923723525098,-0.33629875243399,-0.032394014003770844,0.0,-0.39724670670184814,-0.041992528532681206,-1.8039244138199422,4.150039904229849
-1.6216247098977732,-2.5569681927678083,-0.0498298553117017,8.02709671814302,-0.9053490541364617,-0.07960490605091297,-0.8674791827892534,20.75019952114924,-5.204970871395731,-1.3342794804682363,-0.3484918017177294,-1.0547043527081499,-4.4886952156344195,-0.3782668524569407,-9.949280253640424,20.75019952114924
-0.22577128082899023,-0.16167995755435882,-0.013389888785732662,1.900918138431173,-0.116803421177325,-0.05062834083757517,-0.6290191740077162,8.300079808459698,-0.7267532446888492,-0.20214770537729976,-0.06379741427165686,-4.278401074694607,-0.6177853850371839,-0.10103586632349937,-6.808338387133496,8.300079808459698
-1.9054069233864315,-1.5326779451748997,-0.07050945528394781,0.6633096100248288,-0.7992130000447739,-0.12163092495996919,-4.522963594107743,20.75019952114924,-3.9086248412526716,-1.2188400664446117,-0.27084708053164996,-9.608713650187038,-2.802430917911014,-0.32196855020767134,-14.79498685431961,20.75019952114924
-0.6746240513402446,-0.4955060388742609,-0.036148532595453586,3.8990457381567616,-0.4619210611352953,-0.08769852212951246,-1.089126596408196,12.450119712689546,-1.7956775151242388,-0.47489903257420885,-0.14154904484593078,-0.09906632869152077,-1.5829745249192895,-0.19309903437998965,-5.087238663256478,12.450119712689546
-1.1970159891343766,-1.188068087397184,-0.035077428368928465,1.1884994152284172,-0.15835324126363126,-0.11901971602798411,-4.349990002496085,24.90023942537909,-2.348719688436086,-1.0310021767533293,-0.14543933378820884,-0.2867948389292607,-1.3100569405653406,-0.22938162144726448,-5.825284256653763,24.90023942537909
-1.6446369053313648,-0.026339237217111844,-0.12940861153448058,-9.221460968344992,-0.7350919394773836,-0.12874051882713333,-12.30916023614856,12.450119712689546,-1.5701540356166,-0.4133344584881087,-0.10617354616103813,-9.221460968345028,-0.6606090697626188,-0.10550545345369089,-12.309160236148596,12.450119712689546
-0.2037236646245102,-0.9026163411437089,0.025385713552860678,1.7402197941025435,0.171462555026336,0.007872346418460019,-1.7926402224367877,8.300079808459698,-2.6623890909528427,-1.0116159491018504,-0.16298275928426942,-0.08406570394583923,-2.2872028713019965,-0.18049612641867008,-3.6169257204851704,8.300079808459698
0.099922769140659,-1.968509562542529,0.11227607982716126,22.22064199527335,0.555919457859444,0.04917718583485142,16.63308116682715,16.600159616919395,-2.4680135203673625,-1.1250817063455045,-0.1519857821612428,-1.4580359906084084,-2.0120168316485776,-0.21508467615355265,-7.045596819054609,16.600159616919395
0.7301418531123982,-1.303313407519818,0.1227534655914056,32.06356516523485,1.112023489918923,0.08852503463254802,24.81979315958071,16.600159616919395,-2.060025939803123,-0.3751504743869738,-0.1713009200452804,7.105427357601002e-15,-1.7772779133307326,-0.19617737526971163,-5.334362573517858,12.450119712689546
-0.5297396146381583,-0.4882837667119233,-0.017826436981590477,4.09324423880264,0.05197072366893707,-0.04189529381483015,0.8631080127855952,12.450119712689546,-2.5042214631679105,-0.35845348320478365,-0.2251358111529791,-16.509883009555146,-1.922511124860815,-0.24920466798621876,-19.74001923557219,12.450119712689546
-0.7253686182811636,-1.0158045104627842,-0.022426597970181983,0.9468798146437507,-0.32802658884443225,-0.08547878852417812,-7.282132609364602,20.75019952114924,-2.0868186309450643,-0.5719592312291084,-0.14790770411598886,-1.1617123565635055,-1.7752764314290737,-0.1968604350752191,-7.665743339773627,16.600159616919395
0.7675304168893726,-1.1022614436693559,0.10983185561102199,11.196376397160321,0.9256618103782754,0.09344670820582068,8.185431708779646,8.300079808459698,-0.8852690639806093,-0.21289837730203764,-0.06969082539108457,-5.230289143886182,-0.7271376704917065,-0.08607597279628587,-8.241233832266857,8.300079808459698
-0.24523648761280903,-0.04361899168564598,-0.017477123884074186,-2.5823526826885157,-0.07803498430785005,-0.031660461684306807,-4.28962602490671,4.150039904229849,0.0,0.0,0.0,0.0,0.0,0.0,0.0,0.0
0.2179029014720104,-0.6201337835515339,0.07847477478671006,14.124616289158432,0.5253255548210323,0.06704433686592748,12.994186663154316,4.150039904229849,-0.6354531845103502,-0.10734486434838608,-0.04466859345888752,-0.4523098419597389,-0.3280305311613283,-0.056099031379670095,-1.5827394679638545,4.150039904229849
-1.8853668477800678,-1.0180603418481073,-0.14583030724680826,-4.615614726104646,-2.065334692994236,-0.25416629990056117,-9.445115245823235,24.90023942537909,-2.336601992283316,-1.0170847935698788,-0.1877684497170822,-4.615614726104667,-2.5165698374974843,-0.2961044423708351,-9.445115245823256,24.90023942537909
-0.422036619430477,-0.17113804689428136,-0.029304491753547768,-5.364790645446426,-0.3325164958827287,-0.04110191403329799,-7.756777465551913,4.150039904229849,-0.95608955206683,-0.15161514318335456,-0.07740851058157461,-10.587548581411085,-0.8665694285190817,-0.08920593286132483,-12.979535401516571,4.150039904229849
0.6045383571071872,-0.4888424364281576,0.04442258801753088,4.896966956512713,0.48518132949404436,0.03508132774366912,2.9118399857412385,4.150039904229849,0.13048688256134255,-0.29466659701043696,0.009775513534870717,-0.062196402982152676,0.011129854948199736,0.00043425326100896,-2.0473233737536276,4.150039904229849
-0.03558422219380741,-1.2823133166027763,0.016854758705351858,0.37479338600186196,-0.32117734896353056,-0.04138727999802838,-5.817333253830334,16.600159616919395,-1.905547038883726,-1.0110717588404334,-0.1574331495004988,-9.830275901991158,-2.191140165653449,-0.21567518820387904,-16.022402541823354,16.600159616919395
0.07304512655195161,-0.8401545684855236,0.017256889958830346,2.679895474948289,-0.10439522618999053,-0.010824747514355582,-2.6295054677428595,8.300079808459698,-0.6937613757500127,-0.16843661920206365,-0.05426496838094108,-1.5631940186722204e-13,-0.7839005284935974,-0.06777446186897423,-2.5932955070108292,4.150039904229849
-1.369488460635493,-1.0726422182540016,-0.06946165512325175,-0.5109106810053703,-0.42997420391459595,-0.13346802183181905,-5.340411200723949,24.90023942537909,-4.054491127398219,-0.8727692021171709,-0.3214830868625775,-11.504896364740734,-3.1149768706773218,-0.3854894535711448,-16.334396884459313,24.90023942537909
-0.7427131654178751,-0.25364117158179766,-0.04509886274026631,-4.113819677716844,-0.025329117469997442,-0.04800794116187179,-6.5663228091853725,8.300079808459698,-3.0625204646613557,-0.09868454390812431,-0.26181192354744853,-15.266386223538245,-2.345136416713478,-0.264721001969054,-17.718889355006773,8.300079808459698
-1.0394089320906685,-0.7905626583400824,-0.0815006684189824,-11.445204367654252,-0.8219437828081322,-0.12258512348981682,-15.06929991556353,16.600159616919395,-1.5105974303331715,-0.7614704021012955,-0.13408126513331786,-9.35679844012061,-1.2931322810506352,-0.17516572020415228,-12.980893988029887,16.600159616919395
-0.7610041065780893,-0.4479843060969877,-0.04110855642641453,-1.1311873305480447,-0.32609480096463805,-0.07792128171874857,-4.17151583739853,12.450119712689546,-1.1845161000487492,-0.339145870237731,-0.08357330039556421,-2.424195789348836,-0.749606794435298,-0.12038602568789825,-5.464524296199322,12.450119712689546
1.651446240684228,-2.942863342761351,0.26753455019117267,21.276941491956226,2.2011899227850176,0.2155802516006341,13.535997486249652,20.75019952114924,-6.619575731362504,-1.755614395634062,-0.4959713029435692,-8.866822522472006,-6.069832049261715,-0.5479256015341079,-16.60776652817858,20.75019952114924
0.3231214476915101,-1.358554415801672,0.07931429956098701,-3.6816829836733618,0.6575362122027917,0.05449079267656132,-7.830367143852698,12.450119712689546,-0.7889659141713246,-0.546607366122636,-0.04516609357830442,-0.11101179572439435,-0.5688975889728498,-0.061189445518812946,-2.8491225161345497,8.300079808459698
1.4636999061093503,-1.173673342686751,0.1585785827855119,4.037332012685425,1.5147172594860425,0.1408362605385543,1.239019026879987,8.300079808459698,0.11165871987943721,-0.6518789044492053,0.024994674676081075,-0.10827871403969169,0.16267607325612943,0.0072523524291234764,-2.90659169984513,8.300079808459698
1.3162705815771734,-1.7551551946513353,0.2592704040913725,22.639318031681647,2.2773370620672084,0.22135526283188778,17.051757203235468,16.600159616919395,-1.3196726946725237,-0.6621502747697665,-0.07135526474158271,-0.11101179572442277,-0.6022052943164491,-0.09925514384856138,-4.259695955903744,12.450119712689546
-1.329285243366396,-0.7515104207390664,-0.08490869742244128,-1.210420615005802,-0.855035106344304,-0.14006875674659275,-7.14209276198924,20.75019952114924,-3.3925353041303508,-1.1702503233617936,-0.26102929167472727,-1.9359239483658968,-2.918285167108259,-0.31618935099887874,-7.8675960953493345,20.75019952114924
1.2990115103324262,-2.0915542720823854,0.13323458738901903,13.227253536741316,1.0547596257507674,0.10802174868565642,9.858395872572139,12.450119712689546,-1.054584841974926,-0.48625223242132876,-0.09070925263138682,-2.9068794493298142,-1.2200752044866925,-0.1068438660743575,-5.136219155068844,8.300079808459698
-0.6401545680753564,-1.2495971843718134,0.04731937232799899,22.63931803168167,-0.004030647495767425,0.03456062294260931,19.90120731127154,8.300079808459698,-2.2651911928942994,-0.5770938734343556,-0.15962876562444794,-0.11101179572440145,-1.6290672723147104,-0.17238751500983762,-2.8491225161345284,8.300079808459698
-1.6586300133732967,-0.48505039512309267,-0.11472391914523317,-6.066203380119749,-0.6741710035322646,-0.15431829004336461,-9.621647062188075,16.600159616919395,-2.241033603619047,-0.4065632901392746,-0.17292029374368656,-6.837617245984948,-1.2565745937780148,-0.212514664641818,-10.393060928053274,16.600159616919395
-0.43612314564347443,-0.7630673049606109,-0.01620046125780683,8.02510216989343,-0.09964369002157802,-0.026772279052153403,3.425415303677781,12.450119712689546,-1.2404098778165062,-0.31505943016325944,-0.09315651976394723,-4.223180457836165,-0.9039304221946098,-0.1037283375582938,-8.822867324051813,12.450119712689546
0.6320560393242136,-1.4593218616446606,0.09913218642763377,2.337993784122858,0.6912011534355722,0.0791882452365894,-0.4423869104138234,8.300079808459698,-0.5492782681172148,-0.17572129011949045,-0.040585739619115435,-0.40771288946012874,-0.5211729522924369,-0.05024631380493422,-1.785696860018092,4.150039904229849
-0.8356273393810953,-0.30983307119545245,-0.057974948751253974,-10.161634478182183,-0.19024621185224078,-0.07520627436105776,-13.06672739731302,12.450119712689546,-1.369768849146058,-0.36092812335720303,-0.10542506522602646,-0.4912109757566405,-0.7243877216172034,-0.12265639083583024,-3.3963038948874775,12.450119712689546
-0.2869498791328917,-0.1392636678443555,-0.022309746190533847,-2.6858830556601774,-0.4212124702601683,-0.026955958883878424,-4.707081365215181,4.150039904229849,0.0,0.0,0.0,0.0,0.0,0.0,0.0,0.0
-2.352378528623822,-1.2222724305080952,-0.1450189908466823,-4.318271792395983,-1.6901637602728004,-0.16659660294293616,-9.760279943730232,16.600159616919395,-3.289829404376299,-0.9190888562593589,-0.2262963806579188,-4.31827179239599,-2.6276146360252772,-0.24787399275417266,-9.76027994373024,16.600159616919395
-1.5262641155836523,-0.5374253119576302,-0.0805992492241292,-0.5070383955049991,-0.8176307549490716,-0.1009682813981041,-2.013672157818256,8.300079808459698,-1.5571653620202195,-0.5392800294276885,-0.08325542413810938,-0.5070383955049778,-0.8485320013856388,-0.10362445631208428,-2.0136721578182346,8.300079808459698
1.1343448331959216,-1.6599247811471383,0.14060063817767876,12.196774337633919,1.3795517467775298,0.13809130267564623,7.661323416444887,12.450119712689546,-1.760394059593473,-0.2959191816207465,-0.14637249504292657,-7.700739216741056,-1.5998396277738358,-0.1481509342592123,-10.719190890574076,8.300079808459698
-0.43841037201879374,-1.5319466013011578,-0.028592680325586456,9.810231817851012,-0.6220993968101052,-0.0591589287943636,1.8255050810780205,16.600159616919395,-1.8386130361747521,-0.2789586092719709,-0.14441648784208172,-1.0228355626698757,-1.9815925559592107,-0.16648998471835866,-6.903075843665505,12.450119712689546
0.15294641645397888,-1.3412634836036545,0.13475968359478496,22.63931803168167,0.499606434864063,0.1328652467157836,21.283947502152778,4.150039904229849,-1.4678937255370172,-0.6139771528806541,-0.0858955236902027,-0.11101179572440145,-1.1212337071269332,-0.08778996056920407,-1.4663823252532922,4.150039904229849
-1.2107316063465712,-0.3803788708358642,-0.09562427074372898,-1.2422641314311988,-1.0426425519967975,-0.11518967967647692,-4.324819375319677,8.300079808459698,-1.3507906035992168,-0.26622153653710257,-0.11170261319655356,-1.4210854715202004e-14,-1.182701549249443,-0.1312680221293015,-3.0825552438884927,8.300079808459698
-1.3546330304576637,-0.5328560240482041,-0.10267924980469317,-7.108650834744594,-1.2163787433604911,-0.10399671594226342,-12.827169770578465,12.450119712689546,-1.7428612523261222,-0.4003442124171208,-0.13322440518436363,1.4210854715202004e-14,-1.6541109848986046,-0.1341537560468542,-3.7603210413636106,8.300079808459698
1.1122842252969667,-1.1398845001759668,0.15887741046414927,16.045476446006624,1.3270920016716259,0.13683002698588365,12.8537783579849,8.300079808459698,-0.6404549739328802,-0.34024786970567256,-0.040306056393379586,-2.122913944936087,-0.425647197558221,-0.06235343987164521,-5.314612032957811,8.300079808459698
-1.1850328064647364,-1.6815938588988093,0.015590715751852113,4.214924241296991,-0.24075302729291614,-0.06002344678396032,-1.7761684935184618,20.75019952114924,-3.182883963493044,-1.0245330052958739,-0.21449748408919744,-9.861246799014545,-2.2386041843212237,-0.2901116466250099,-15.852339533829998,20.75019952114924
-1.4550279947624265,-1.7555308216195549,0.007272969675452434,16.56606219456379,-0.7725603599797015,-0.03408259351513887,12.337749636990722,12.450119712689546,-1.4659262036974994,-0.49157371746460754,-0.08633470909740726,-7.105427357601002e-15,-1.0131890385936657,-0.11313270390974584,-2.790576231382687,8.300079808459698
-0.5284834443042286,-0.7056941380562094,-0.02810614778169418,6.390252309606559,-0.46128642485763205,-0.07141978937514926,-1.088484067234461,16.600159616919395,-2.5451434383529037,-0.8416664824522453,-0.19709561485927854,-0.1396627647579507,-2.477946418906307,-0.24040925645273362,-7.618399141598971,16.600159616919395
1.3393898134030682,-0.6222072523992193,0.20805767644601492,18.006144146922463,1.989092946889425,0.1998377240168716,15.234990855177653,8.300079808459698,-1.2811474302038661,-0.0962851831078666,-0.11907944146116045,-5.950789813937199,-0.6314442967175093,-0.12729939389030376,-8.721943105682008,8.300079808459698
0.33216357792529294,-0.8185417334854392,0.07094911497412637,2.7689681584717754,0.6348155777788467,-0.014921324386570789,-5.319445313548687,20.75019952114924,-2.162759797466074,-0.7240356448197627,-0.168875956932502,-7.8544181261579915,-1.9257888443265259,-0.23542511435851843,-14.26491328451992,16.600159616919395
-1.9270476146107764,-0.5948320139847709,-0.11686006472191635,-0.510910681005381,-1.2234914089605429,-0.13197188226604728,-2.100739614641409,8.300079808459698,-1.8897025614896812,-0.591891698385977,-0.11377087884961812,-0.510910681005381,-1.1861463558394476,-0.12888269639374905,-2.100739614641409,8.300079808459698
-2.6711318799649044,-0.680993320053167,-0.18809939348782856,-0.5109106810053703,-1.7079317992140686,-0.20912493980490987,-2.9031389715483336,12.450119712689546,-3.4089629623007314,-0.6365946987807121,-0.2609695976340414,-5.571714252517268,-2.4457628815498955,-0.2819951439511227,-7.963942543060231,12.450119712689546
1.7139077468655062,-1.1702845894559957,0.15890562560586555,2.480752011758277,1.5599686747219232,0.13570670076873648,-0.2573587086518998,8.300079808459698,-1.500370040160881,-0.7069388252665156,-0.11770379380154228,-5.600047167715999,-1.654309112304464,-0.14090271863867135,-8.338157888126176,8.300079808459698
-0.7701762472676732,-0.32576404895602096,-0.05130869784199682,-7.792838586621727,-0.47871574097624325,-0.06117028039491729,-10.926888358516337,8.300079808459698,-0.515311142368291,-0.09908144584036549,-0.03786964085450828,-7.105427357601002e-15,-0.37100994835199685,-0.04276076408039842,-1.54915205292383,4.150039904229849
0.051578255280192664,-0.6980797237343683,0.05575172697146802,-0.510910681005381,0.9067748889782781,0.035456781722818964,-2.9031389715483336,12.450119712689546,-0.16508974199973458,-0.6942197300362238,0.03605403519175332,-0.510910681005381,0.6901068916983508,0.015759089943104265,-2.9031389715483336,12.450119712689546
1.9503931013860498,-1.007115904081994,0.23158084920488997,27.329620678952047,2.060283457591816,0.20309536557118935,24.075351840654953,8.300079808459698,-1.5714490551625104,-0.33882120508602753,-0.12785707347389885,-7.718564193529986,-1.4615586989567442,-0.15634255710759948,-10.97283303182708,8.300079808459698
-1.6522697411449183,-1.4195813054593511,-0.10099096690818682,-1.8942232435731654,-1.644945783995877,-0.19195683060208912,-8.34344217914753,20.75019952114924,-4.3080615031972025,-1.361215611876199,-0.34968152702423183,-9.827518213598928,-4.300737546048161,-0.44064739071813414,-16.276737149173293,20.75019952114924
-1.072952895980861,-0.91735009301118,-0.06455671492446119,-7.845379524373072,-1.0069814802076138,-0.10103444249444382,-11.403833371244055,12.450119712689546,-1.9592150482369508,-1.0526951873772088,-0.13716400827494135,-7.84537952437303,-1.8932436324637036,-0.17364173584492398,-11.403833371244012,12.450119712689546
-1.66498368594028,-1.0977185415593418,-0.08476818025864741,1.3076294327432514,-1.1716374287014109,-0.1200397951530654,-1.8929770431586945,12.450119712689546,-2.808402872527882,-0.8468983843792515,-0.19987575066476093,-0.13731780720495124,-2.315056615289013,-0.23514736555917892,-3.337924283106897,12.450119712689546
-1.0276859562385,-0.7512874320504377,-0.06609601904014928,0.44239676760232527,-0.47746390698517605,-0.08462553502355052,-4.51878871240956,16.600159616919395,-2.361606509747527,-0.7198212001104665,-0.19239956168755729,-0.49889674205733314,-1.953011918920855,-0.20640963578844257,-4.6526779585588045,12.450119712689546
-1.485374461051392,-1.1172722740894923,-0.11449334566648278,-4.717034614566153,-1.3482175687924647,-0.16412343615795133,-8.18832948295102,16.600159616919395,-2.6700303824762184,-0.9665819384836727,-0.24024451132105834,-8.978859479988934,-2.532873490217291,-0.2898746018125269,-12.4501543483738,16.600159616919395
-0.18116546083459806,-0.3527614122518017,-0.008331840009281777,-0.9342958597068645,-0.14245394141543244,-0.024664611733708097,-3.8975669199468115,8.300079808459698,-0.19789491318957797,-0.41523055102727824,-0.008478529611294028,-0.7190222981248908,-0.15918339377041235,-0.024811301335720348,-3.682293358364838,8.300079808459698
-1.7026286476662156,-0.8646926293422297,-0.12855055723478737,-8.414393735932272,-1.5046181379513301,-0.17901141286883215,-11.739239600309581,16.600159616919395,-2.529840946648032,-0.822317906542029,-0.20925873910011195,-9.97398671571247,-2.3318304369331466,-0.25971959473415673,-13.29883258008978,16.600159616919395
-0.4617671266215595,0.056585457235330594,-0.048251289720879775,-7.71816532574886,-0.32172237114793667,-0.06342096079928872,-8.547394557994203,4.150039904229849,-0.5463791573099952,0.0030197689443411946,-0.05279470744807224,-11.809579756614884,-0.40633440183637237,-0.06796437852648118,-12.638808988860227,4.150039904229849
1.2371039701682296,-2.122323744526641,0.20536255231347417,20.520923685752045,1.5051832053804226,0.14460427760831196,13.465706522864075,20.75019952114924,-2.639823927881735,-0.768638141078755,-0.21112244246913642,3.552713678800501e-14,-2.431002213052258,-0.25810646469555865,-5.587560828446165,16.600159616919395
-0.6759745915572157,-1.6563675642599485,0.018706437141970955,14.302050967730029,-0.04624155641619332,-0.02048737945125223,8.977211865402904,16.600159616919395,-1.7283364760902087,-1.070201319884287,-0.08909104291574155,-0.11441549473397572,-1.0986034409491863,-0.12828485950896473,-5.439254597061101,16.600159616919395
1.3639761125392669,-0.8426589626586107,0.15419961713204905,14.131332117468698,1.6238918811068537,0.15266703714256435,11.431622246081321,8.300079808459698,-1.1777379350840445,-0.20598391438216446,-0.09910106424845372,3.552713678800501e-14,-0.9178221665164576,-0.10063364423793841,-2.6997098713873413,8.300079808459698
1.207782052097306,-1.4426892637395543,0.12483925446514202,0.5121528025602231,0.946911558494179,0.08550126018612442,-4.1561455997098165,12.450119712689546,-0.6745488890622209,-0.3943551610657856,-0.05199131642644872,-2.122400905870748,-0.8513353175732208,-0.07720323607604321,-5.1950604084052046,8.300079808459698
-0.4993232095925837,-0.5501321286170029,-0.023043813787534173,-0.8701038927598646,-0.4123734871716689,-0.07023076317744514,-4.477874069890461,12.450119712689546,-1.262500582838988,-0.5275631209124185,-0.0920664255215371,-8.448340556885114,-1.175550860418073,-0.13925337491144807,-12.05611073401571,12.450119712689546
0.2676350285807594,-2.142067790117469,0.11640619965754384,30.072664091251898,0.8254924611414971,0.10556602899366385,25.32161485525145,12.450119712689546,-3.1608970825945715,-0.8891173685982015,-0.22725223539015643,-0.08206013485450114,-2.6030396500338338,-0.23809240605403642,-4.833109370854949,12.450119712689546
-0.6019763535776379,-0.2041764077739021,-0.05009277732640943,-4.759573289089282,-0.607976492519624,-0.07728320695078889,-8.148210014757801,8.300079808459698,-1.3740719314883298,-0.23895446614747584,-0.12194011942173077,-0.42714926870601744,-1.380072070430316,-0.14913054904611023,-3.8157859943745365,8.300079808459698
-0.4984788347909497,-1.4803969038882947,-0.006460780970667435,11.968689107101994,-0.2772490298012631,-0.024702004808184852,7.999905634937754,12.450119712689546,-1.6009346343039743,-0.8206151005417563,-0.11182932509389382,-6.19417446877042,-1.4568006128331978,-0.12364030266999687,-8.816320970345714,8.300079808459698
1.4818394142947833,-1.7903722740429568,0.18604159436649587,11.679253686412594,1.6593162693648855,0.17617568333852213,8.85046512341583,8.300079808459698,-1.8531173988293625,-0.3394328636796917,-0.1421610924228211,-7.863833918771803,-1.6756405437592603,-0.15202700345079484,-10.692622481768566,8.300079808459698
-1.3048078404339192,-0.7332005555245473,-0.09261763826099884,-3.34463614563656,-0.6769752220108449,-0.13887728151121798,-8.174136665355139,24.90023942537909,-2.08440080851362,-0.8432482457213215,-0.16233848677188384,-1.189175104848406,-1.5684062896095918,-0.20062209289858007,-5.201228017950754,20.75019952114924
0.644246560884465,-0.4095182113540332,0.06787508328066272,1.139585848599367,0.7295515895549443,0.044787208630287845,-2.147350428084721,8.300079808459698,-2.482328185664251,-0.4783105847296021,-0.20042375669938522,-10.069284661383989,-2.3970231569937717,-0.2235116313497601,-13.356220938068077,8.300079808459698
0.6476144824873131,-0.5597781756162483,0.08809912771153083,10.260915701639604,1.1178140460313735,0.062182854541313226,6.221172681314027,12.450119712689546,-1.8600246928433428,-0.33984236602834983,-0.14946311429433734,-4.744124466494853,-1.3898251292992825,-0.17537938746455495,-8.78386748682043,12.450119712689546
-1.0990953660967806,-0.6247004281984214,-0.059554381532639145,5.264750690006981,-0.5748547393220171,-0.09163768245209147,0.7139545400573937,12.450119712689546,-2.0012838269190203,-0.6753988849080912,-0.1342867799057621,-9.70477270051002,-1.4770432001442568,-0.16637008082521443,-14.255568850459607,12.450119712689546
-0.48181705581737955,-1.1353222222743806,0.006311066640373064,-1.0635812047299105,-0.012792015694063075,-0.009273190742083104,-4.416708279222004,12.450119712689546,-1.8988023205044557,-0.5451191320465618,-0.14866782792657285,-6.2114203128635594,-1.5885037374633981,-0.158929990974912,-8.434610247314914,8.300079808459698
-0.45747305291803375,-0.5056165079372814,-0.01083517989798155,-1.855439722924821,-0.07630680436649939,-0.05860705190889237,-4.247668013467763,12.450119712689546,-1.2236764149900603,-0.5338388194043873,-0.07759078670520658,-7.532129411111065,-0.9721775996493598,-0.1084845233804762,-9.121958344747082,8.300079808459698
-0.9546043178185304,-0.3203242207204724,-0.06276596278569879,0.7918064336474231,-0.45411592308275495,-0.08656825233427179,-0.8479666549002793,8.300079808459698,-1.2963295464443405,-0.31997629756884116,-0.09628720991317075,-2.5078689582072364,-0.7958411517085651,-0.12008949946174374,-4.147642046754939,8.300079808459698
0.8590153540217971,-1.4506717012863586,0.14214542326278046,11.3445435927737,1.0790817712694967,0.13234187554823118,8.60643287236353,8.300079808459698,-0.9450903905805719,-0.227371439175041,-0.07722246588461013,-0.950838088762147,-0.8362303488733902,-0.0820100726291394,-2.306208618291052,4.150039904229849
-1.2919784167754855,-0.687610711304524,-0.0583404214269615,-0.5109106810053703,-0.6336309121219408,-0.06892954373304983,-2.100739614641398,8.300079808459698,-1.2919784167754855,-0.687610711304524,-0.0583404214269615,-0.5109106810053703,-0.6336309121219408,-0.06892954373304983,-2.100739614641398,8.300079808459698
2.018488540104202,-1.116593417522676,0.2072797986015007,18.19808882815054,1.910652290144621,0.18136190891842308,14.895434401519815,8.300079808459698,-0.8245390399254982,-0.45600446588299803,-0.06483076711557606,-2.5976685521885727,-0.932375289885079,-0.09074865679865368,-5.900322978819297,8.300079808459698
-0.6686327814176218,-0.49157615066167004,-0.04037249155077244,-7.609485547470399,-0.1453316185465514,-0.041932898593121715,-13.202661828945338,12.450119712689546,-2.4524540931795125,-0.06995289771191437,-0.1979290548397385,-11.328733921635305,-2.106569598609065,-0.19925470831276987,-15.012009954822538,8.300079808459698
-0.34634589845310515,-1.6084098637416488,0.07957176658369869,9.15933119157928,0.11821496789383623,0.06169235257007066,6.390788450447555,8.300079808459698,-2.429573378913652,-0.8205461118283139,-0.1586050969896471,-0.4219194780591806,-1.9650125125667106,-0.1764845110032751,-3.1904622191909056,8.300079808459698
0.4308440050142748,-1.0594684198664481,0.07831631332055988,6.304115676483747,0.7193824172181618,0.06465699391137425,2.300634263759747,8.300079808459698,-1.4482766755821608,-0.510035688688669,-0.09563922380603379,-0.08888386091226863,-1.1597382633782738,-0.10929854321521942,-4.092365273636268,8.300079808459698
2.6540627668493633,-2.3534537870366368,0.28640825961206245,30.49626786383906,2.8879210822821078,0.27475833025702967,25.657524610106776,12.450119712689546,-0.8898715837636129,-0.2971298921068488,-0.061723790506589826,-2.1316282072803006e-14,-0.7374575860904065,-0.06930396794012311,-3.166034891853222,8.300079808459698
0.23299213610037395,-0.49279048839820483,0.038382524974286736,2.0517173131638806,0.3297516488953711,0.016568046209969545,-0.5472463510140742,8.300079808459698,-0.6177887921077874,-0.18330777746336757,-0.05004599565585255,-2.1118461919897307,-0.5210292793127902,-0.07186047442016974,-4.710809856167685,8.300079808459698
3.7217761802753824,-3.216900054925649,0.430018576719686,18.96890937195731,3.6998159806677533,0.3813560280475493,12.851351573819628,16.600159616919395,-2.5510229009865437,-0.8699479392928495,-0.18331691960954843,-0.10122383460848994,-2.5727823786397375,-0.21831906775103876,-4.633751542173194,12.450119712689546
0.31487035739761193,-0.8480478344720854,0.0635365832428878,7.998530985592545,0.40396692586466276,0.03500425932088047,5.597974701123107,8.300079808459698,-0.2907910983297679,-0.6589360064321621,0.00018968291495702339,-0.12580818693993479,-0.20169452986271708,-0.028342641007050307,-2.526364471409373,8.300079808459698
-1.4798315291668427,-0.5201412503442118,-0.08140552496565279,-10.8623644501894,-0.7673344223457566,-0.09093273792883938,-12.452193383825438,8.300079808459698,-1.4798315291668427,-0.5201412503442118,-0.08140552496565279,-10.8623644501894,-0.7673344223457566,-0.09093273792883938,-12.452193383825438,8.300079808459698
4.030503767066508,-2.0264945384589144,0.4103298313828503,27.31420367366548,4.253773827241415,0.3699156173787531,21.603153742698566,12.450119712689546,-2.7514005012842624,-0.8544195550584011,-0.18142046897055542,-0.07924875574483536,-2.5281304411093553,-0.22183468297465259,-5.7902986867117505,12.450119712689546
2.014624739249271,-1.0609584273311992,0.14764112437484472,12.944332611426042,1.906531678331569,0.14504378612935126,9.73992700061661,8.300079808459698,-0.060207014478119714,-0.09241445378832758,-0.004741340133132613,1.4210854715202004e-14,-0.11608446544614237,-0.005994370175597438,-1.5598093807108455,4.150039904229849
-0.7768989929938908,-0.20503299228548855,-0.06129809976416967,1.6498076156912234,-0.4806031360452767,-0.09690864971477653,-0.13765830861999362,8.300079808459698,-0.9016581635844068,-0.14514412437659985,-0.07841386134983352,-0.774805140500888,-0.7544104762316151,-0.09569094768439357,-1.6646050239178862,4.150039904229849
-1.2536246663252149,-1.1637594143526648,-0.05515121821170177,-0.5109106810053738,-0.40850798064007154,-0.1010194048571097,-4.522963594107743,20.75019952114924,-2.474839307935528,-0.9207319710090136,-0.19056648617081234,-0.5109106810053596,-1.6297226222503847,-0.23643467281622027,-4.522963594107729,20.75019952114924
-0.947151486354203,-0.7311487775691283,-0.04803570057747608,3.1555096476181177,-0.463976683899503,-0.08372704976283962,-2.5913123221509338,16.600159616919395,-4.583770845860435,-1.012552352506079,-0.3346735510708123,-4.03208788240341,-4.100596043405735,-0.37036490025617586,-9.778909852172461,16.600159616919395
0.627714623485931,-0.03540358648721309,0.04577706898283521,2.734965869051557,0.3691942618427868,0.03223682342856299,0.1238443546791217,4.150039904229849,0.0,0.0,0.0,0.0,0.0,0.0,0.0,0.0
-1.586042091644881,-0.7705852436906859,-0.05739476199332394,-6.163166711929545,-0.697143916055488,-0.07077105291626262,-7.7529956455655835,8.300079808459698,-1.9014760749669364,-0.7645133423387982,-0.08294724723169833,-8.902046699957435,-1.0125778993775434,-0.09632353815463701,-10.491875633593473,8.300079808459698
-2.062892437347963,-1.0612246713163103,-0.15344015098137204,-5.66882429243628,-1.6406518171947715,-0.18175328840568322,-9.277050651464112,16.600159616919395,-3.330537192943317,-1.0830922210746525,-0.2730513276703892,-11.091915775395211,-2.9082965727901255,-0.3013644650947004,-14.700142134423043,16.600159616919395
-2.246462999091614,-1.1244210402855188,-0.13820216385728168,-3.962285157905363,-1.8666890943274783,-0.1617393914414753,-9.294986577608356,12.450119712689546,-3.8321575988187195,-1.3024059008620235,-0.2636285166783801,-1.1992585297614227,-3.452383694054584,-0.28716574426257374,-6.531959949464415,12.450119712689546
-0.3645600871442731,-0.45504442198037687,0.02278719531091067,0.699332081399092,0.3078576884894879,-0.015342502738912467,-1.1376495571603158,8.300079808459698,-1.088468357205553,-0.4024912781664245,-0.048562420664923556,-0.358735700330751,-0.41605058157179187,-0.08669211871474669,-2.1957173388901587,8.300079808459698
0.35065290830669227,-1.060369811778056,0.07065611394356425,14.595730826475819,0.7814439271885298,0.07120051992556548,9.719383490554701,12.450119712689546,-2.0377705906154064,-0.4003115403589117,-0.18139290725769244,-1.3062491373906155,-1.6069795717335689,-0.18084850127569121,-6.182596473311733,12.450119712689546
-0.7275085014767821,-0.26735744309927156,-0.0429720270178674,-4.618527782440651e-14,-0.07501518254611206,-0.05267572416225763,-1.2965064787881069,8.300079808459698,-1.0190226526102926,-0.22294604070783386,-0.0727787912074026,8.881784197001252e-14,-0.3665293336796225,-0.08248248835179284,-1.2965064787879719,8.300079808459698
0.6552388690082012,-0.5848551406048248,0.06667282454903495,1.6893843618581386,0.7791136958861022,0.050147966820941414,-4.233513701751633,12.450119712689546,0.336496805405595,-0.34529818013484537,0.03433146064090653,3.552713678800501e-14,0.41594520216623465,0.02361529742169083,-4.482878250095212,8.300079808459698
1.6623160402871928,-0.725439891880411,0.16555676857525536,21.27449893672937,1.7136899753602775,0.15739165378353076,19.69264373846895,4.150039904229849,-0.685250219588629,-0.15466488334082662,-0.0530789753953998,-1.0273991289607238,-0.6338762845155443,-0.0612440901871244,-2.6092543272211444,4.150039904229849
3.327387647968316,-2.278789368197099,0.385562119643489,21.18802633453123,3.2776309595810016,0.35175887184191823,16.798297014406515,12.450119712689546,-1.6385670970157973,-0.6526001871968354,-0.13120728370766271,-4.716332032753201,-1.688323785403112,-0.1650105315092335,-9.106061352877916,12.450119712689546
0.30650872113675565,-0.780735384938799,0.07575585678280405,6.840915914844214,0.748783193026803,0.06362758399232127,4.645513026799861,8.300079808459698,-1.0659275763005738,-0.34220639900622807,-0.07483438344878646,-4.274632165731859,-0.6236531044105265,-0.08696265623926924,-6.470035053776211,8.300079808459698
3.2888946759362825,-1.6742268126650686,0.24587478934754567,15.827492690335589,2.9057674853448567,0.22548742691294082,12.362722213940174,8.300079808459698,-0.867791566020415,-0.3801855602637314,-0.06609842654948977,-0.05836758707231127,-1.0610644000647262,-0.07586652976127717,-1.7470960188642408,4.150039904229849
-0.3017003363563262,-0.7623177850446101,0.020919867519814894,2.54014206941482,0.15872349342451741,-0.023669654589627775,-2.4374742862986913,12.450119712689546,-1.5805338089564867,-0.6114943689559187,-0.10056942105323385,-1.0418434054799555,-1.120109979175643,-0.14515894316267652,-6.019459761193467,12.450119712689546
-1.603113069556982,-0.7761087259528132,-0.09908178576542592,-0.1917257777847574,-0.5721153835220649,-0.1247091066451066,-4.597796248868558,16.600159616919395,-3.2249872137229065,-0.7287920502250547,-0.2633122282887026,-16.58745586282937,-2.1939895276879895,-0.28893954916838327,-20.99352633391317,16.600159616919395
-2.3655164957059993,-0.8510746300406034,-0.156510302382051,-5.767005117391019,-1.2346925408451837,-0.15314104204331613,-9.999572420161606,16.600159616919395,-3.227067710353082,-0.6169927515906544,-0.23664542640366554,-13.620645503644266,-2.0962437554922664,-0.23327616606493068,-17.853212806414852,16.600159616919395
-0.7592606587974116,-2.159737137913492,-0.006612547261806101,12.14970310844194,-0.6256703002816444,-0.08505985506731456,3.8569130250450385,24.90023942537909,-3.84940471283004,-1.1649199732571969,-0.2960431087719102,-0.11773029432742277,-3.715814354314273,-0.37449041657741866,-8.410520377724325,24.90023942537909
-1.157997041519243,-2.495815820598045,-0.029360784595388545,12.85884052625942,-0.8194114137262121,-0.07570381538560678,6.073960262515996,20.75019952114924,-3.926148739870916,-1.067978634413258,-0.2821938580783334,-0.11095709995753822,-3.661993836522104,-0.3178111310584317,-5.576242382984425,16.600159616919395
-2.1545266712763134,-0.8096539217609706,-0.14033827953800848,-0.8695536406945976,-1.4371405982442464,-0.18018700083355332,-5.022081893260907,16.600159616919395,-2.884749153318533,-0.6326682207463907,-0.20922544523793324,-0.8695536406945976,-2.3512009294438085,-0.23868513995931878,-3.9775715232030358,12.450119712689546
-0.6395822754453615,-0.4186452694934406,-0.021320898805755828,2.9296776186159335,-0.03008096294783158,-0.03679990733603944,0.09868325635743247,8.300079808459698,-2.070375804810821,-0.38204179934868954,-0.16310586497288249,-7.9340631742929375,-1.460874492313291,-0.1785848735031661,-10.765057536551438,8.300079808459698
-0.46442511989097657,-0.5344007601166716,-0.02596944090687675,6.857571116976175,-0.32474400867585906,-0.037490542926483406,3.152750986037084,8.300079808459698,-1.8440856526079408,-0.9314854724244217,-0.13909678764518196,-0.09882922621015666,-1.7044045413928233,-0.15061788966478862,-3.803649357149247,8.300079808459698
-2.4012084164508627,-1.2996698397778186,-0.12677958729683725,8.264880742106275,-1.44630271010202,-0.13153705791136716,4.457260214929423,12.450119712689546,-3.377380216107718,-1.1523744598438252,-0.22568609179742305,-0.12081405316984473,-2.4224745097588753,-0.23044356241195296,-3.9284345803466962,12.450119712689546
0.56391727388998,-0.9811720730214333,0.07303916882296257,8.264880742106275,0.78394721050703,0.05170039173263158,4.457260214929416,12.450119712689546,-2.650202138656499,-0.973946490339765,-0.19718987314141728,-0.12081405316983762,-2.430172202039449,-0.21852865023174828,-3.9284345803466962,12.450119712689546
0.6391376955941386,-0.2216351009562132,0.043234444063507974,0.09129219539784827,0.3813615793311187,0.030180914256168694,-2.7170149382890187,4.150039904229849,0.0,0.0,0.0,0.0,0.0,0.0,0.0,0.0
1.8797725902224283,-1.1279290181073556,0.22044418114637399,17.976109037946294,1.986377202736045,0.21330344579480687,16.05891359031949,4.150039904229849,-0.5055861577026866,-0.07206586243778723,-0.04041363866180875,-0.1457468789157801,-0.3989815451890699,-0.047554374013375866,-2.062942326542583,4.150039904229849
-1.0310957494471964,-0.6304295222348912,-0.04682292786907338,-2.455062956925957,-0.1467152223537198,-0.06121942951143111,-4.84729124746892,12.450119712689546,-3.5795497305145973,-0.7010955034331268,-0.28631717641040666,-2.455062956925957,-2.6951692034211208,-0.3007136780527644,-4.84729124746892,12.450119712689546
0.7754187534483536,-2.968367215353256,0.2311109716962889,24.645739645184925,1.3421970587470966,0.1864021962536212,18.90788125067968,16.600159616919395,-3.809239515596685,-1.2346313754712952,-0.2645301733290823,-11.85414535827811,-3.242461210297942,-0.30923894877175,-17.592003752783356,16.600159616919395
0.5344339789198349,-0.529269713784652,0.08216210836041671,9.163031011312484,0.74176295840509,0.056973760535141804,6.213727744001606,8.300079808459698,-1.259948902456376,-0.2785795193988303,-0.10572324872610706,-10.931636762382968,-1.0526199229711208,-0.13091159655138196,-13.880940029693846,8.300079808459698
2.121408721915574,-1.0299471890904321,0.17644372521743948,14.296763206994115,2.031417630536092,0.16837452857335172,12.093746645023415,4.150039904229849,0.0,0.0,0.0,0.0,0.0,0.0,0.0,0.0
1.3622668834641027,-1.039959223419304,0.14965984719140335,9.918330839977763,1.352995100678056,0.13802494305585034,7.766011092527229,4.150039904229849,0.0,0.0,0.0,0.0,0.0,0.0,0.0,0.0
-2.2764885959698278,-0.5286165811845986,-0.16130559013729096,-0.4940943443659833,-1.4616666599899029,-0.1851675662831933,-2.932965713553237,12.450119712689546,-2.6246421577789114,-0.5919117256523769,-0.18878717826433156,-0.5061103188863676,-1.8098202217989865,-0.2126491544102339,-2.9449816880736215,12.450119712689546
1.995651315249325,-1.4917657002522837,0.28006955129363587,25.05714213563722,2.660398955623511,0.26477579550771424,20.52461442807254,12.450119712689546,-2.7576432686434504,-0.913964042439618,-0.19900634263727657,-0.10122383460847573,-2.0928956282692646,-0.2143000984231982,-4.633751542173158,12.450119712689546
-0.3358031823537111,-0.7152784986945129,0.010404847369139936,-0.5109106810053845,0.10090424599153991,-0.02677183968946606,-2.9031389715483584,12.450119712689546,-0.2470411832018682,-0.6863742003439004,0.01671899854857406,-0.5109106810053845,0.18966624514338282,-0.020457688510031935,-2.9031389715483584,12.450119712689546
1.511389968550625,-1.1422570620285661,0.1788880768158101,13.2601203646648,1.4572122299143508,0.16323250789328025,11.374199522434935,4.150039904229849,-0.45079964299366004,-0.2897608027760956,-0.033845960088883464,-1.7144660956263564,-0.5049773816299341,-0.0495015290114133,-3.6003869378562214,4.150039904229849
2.8563665841598196,-2.16208917603387,0.241591811345482,3.580986582709457,1.844888855272786,0.17516144670873343,-4.879940247227388,16.600159616919395,-1.2839617629891498,-0.6503317347511093,-0.11875995519911894,6.394884621840902e-14,-2.0462719910171456,-0.16631117269873538,-6.2346509055426935,12.450119712689546
0.28974766387890316,-0.35376264666269464,0.04670917541383113,-0.9389487391174853,0.9550878715813393,0.010680020358012077,-4.138581293170887,16.600159616919395,-0.8710722169501972,-0.3902905439133306,-0.0575709531387244,-5.678995767704031,-0.20573200924776103,-0.09360010819454345,-8.878628321757432,16.600159616919395
-1.1550585718733686,-1.691634135125085,-0.0341171981658972,-2.4545808813925447,-0.5103931638628101,-0.05392796204610251,-9.13593554712179,16.600159616919395,-2.179673408577365,-1.2559791608015036,-0.12983360330847726,-0.1136514178246486,-1.70111673879354,-0.1444576522690969,-5.070111724265459,12.450119712689546
-0.2229126432602202,0.027160866109630533,-0.020679492217157702,-3.2140611887285786,-0.09761716294720557,-0.021311181501218857,-4.410506661783316,4.150039904229849,-0.7941123072935152,-0.11311302141835711,-0.06913504760422678,-6.4412256656381714,-0.6688168269805006,-0.06976673688828794,-7.637671138692909,4.150039904229849
-3.2390339647384367,-0.8422711211205964,-0.20819054983781138,-2.020292311130021,-2.177348328245876,-0.25293161368406125,-5.219924865183408,16.600159616919395,-3.413634427897928,-0.8090960857846277,-0.22444934657180327,-2.0202923111298787,-2.351948791405367,-0.26919041041805314,-5.219924865183266,16.600159616919395
-0.005090642862271011,-1.7586466279313075,0.07455391090733332,13.430008191781063,0.7163126130825148,0.0512260670684368,7.501606648712055,16.600159616919395,-3.2207571179028394,-0.6555801091068503,-0.2312395065356052,-13.361009460843967,-2.6844028760455885,-0.24840272703789934,-17.75760981669655,12.450119712689546
1.174513313879988,-0.901274756871608,0.15816371146378055,11.522939834483491,1.1897494745972015,0.10909848775764697,7.4987015417206635,12.450119712689546,-0.7599993096278457,-0.24400900296543426,-0.06505427714476969,-0.05265273669274961,-0.7519728525367197,-0.09658356185060368,-2.7148220621002643,8.300079808459698
-0.37332137733310233,-1.4983781818862418,0.08502797547017216,0.8057448485688887,0.34357365471697676,0.05206905739001366,-3.206306985024799,12.450119712689546,-3.546681274648056,-1.1743006632295003,-0.24545473113464855,-2.1884048759186605,-2.8297862425979767,-0.27841364921480705,-6.200456709512348,12.450119712689546
-0.22846989281419816,-0.7608485688791937,0.03458571417769085,7.098356278936766,0.34306472045635417,-0.005723259467056652,3.2707616518340323,12.450119712689546,-0.9259963226705858,-0.5222383297168136,-0.04739875370408064,-1.1268653864073954,-0.3544617094000335,-0.08770772734882815,-4.954460013510129,12.450119712689546
1.4677343919664354,-2.582475181539948,0.21265217797635805,23.246241626270983,1.6162080180837979,0.16826625602538137,17.68721156090967,16.600159616919395,-2.2676885181581286,-0.824821556268633,-0.15968171120305324,1.4210854715202004e-14,-2.1613155456704503,-0.19174563777860693,-4.1328053291543085,12.450119712689546
-0.41244355482250583,-0.8482067326662222,0.01429059106963615,-9.536766019772713,0.09411296745247544,0.006440282366670713,-11.741823841470378,8.300079808459698,-1.2505603031085055,-0.5625427202343598,-0.07442063075824334,-1.2022174012183413,-0.7440037808335243,-0.08227093946120878,-3.407275222916006,8.300079808459698
-1.2920246482305515,-0.40398005635807266,-0.06295947934068247,-0.5109106810053596,-0.2740291194416553,-0.07312545508246648,-2.100739614641409,8.300079808459698,-1.4313796944873456,-0.3993410906655104,-0.075117629850868,-0.5109106810053596,-0.4133841656984494,-0.08528360559265202,-2.100739614641409,8.300079808459698
-0.37319125409267606,-0.8332954525892777,0.016095139341380182,0.43470663117144426,0.31104290015029346,-0.035417145564769825,-5.302368922858477,16.600159616919395,-1.8245751758996684,-0.48058422744303897,-0.12784064210310575,-3.5177867817156496,-1.3154896278448458,-0.16545365303630621,-7.897250740386198,12.450119712689546
-1.2087565271021727,-0.7373805417946588,-0.07208183421736303,3.987090278480075,-0.8249226331784376,-0.15067453010307086,-1.0117238012824288,16.600159616919395,-2.604920708502134,-0.6447288947742571,-0.22016728212126524,-6.750155989720952e-14,-2.221086814578399,-0.29875997800697307,-4.998814079762571,16.600159616919395
-1.3794793775560699,-0.5754714649043677,-0.10161126122656011,2.698400286590008,-1.2116449163158682,-0.16242895610316566,-4.227162478309943,20.75019952114924,-2.9388160799613594,-0.5173375422416058,-0.23750758658604326,-7.510163658167222,-2.770981618721158,-0.2983252814626488,-14.435726423067173,20.75019952114924
-0.19011839518567797,-0.13368080386509362,-0.0029103339236244974,0.0,0.29284305413006706,-0.0015288416355860868,-0.6595876952971693,4.150039904229849,-0.22855617301889097,-0.13711134663772917,-0.00595498477410672,0.0,0.25440527629685405,-0.004573492486068309,-0.6595876952971693,4.150039904229849
-0.19182996272697483,-1.5999916476040195,0.052060787978246315,13.806711585867355,0.36342137545968267,0.05099933756435604,8.602242210826866,12.450119712689546,-2.4698480272358214,-0.37914718297657934,-0.2061453227055517,-9.92253795711163,-2.1021167422629494,-0.20718224482427677,-13.336511699604486,8.300079808459698
0.23041111882624588,-0.8806865398533592,0.043290722609739096,2.2595317532677868,0.5007622118267774,0.026160784764407807,-3.026081538435875,12.450119712689546,-1.7337078100447378,-0.7232494253113959,-0.1249015459342675,-0.0998331383188713,-1.4633567170442063,-0.1420314837795988,-5.385446430022533,12.450119712689546
0.5724420317321233,-0.6060981397222474,0.09412009490327178,4.026684425332171,0.9247873784604455,0.0833666232221143,1.2491118038377849,8.300079808459698,-1.5488983802966594,-0.4780116680518418,-0.12909175281630791,-1.631392845075407,-1.1965530335683372,-0.1398452244974654,-4.408965466569793,8.300079808459698
2.284467790968514,-1.8019523880997923,0.24022064144821964,26.79542096239618,2.4597154461134974,0.23406881295985504,23.406134742308367,8.300079808459698,-2.1863019869486244,-0.573444322948987,-0.16471072803746586,-4.084077882015379,-2.011054331803641,-0.17086255652583046,-7.47336410210319,8.300079808459698
0.3226143691443806,-1.3219014591551357,0.09554793677708828,5.21610102203174,0.8352750561632982,0.06158416772469244,1.4296154334996771,16.600159616919395,-1.7497232327968737,-0.9111261299371218,-0.12481748189383263,-4.270600068644768,-1.237062545777956,-0.15878125094622847,-8.057085657176831,16.600159616919395
2.6556474953133735,-1.5304753109474944,0.25720719036496154,15.449957511545755,2.5869403779865463,0.24706717380650167,11.634380497612774,8.300079808459698,-1.5575060423014375,-0.47030983919484015,-0.13422550557517468,-13.541429853854567,-1.6262131596282647,-0.14436552213363457,-17.357006867787547,8.300079808459698
-3.2310415104981782,-1.547349985974174,-0.18778825400734334,0.05828638273948883,-1.5460949496956644,-0.1860259614257901,-4.522963594107743,20.75019952114924,-4.2594804295008615,-1.3815255537004543,-0.28993449230514456,-1.6426299101770319,-2.5745338686983477,-0.2881721997235913,-6.223879887024264,20.75019952114924
0.9146741914703327,-0.4057100008133183,0.11927430863234334,2.1122597887485135,1.3838612011417784,0.1118421978338644,-0.40374291389836614,8.300079808459698,-1.8903479938211731,-0.18348032264451497,-0.17284226778844203,-8.082445473227676,-1.4211609841497275,-0.18027437858692097,-10.598448175874555,8.300079808459698
-0.4578049997736606,-0.6437615589476398,0.018892962637288457,8.382967753010995,0.022247102877836156,-0.01175395901447529,6.600829940349172,8.300079808459698,-1.457597023781478,-0.4242127516004697,-0.09963342477391146,-2.8951529304286794,-0.9775449211299811,-0.1302803464256752,-4.677290743090502,8.300079808459698
1.0178035508264127,-0.5416417049979128,0.12049239708365389,12.61959126494284,1.1785400361518539,0.11906954071415332,10.842474900857681,4.150039904229849,0.0,0.0,0.0,0.0,0.0,0.0,0.0,0.0
0.3621185750771314,-1.2156804590726473,0.14855808066123466,20.49318777608494,1.1134178645717974,0.1398817036678539,17.75507705567477,8.300079808459698,-1.946245990076422,-0.5322014929293477,-0.12748809044834475,-0.9279496431463983,-1.194946700581756,-0.1361644674417255,-3.666060363556568,8.300079808459698
-1.8838373847674283,-0.6993806654813,-0.13056292214402276,-1.4107029627277612,-1.6278705216889788,-0.2353916198899374,-5.422755875830109,20.75019952114924,-3.250320303578458,-0.9267244576930587,-0.2466727430121653,-2.1411963051982674,-2.9943534405000083,-0.35150144075807993,-6.1532492183006156,20.75019952114924
0.34928221160981376,-0.4373365063305119,0.06404147806457805,1.8827547667423339,0.8228628635314594,0.028260938112036227,-3.682072980864227,12.450119712689546,-1.342717215773681,-0.7038187897744148,-0.08766716645806516,-1.8051381142047198,-0.8691365638520354,-0.12344770641060698,-7.369965861811281,12.450119712689546
2.2197708393172366,-1.149676876596585,0.265918873357334,20.42296314684171,2.5484558508069632,0.24035795573064567,17.437872823783316,8.300079808459698,-1.2620950767916694,-0.4433979795910048,-0.0797537965781796,-0.706534898506554,-1.0990033468091918,-0.09216275188099687,-2.181029151169305,4.150039904229849
0.3828098111210432,-0.7173784590951104,0.021005998951818032,2.8298830613464645,0.25036513877151334,0.017327258215451394,0.9636160348446481,4.150039904229849,0.0,0.0,0.0,0.0,0.0,0.0,0.0,0.0
0.9752923417895021,-0.7378904081296724,0.11073680045802403,9.287611130372394,0.99957858723001,0.08435756848854226,6.638018131192705,12.450119712689546,-1.2872401521451415,-0.43407004758048373,-0.1146958795788153,-4.973799150320701e-14,-1.2736736046169872,-0.13173871670095003,-1.7593673301205541,8.300079808459698
3.5769950669179984,-2.2621352811005284,0.4321142652532252,26.133023035111968,3.7624616812722333,0.41004482693452954,21.600495327547264,12.450119712689546,-1.2649148709258595,-0.22146713971842757,-0.10075732051843261,-2.1316282072803006e-14,-1.1439010219999046,-0.11502369045449579,-2.985090323058415,8.300079808459698
-0.5468817762534162,-0.22453234005993217,-0.03566467842825283,-0.8692238423003822,-0.11099864882506694,-0.05107229826724169,-2.2968688503906094,8.300079808459698,-1.132200255126925,-0.22760712968598185,-0.09017130374741456,-3.5131067415377544,-0.6963171276985758,-0.10557892358640342,-4.940751749627982,8.300079808459698
-0.1782135150674824,-1.4950900886599054,-0.002940630202940664,-4.566899003301167,-0.5079812756332736,-0.05527660411640012,-12.031683968260559,20.75019952114924,-3.167629463386512,-0.7703344589906642,-0.23999339027454453,-13.255434874882589,-3.438568832330824,-0.2802214414443231,-19.194346390093905,16.600159616919395
-1.8204879865999057,-1.9305056731384997,-0.0528279298702472,16.26093292820682,-0.7840109869598155,-0.09425540090636675,10.199054478744472,20.75019952114924,-3.355291925348425,-0.8575923239743819,-0.2544328731716741,-7.105427357601002e-15,-2.530272984795401,-0.286874245901978,-4.844288209443334,16.600159616919395
1.9701711295156743,-2.384998908028207,0.24790433250313332,21.96657004143496,2.293579168201365,0.19278429380807194,14.225626035728329,20.75019952114924,-3.359746500603733,-0.5570279869289436,-0.24063647692972434,4.973799150320701e-14,-3.107799218331553,-0.28313140076294036,-6.117557798137696,16.600159616919395
2.0268895556309507,-1.3010139949489048,0.22998400548703007,20.939418808258726,2.071345139691294,0.18372334984314553,16.50685063260188,12.450119712689546,-0.8728975479084911,-0.4727819915236431,-0.05891688089226932,-0.10564978410076975,-0.8284419638481477,-0.10517753653615386,-4.538217959757617,12.450119712689546
0.8382606466396769,-0.30582165596295674,0.059033236851707624,6.954699467215768,0.5459806065059802,0.043956120996494194,3.029106993704225,8.300079808459698,-0.5771720892806753,-0.1375852648940601,-0.042676322116016366,-0.2700785922542721,-0.7251614284751073,-0.04992615731787994,-2.19485691609448,4.150039904229849
0.22061181325045975,-1.1670829529174966,0.06782552946528675,7.543217193842231,0.37840735198158004,0.03123127446966867,3.391538614678133,12.450119712689546,-1.7281993553983854,-0.4268411457195551,-0.14147064294360567,-0.021158258029217336,-1.5704038166672651,-0.17806489793922375,-4.172836837193316,12.450119712689546
-1.7788244982106516,-0.9629971510601507,-0.11751127492406355,-0.9571939807899241,-1.28416969316405,-0.16416521548106866,-7.386159095170328,16.600159616919395,-2.84827019906142,-0.539598808088229,-0.232803016713583,2.842170943040401e-14,-2.4810167925328086,-0.2668966987526888,-4.843935023807418,12.450119712689546
-0.42391396974532647,-0.524723472257234,-0.005890342260569503,7.3540679113034955,0.09832099089477353,-0.008793058173204638,4.377399557973263,8.300079808459698,-2.2474287792206837,-0.6243401383172031,-0.17525695961624543,-2.0434789682513497,-1.7251938185805837,-0.17815967552888057,-5.020147321581582,8.300079808459698
0.857698150388142,-1.1023793773407675,0.12093710482745396,9.008628199908053,1.1015181731924617,0.10078365587741789,4.981684803175412,12.450119712689546,-1.4825452692943886,-0.40821328252924793,-0.12288715399740013,-0.004205387566180718,-1.2387252464900689,-0.1430406029474362,-4.031148784298821,12.450119712689546
-1.058325782461388,-1.205265563689263,0.030092402813009844,4.611453784320382,0.10141223220856332,0.01924687776436329,1.1038095403120955,12.450119712689546,-2.857173625271024,-0.5551694300925689,-0.2105747800332749,-2.250771227953308,-1.6974356106010724,-0.22142030508192145,-5.7584154719615945,12.450119712689546
-1.6459685429233595,-1.9871918587319524,-0.004647276268294198,14.796592719661707,-0.6173404809198377,-0.05080347531622942,9.209031891215513,16.600159616919395,-4.188153140025674,-1.2142236648672284,-0.26037913845024774,-0.11101179572438014,-3.1595250780221527,-0.30653533749818296,-5.698572624170573,16.600159616919395
1.1035668553640576,-0.2317397332832556,0.11103685948587261,10.09065010341401,1.4049706511514604,0.08129050193711629,6.809490436328144,8.300079808459698,-0.32328784808202116,-0.17399684759483236,-0.016938333571932307,0.0,-0.17376238586159864,-0.031425798273369776,-1.6255204413495719,4.150039904229849
-0.19213787421610284,-0.9626786314687763,0.02334808044663994,2.7436773404773156,0.5459924482297485,0.01628225324785848,0.10518878670358234,16.600159616919395,-2.794394453401816,-0.6067921580526452,-0.2185043778027379,-3.360608209668648,-2.244736285639304,-0.22428801822589095,-5.341460280403346,12.450119712689546
0.07603134830655911,-0.5330352814468373,0.04719800450810008,0.9592054394386516,0.44747667756133147,0.019523843596785717,-0.9718519325721964,8.300079808459698,-2.0879495361002762,-0.46157820402116556,-0.1645702909614467,-18.478749938152593,-1.7165042068455039,-0.19224445187276107,-20.40980731016344,8.300079808459698
-2.0844155451363866,-0.5611990289173061,-0.15635657515886303,-0.5109106810053845,-1.637172018449462,-0.19060043735497956,-2.903138971548337,12.450119712689546,-2.137448680867693,-0.5872314538912757,-0.16013956654707517,-0.5109106810053845,-1.6902051541807683,-0.1943834287431917,-2.903138971548337,12.450119712689546
0.2766393594120444,-0.9384284866210812,0.08945515849125785,-2.0279614643153323,0.9476059751121202,0.05733563045265411,-5.272081379134843,12.450119712689546,-2.296150501600126,-0.6053699744794514,-0.16061726634340856,-4.957723748659234,-1.62518388590005,-0.1927367943820123,-8.201843663478744,12.450119712689546
0.48400587044870047,-0.42671151490347015,0.07449779328773176,5.121577070335924,0.9850456112883377,0.04887573445250126,1.0047268302972299,12.450119712689546,-1.8128722932534203,-0.3246860462681713,-0.15853405435567036,-6.744649979386466,-1.311832552413783,-0.18415611319090086,-10.86150021942516,12.450119712689546
-0.16776501975952485,-0.9100992649771005,0.029399711567608122,7.519704072762135,0.18653387738714056,-0.0018504781430646045,4.053213955201084,12.450119712689546,-2.497332578358691,-0.6484247517236685,-0.20387810458150857,-12.870917440163556,-2.1430336812120254,-0.2351282942921813,-16.337407557724607,12.450119712689546
-2.011952163780384,-0.9750148529061171,-0.14569528889158617,-7.25260702601598,-1.3602818179592413,-0.18794243478149947,-12.47986766799368,20.75019952114924,-2.6314694786867765,-0.45141342210205515,-0.2177365660332644,7.105427357601002e-15,-2.115341910288082,-0.25098912774636617,-4.177846473497127,16.600159616919395
-0.7206856913608348,-0.6428306819076219,-0.02154892749195214,3.9648515237281288,0.19834884742986247,-0.05976714985623055,-1.0848981872860861,16.600159616919395,-2.9026431828600217,-0.5401984530424926,-0.20174842577360885,-12.345363068472036,-1.9836086440693244,-0.23996664813788726,-17.39511277948625,16.600159616919395
-1.029309534349565,-0.3252701252985002,-0.08757905444657418,-6.969941580697004,-1.1396174107874968,-0.11678690418986623,-11.656255961359449,12.450119712689546,-1.3254394866567987,-0.2914529322661181,-0.11413410265333115,-0.6321931168314237,-1.4357473630947304,-0.1433419523966232,-5.318507497493869,12.450119712689546
-2.44209952417569,-1.0766136015655743,-0.11409852635124018,-3.2900971187663544,-0.5014490559914115,-0.19928642260859886,-8.119597638484933,24.90023942537909,-3.7385054231991557,-1.0840332453056192,-0.2338045899108434,-7.680549362272259,-1.797854955014877,-0.3189924861682021,-12.510049881990838,24.90023942537909
-5.018804364067253,-1.145342467572826,-0.33192753183693624,-0.05143227973086084,-3.1106777134211727,-0.39953153565126254,-7.459877360443727,24.90023942537909,-5.832258637228427,-0.9767248354835623,-0.4079141757943724,-9.648658218084272,-3.9241319865823465,-0.4755181796086987,-17.057103298797138,24.90023942537909
1.2002800629045343,-0.6114608588476749,0.18262667844299219,8.974525285215329,1.8086515787109736,0.15816052224470978,6.209710018299685,8.300079808459698,-2.3992782215695794,-0.5717847383530401,-0.17603179895423582,-1.3541779456018084,-1.79090670576314,-0.20049795515251823,-4.118993212517452,8.300079808459698
-0.4629054251059639,-0.8629162104696597,-0.01471494319222233,-4.438551968872986,-0.470854862106207,-0.04215335266728487,-6.904024444541612,8.300079808459698,-0.43749951157552314,-0.2618028845518374,-0.029836876274205004,-2.60082070522747,-0.4427249457987781,-0.04311920217546866,-3.824769918453441,4.150039904229849
1.4212272071930654,-1.909808741472144,0.2198625787250108,23.729555011048795,1.6644769492698108,0.1516152960173639,15.988611005342236,20.75019952114924,-2.622977350293376,-1.2047186952105537,-0.20557568951818667,-0.10122383460845441,-2.3797276082166308,-0.27382297222583357,-7.842167840315014,20.75019952114924
-1.7948900199069806,-1.8024144454537065,-0.06190867918765697,1.595573060011258,-0.5034098176656565,-0.07504559187104387,-3.6140119609670016,20.75019952114924,-2.8225431437029602,-1.4682479932507846,-0.17147302344393933,-0.1369166975613716,-1.5310629414616361,-0.18460993612732624,-5.346501718539631,20.75019952114924
-3.5061702992486232,-1.2997539754723721,-0.2664569452587879,-0.5109106810053703,-2.2843932187856186,-0.2664521972228057,-4.522963594107708,20.75019952114924,-4.441123685285819,-1.4039895231414015,-0.35629589767744135,-2.7389450674986193,-3.2193466048228148,-0.3562911496414592,-6.750997980600957,20.75019952114924
-0.6295604780316433,-0.7699472494128017,-0.030130726742874814,0.33485828057133915,-0.4406772923013058,-0.10073022496087497,-8.532411213275179,20.75019952114924,-1.1092890497149677,-0.7347409484367731,-0.07624320226582765,0.0,-0.9204058639846302,-0.1468427004838278,-8.867269493846518,20.75019952114924
-0.011136884563955896,-0.10277191837692001,-0.0009012025602561646,-0.06700825859083182,-0.060057468926522084,-0.0036819932694418522,-1.727879290468337,4.150039904229849,0.0,0.0,0.0,0.0,0.0,0.0,0.0,0.0
-0.3646606527872631,-0.9345857903292831,-0.0016571841065709525,-11.37421755437181,-0.04435734530623403,-0.01969061354013585,-15.006318896637872,12.450119712689546,-1.9924002618213477,-0.06217113238284888,-0.1555414430377659,-6.518372778516593,-1.7821069316119154,-0.16740682187356076,-8.925153947017321,8.300079808459698
1.78977536137932,-0.9310659337831932,0.21908809363673776,33.1098860487077,1.950289633360569,0.1948180331159789,29.92391461134143,8.300079808459698,-1.573447770423475,-0.2879545275324755,-0.13287713173652516,-0.009658061334263834,-1.412933498442226,-0.15714719225728402,-3.1956294987005336,8.300079808459698
-1.0689912042115122,-0.6607950825854534,-0.03899076400486845,1.2020943683897833,0.05115373999071693,-0.052865219977790145,-2.198521055242807,12.450119712689546,-2.8377016157012056,-0.6760206569312857,-0.19149870411672343,-4.4034498125907575,-1.7175566714989765,-0.20537316008964512,-7.804065236223348,12.450119712689546
0.6099679824993487,-0.7440519801302283,0.11326427363658031,1.9084057280654179,1.2254795505132199,0.06688554500685961,-4.059500662881547,16.600159616919395,-3.047496520332227,-0.7685479514437681,-0.25758932576902344,-4.3530224379537685,-2.4319849523183557,-0.30396805439874414,-10.320928828900733,16.600159616919395
0.8948386399666219,-1.0717344822023733,0.06879028664792072,9.894097590798339,0.6200685698082964,0.05009228661428765,5.99943371539824,8.300079808459698,-0.8979373042997008,-0.1440551135703796,-0.06860721745068979,4.263256414560601e-14,-1.0369770219984753,-0.07758755031150924,-1.8866744553494925,4.150039904229849
-1.5607320361005872,-0.6002883768351275,-0.12215454967677347,-6.271109308593033,-1.5265685229755688,-0.17336911352415185,-13.117345514862357,16.600159616919395,-2.9424548654795046,-0.5040809089278966,-0.24816803790108885,-16.738502223634455,-2.908291352354486,-0.2993826017484672,-23.58473842990378,16.600159616919395
0.9813065692089395,-0.9957219650047104,0.07838181856202084,1.5828389020232905,0.7485411115347951,0.06309774623740715,-1.631524273203901,8.300079808459698,-0.6788732845678713,-0.33108634804391457,-0.055872428449639674,-1.0599165544370308,-0.9116387422420158,-0.07115650077425337,-4.274279729664222,8.300079808459698
-0.09334084232890483,-1.0663072752363032,0.07719645225647687,5.757339711341114,0.5390213928944778,0.03939574740904972,2.040229496500345,12.450119712689546,-2.2857691633249475,-0.771671463405724,-0.1605312108715432,-8.561223156273758,-1.6534069281015649,-0.19833191571897035,-12.278333371114527,12.450119712689546
-0.06347259601997557,-0.2117941364271818,0.013019088829314351,-2.4868995751603507e-14,0.236611032734114,0.0036637468716418375,-0.7127753513051971,4.150039904229849,-0.3023389580594884,-0.1765548511804962,-0.011508717680241753,-0.7752472455798021,-0.0022553293053988455,-0.020864059637914267,-1.4880225968849743,4.150039904229849
-0.8377935094464597,-0.2584584970500128,-0.053511488981423216,-0.7643882838593967,-0.43580969572589723,-0.05639851038412225,-1.5218714181684199,4.150039904229849,-0.6328393907639054,-0.2957215190910798,-0.029537329868224438,-1.865116747957419,-0.23085557704334292,-0.03242435127092347,-2.6225998822664423,4.150039904229849
-1.6256095773284454,-0.44656610769083116,-0.10889133682347496,-11.968756129673228,-0.953586670709571,-0.13646740645415933,-13.880554062110104,8.300079808459698,-2.248449445228971,-0.5915863800085663,-0.1570119188623007,-1.776643130057586,-1.5764265386100966,-0.18458798849298508,-3.688441062494462,8.300079808459698
2.477130141194106,-1.8989641690130394,0.3593768753307762,38.44121071548471,2.603949500707814,0.35308669746982446,36.904363141974606,4.150039904229849,-0.4952166265705715,-0.2986372852800496,-0.03265790425661108,-0.3131890034954594,-0.3683972670568636,-0.03894808211756284,-1.850036577005561,4.150039904229849
1.175666657136798,-1.3645626732680203,0.10747743828132156,8.354032748068832,0.9087094730181322,0.07846414214749517,3.4011934858031623,8.300079808459698,-0.9051025915937094,-0.3108313144876753,-0.06734966308543536,7.105427357601002e-14,-1.0403242371845423,-0.08129768069905041,-2.3969061675886536,4.150039904229849
-1.1997121903757346,-1.669326528387172,-0.03993247716448084,3.394916039542718,-0.25611200791311184,-0.08740810071669186,-6.859785307229171,29.05027932960894,-5.489801452349874,-1.1986628076061798,-0.3925959436561866,-15.345461390506067,-4.546201269887251,-0.44007156720839763,-25.600162737277955,29.05027932960894
-0.7572943000953236,-0.5724014088348532,-0.04289123832487546,1.9370391109483762,-0.3239385090154867,-0.056945092565016175,-3.617208062831679,12.450119712689546,-0.9392321211638022,-0.25792489490788917,-0.06659090699511216,-2.842170943040401e-14,-0.653323836347397,-0.07580928436266154,-3.6380621259092294,8.300079808459698
-3.4079280307616644,-1.33687762810162,-0.2428656990311156,0.22988624752703402,-2.7167827489802177,-0.2943543335628676,-5.842340547879822,20.75019952114924,-5.9227628283646805,-1.2270700325642956,-0.4756907730457516,-5.453230313021727,-5.231617546583234,-0.5271794075775036,-11.525457108428583,20.75019952114924
3.6973762596735016,-2.0903380548960246,0.4023176932942013,27.67963104663953,3.926084141195596,0.39364977707204096,23.5002883264249,12.450119712689546,-2.3648636687842117,-0.5906988967702969,-0.1915982537715383,-7.631563984557133,-2.2153026972169476,-0.19728012688569072,-10.46527756473509,8.300079808459698
1.8449453972446461,-0.9465076866332005,0.15955738087272736,18.54112683332584,1.8715835547543858,0.15362340414803277,16.85770681843269,4.150039904229849,0.0,0.0,0.0,0.0,0.0,0.0,0.0,0.0
0.25973194607877836,-1.0528761155619755,0.07783487629010777,8.26488074210626,0.8912055764980664,0.08208332788380368,4.457260214929402,12.450119712689546,-2.5476911189280305,-0.7324365109635025,-0.2158912376399751,-3.8321573394167174,-1.9162174885087424,-0.21164278604627917,-7.639777866593576,12.450119712689546
2.019160712711643,-1.026719876969631,0.2050750674348092,21.513014568393405,2.1196981573370133,0.1989524586727247,20.03852031573061,4.150039904229849,-0.3855467291893344,-0.24875271944290667,-0.02341659466892021,-3.250631462548462,-0.285009284563964,-0.02953920343100469,-4.725125715211256,4.150039904229849
-1.9792852781365333,-1.1561635972126556,-0.13956114312963475,-4.919400614648929,-1.6236170525885774,-0.2047403714585737,-15.428039338013704,24.90023942537909,-3.6233364782188637,-0.754869705214313,-0.2903675875405661,-15.075033694632367,-3.334641967892793,-0.3432288885059817,-23.734192807205403,20.75019952114924
0.22018211018903777,-0.10938156547108058,0.02214199220877705,3.1706728492770893,0.2553321923415064,0.013597212588827623,1.8010419571010985,4.150039904229849,-0.553002653851209,-0.22442503470069752,-0.043593518423406086,-6.356620899160639,-0.5178525716987403,-0.05213829804335551,-7.7262517913366295,4.150039904229849
1.1970946783929737,-1.144625419651586,0.13916391439886155,4.5936257229332895,1.109702632416365,0.10059280037477297,-0.321544821330523,12.450119712689546,-0.3793854774762462,-0.24015740016425902,-0.028090499254790235,-0.43703139422277815,-0.4401743237293365,-0.052921987455410824,-3.813316143196019,8.300079808459698
-0.32802268828844383,-0.7434557899595298,0.03254701063371657,-0.4854216011078947,0.25044082598992645,0.014768591050589919,-2.9009266724301384,8.300079808459698,-0.6440669255549203,-0.3183653417801686,-0.030819060044338764,-0.4854216011078947,-0.35584604628449235,-0.039674048865929956,-1.6849692817512683,4.150039904229849
0.1884095689628218,-0.4547654854004932,0.04999586702602832,-1.0658141036401503e-14,0.6305086615624891,0.025732838538933267,-1.5898289336360278,8.300079808459698,-0.9130040859827808,-0.35643102666268867,-0.0539126991480019,0.0,-0.47090499338311353,-0.07817572763509695,-1.5898289336360172,8.300079808459698
-1.3216893873476465,-0.45780286179055985,-0.09155677957106145,-0.510910681005349,-0.903829558394543,-0.1148441987268275,-2.100739614641409,8.300079808459698,-2.4255514231728004,-0.33616104557817295,-0.20930438336203983,-13.942465524816019,-2.007691594219697,-0.23259180251780587,-15.532294458452078,8.300079808459698
-1.666017289207078,-0.5997825055856278,-0.1338627517273691,4.5693063154445355,-1.3421628545665865,-0.19282622572011204,-1.8844596015812343,16.600159616919395,-2.6704728196726313,-0.4977692104535052,-0.23763533268454712,-1.4651002526822694,-2.34661838503214,-0.29659880667729005,-7.918866169708039,16.600159616919395
-0.08791859537087277,-0.7990642592329085,0.0019279112999034398,5.6270818662854225,-0.2296312494509678,-0.029643648951270807,0.4102481033808374,12.450119712689546,-0.9394122600368426,-0.21070586645150335,-0.07594643578370394,0.0,-1.0366557002953858,-0.0961876492788051,-3.4211900542262867,8.300079808459698
-2.0148488415954624,-0.5502546440557463,-0.14508804256872754,-5.041736964300036,-1.5615436506992264,-0.15478283070290988,-7.470949899931398,8.300079808459698,-2.4602679436448227,-0.3483709883192727,-0.19205884156165454,-5.041736964300036,-2.0069627527485867,-0.20175362969583688,-7.470949899931398,8.300079808459698
-0.6905527826160496,-0.5873760891108333,-0.03342987641566342,-1.4813272999123228,-0.457669922442272,-0.05389333465473145,-4.3085599536200405,8.300079808459698,-1.9982097070655458,-0.6574844119527015,-0.14962630971279284,-5.576258288231756,-1.7653268468917682,-0.17008976795186087,-8.403490941939474,8.300079808459698
0.44052987878893113,-1.3576183991242008,0.1296249382500232,2.7134594290849385,0.956204810397443,0.062388661992104355,-0.5025746365780144,16.600159616919395,-1.7158230634664706,-0.8103843678386475,-0.105862998955073,-4.843765346547123,-1.2001481318579588,-0.17309927521299184,-8.059799412210076,16.600159616919395
-0.6179111874359489,-1.4221028248196639,0.06387190265440368,19.51193691369948,0.5230570910396146,0.015170378781561134,13.485320912473853,16.600159616919395,-4.008495516950816,-0.8660609330512568,-0.2788808297469617,-0.10179562583920898,-2.867527238475253,-0.32758235361980426,-6.128411627064835,16.600159616919395
-0.418288909893727,-1.780913627615055,0.03748458144264932,16.275136141095338,-0.18762606427344952,-0.0014558591855304837,12.087255854326216,12.450119712689546,-3.595695012257516,-0.8187066422212776,-0.2676104134762218,-1.1055360562950511,-3.3650321666372385,-0.3065508541044016,-5.293416343064173,12.450119712689546
0.07081567252078358,-1.1592820874247671,0.09663041918278281,-2.1316282072803006e-14,0.8627219500980665,0.09817744532035633,-2.738110720410127,8.300079808459698,-1.8674581714489111,-0.4853670975426745,-0.12069387279352639,-4.263256414560601e-14,-1.0755518938716282,-0.11914684665595288,-2.7381107204101482,8.300079808459698
0.7511441751686387,-1.4056286017634516,0.0594220198273606,-0.24899079261791002,0.369359799102309,0.03199699957837099,-5.343639299451745,12.450119712689546,-2.604896417694802,-0.8578158046643338,-0.2207115770409111,-0.096089914356142,-2.8627130961468406,-0.2382227080277049,-3.6567870566906677,8.300079808459698
1.2386224746597563,-0.9797068866481418,0.12494968239219195,10.413539319622167,1.2764454586331464,0.11120886838011212,7.398465995678073,8.300079808459698,-1.676173203675435,-0.49267434196926807,-0.1318387213093373,-0.37844532363865824,-1.638350219702045,-0.14557953532141713,-3.393518647582752,8.300079808459698
1.6513254914864772,-2.1967346981367033,0.19465258334869873,20.68129979961642,2.3825545632267575,0.18366858157728044,12.796184945389733,20.75019952114924,-2.427260058492897,-1.4866456414998215,-0.15181943176587126,-0.0880332277425353,-1.6960309867526169,-0.16280343353728954,-7.973148081969221,20.75019952114924
1.073043619345948,-1.516896625885387,0.17408726916221395,19.562531673034535,1.2834638796321851,0.11889235293415656,13.990302810738484,16.600159616919395,-2.135344566282682,-0.25548996446424965,-0.18335968709891504,3.552713678800501e-14,-1.9814744923609906,-0.22342642056716022,-4.139857032501823,12.450119712689546
0.30880094074881015,-0.2582595498265494,0.0535086236441229,2.9104503510956725,0.5396935754628203,0.039435835960218046,1.9992822532201018,4.150039904229849,-0.4581914468742241,-0.08901117184570317,-0.03534568691201545,-0.26406852816553794,-0.22729881216021397,-0.0494184745959203,-1.1752366260411087,4.150039904229849
0.2993670234604284,-1.4864339539022886,0.10205539744727388,24.186967950966476,0.6054541564079363,0.0659529606536382,19.654440243401787,12.450119712689546,-3.0108323377852297,-0.9044667327211346,-0.24062042385660787,-0.10122383460852546,-2.704745204837722,-0.27672286065024354,-4.633751542173215,12.450119712689546
-0.27976527980439947,-1.5904764642122533,0.09669125796573375,8.95132842820291,0.5698501992376777,0.07003673544079903,5.157705826484936,12.450119712689546,-2.068596239102204,-0.8731947436040333,-0.11353423453169054,-3.34004073422399,-1.218980760060127,-0.14018875705662526,-7.133663335941964,12.450119712689546
-2.021183662994308,-1.5853763213633023,-0.1061383938285535,5.996616896850295,-0.724227053250881,-0.1022063779322816,0.04997113003576459,20.75019952114924,-3.6412530147249544,-1.260877225392834,-0.27401139252082213,-4.867794760643509,-2.3442964049815274,-0.2700793766245502,-10.81444052745804,20.75019952114924
0.3040122909848897,-0.5705553788524984,0.032021457105545104,1.1494494141656588,0.4308930082145723,0.029918646074266253,-3.9771720988628445,12.450119712689546,-2.434542203070311,-0.4308087115521353,-0.21034215429420702,-0.36890206245315227,-2.3076614858406286,-0.21244496532548587,-5.495523575481656,12.450119712689546
-0.09055729271521074,-0.2596129071722668,0.011710147303588991,-3.5746528436515845,0.4957992661812405,-0.010871902381097476,-7.3881318987749935,8.300079808459698,0.2194921631085478,-0.11271836141050429,0.02529620547566147,-2.1316282072803006e-14,0.5115804697774848,0.014313900750726805,-1.8765734328031414,4.150039904229849
-0.8265976113445141,-0.9515460782198737,0.0073997639290686035,8.520315632790542,-0.4055019954732444,-0.029258723879217796,6.318663262018564,8.300079808459698,-1.7581501329844151,-0.6369594551902651,-0.09685806312580192,-2.642792773505832,-1.3370545171131454,-0.13351655093408832,-4.84444514427781,8.300079808459698
-1.089873912237671,-0.5116008919202422,-0.06489209901638637,-5.349098367324899,-0.6494763772585399,-0.10870364024320966,-10.302640924146534,12.450119712689546,-2.224749191536124,-0.43686077927376843,-0.16759563284825096,-1.0386271089888623,-1.7843516565569928,-0.21140717407507426,-5.992169665810497,12.450119712689546
1.7014235179076298,-1.240879951697071,0.1901758374640184,21.532600963715446,1.800359335379187,0.17087019101853185,18.410131833317223,8.300079808459698,-0.2430539203082116,-0.15381032088593827,-0.015671481486006,0.0,-0.19503638252440503,-0.02499439849193813,-1.5391662507647013,4.150039904229849
-0.3478962184443102,-1.679609257544179,0.06837515491359158,15.637432266282381,0.5524455268503425,0.03343632947959796,8.6669446608432,16.600159616919395,-2.6568927621273053,-0.8362167472635385,-0.16814035755301893,-7.76714442277958,-1.9858935989702564,-0.19383604102268792,-12.923690639274511,12.450119712689546
0.006190164149266764,-0.97417690890906,0.05088864790592518,13.384267085969338,0.5560768945853223,0.031179448738007376,9.465252348875264,12.450119712689546,-2.1268281230476527,-0.49221853508265134,-0.15818594642448253,-5.717211824731891,-1.5769413926115972,-0.17789514559240033,-9.636226561825964,12.450119712689546
-2.0545152943819422,-0.7122476596947553,-0.14581156422674219,-0.5109106810053703,-1.443825972269397,-0.15436300023788635,-2.9031389715483122,12.450119712689546,-2.1424912364701454,-0.6981367359613451,-0.15411989560435552,-0.5109106810053952,-1.5318019143576,-0.16267133161549968,-2.903138971548337,12.450119712689546
1.1378846800168319,-0.9145239469934126,0.13872263670197083,4.790101221814389,1.6630402113094966,0.12269242062588293,1.5637186179726754,8.300079808459698,-2.231456806974764,-0.7056717766241309,-0.13386251504721292,-7.5226601741778865,-1.7063012756820992,-0.14989273112330082,-10.7490427780196,8.300079808459698
0.16580368981504634,-0.04949316108295854,0.02182331588752917,2.4686582904002954,0.30566703848453614,0.0011673334410287062,1.5640166447433934,4.150039904229849,-0.5072893093964517,-0.12661387789879797,-0.040250575388782406,-0.238652776016945,-0.3674259607269619,-0.06090655783528287,-1.143294421673847,4.150039904229849
0.8481801880590121,-1.8611832391442693,0.20057887492933713,23.3957893173962,1.0759660690835124,0.17423410832634756,20.492222847590625,8.300079808459698,-1.7980399756020393,-0.8613415977603331,-0.11652353703144402,-2.3646087975851557,-1.570254094577539,-0.1428683036344336,-5.268175267390731,8.300079808459698
1.4356359882720326,-1.182032851564598,0.17108141133358445,19.952014354153413,1.5980570035006192,0.14651906399153036,16.966924031095033,8.300079808459698,-0.7906471736083498,-0.08704552560523382,-0.05916586392992984,-1.4210854715202004e-14,-0.710832790988225,-0.0709973790238495,-1.4744942526627653,4.150039904229849
-2.7135399833341234,-0.9532244756237773,-0.1870022423128233,-1.1106947931036508,-2.269087491441768,-0.21295075745951936,-4.250020958513691,12.450119712689546,-2.8662968419511436,-0.818561420996593,-0.20366007725565521,-1.1106947931036508,-2.4218443500587883,-0.22960859240235126,-4.250020958513691,12.450119712689546
1.4367580958908555,-1.4485311420265035,0.18476252690436412,19.20763519788228,1.4960048019068584,0.14405425719943465,14.854034496607245,12.450119712689546,-1.8191044948194346,-0.4219075963416614,-0.144040586201096,-1.0436427276360263,-1.7823157625842523,-0.17023201534460974,-3.921327793009013,8.300079808459698
-1.0792027365702728,-0.6152463704458793,-0.06371534337835838,-0.8541058325249224,-0.2985709205102438,-0.06615917955564421,-5.1894991673500215,12.450119712689546,-1.1580184042031094,-0.6547782290481159,-0.06902189017111993,-1.577178411335911,-0.37738658814308046,-0.07146572634840576,-5.91257174616101,12.450119712689546
-4.632850662242394,-1.1598104993551974,-0.3162959037699148,-0.9631122053222576,-2.6495471225387988,-0.33880342817195375,-4.975165118424584,20.75019952114924,-4.771274539804571,-1.0862200184355029,-0.33436304008756923,-0.9631122053222576,-2.787971000100976,-0.3568705644896082,-4.975165118424584,20.75019952114924
-2.196988603913752,-1.315202119403061,-0.11717964516740687,5.21610102203174,-0.9408333653869727,-0.15711831343861704,0.466528451960901,20.75019952114924,-3.2745522876765687,-1.0230144655103217,-0.24370742371587284,-1.0023523738044275,-2.0183970491497893,-0.283646091987083,-5.751924943875267,20.75019952114924
0.6984400123197787,-0.5144404647627745,0.13136803870242608,6.1716633170005295,1.4528142501411878,0.12682675470590055,3.6599662552544636,8.300079808459698,-1.2551799978663283,-0.5034264517041525,-0.07478511353567407,-0.47066858013928936,-0.5008057600449192,-0.07932639753219961,-2.9823656418853552,8.300079808459698
-1.6317596374073595,-0.5823547404406995,-0.12768080544754645,-0.5080640650267689,-0.8073128507538163,-0.12725571660652601,-3.638216000853845,16.600159616919395,-2.576186445841855,-0.5290088855629644,-0.22110741259090622,-4.4666072315011505,-1.7517396591883116,-0.22068232374988578,-7.596759167328226,16.600159616919395
-0.6718845782489824,-2.5088479266563315,0.007011533300531503,-2.493091189669201,-0.6277515640349396,-0.04362304391287386,-9.146002287672559,16.600159616919395,-3.210351690858526,-1.0721130994947696,-0.22505144505362354,0.0,-3.1826869077395514,-0.2614579357008333,-4.920681475176316,12.450119712689546
2.182870779297841,-1.5919796474329395,0.2494299357249936,27.259822205586893,1.9940897335245733,0.19860253255341365,21.142264407449183,16.600159616919395,-1.6693367090708122,-0.7034587678052429,-0.1478116708043457,-0.10122383460851125,-1.8149577642843084,-0.1844781535416723,-4.633751542173243,12.450119712689546
-0.3581470513391203,-0.08018129234892868,-0.024705673172605636,-8.635192475437314,0.13608801858289254,-0.04135594307477575,-10.903883668882408,8.300079808459698,-1.2298614609090883,-0.17882638132131135,-0.09215588121242013,-11.089515936720055,-0.7356263909870755,-0.10880615111459024,-13.358207130165148,8.300079808459698
0.07365344368033266,-0.4288367676525233,0.02092159091301421,8.703683138063809,0.24167400816359486,-0.007880949327764397,3.549091551453323,12.450119712689546,-1.6939554457624517,-0.49620939230298156,-0.13890549914180356,-11.599996311783983,-1.5259348812791895,-0.16770803938258216,-16.75458789839447,12.450119712689546
-3.5499886751768184,-0.992387429684026,-0.25078814265018257,-1.2362689958257285,-2.518950025219291,-0.3059718107718673,-6.0657695155443285,24.90023942537909,-5.027587725600191,-1.0850114384979648,-0.3768184667234032,-10.054108821776971,-3.9965490756426636,-0.4320021348450879,-14.883609341495571,24.90023942537909
-1.2185405042949071,-0.23490887463661103,-0.07871859151067695,0.019769746930766274,-0.24659287786750284,-0.0969946469276377,-1.649053011962197,8.300079808459698,-1.4353834979953906,-0.23521072365534934,-0.09884155814121454,-0.9538049214873894,-0.46343587156798627,-0.1171176135581753,-2.6226276803803525,8.300079808459698
1.5033367549104337,-0.609939730901262,0.13483099468704207,13.017183180468393,1.5870400377425709,0.11460073874380194,9.85603080021805,8.300079808459698,-0.8810529527456534,-0.13769955814976953,-0.06416264843243702,-6.451131883810973,-0.7973496699135163,-0.08439290437567715,-9.612284264061316,8.300079808459698
1.5153320898660727,-0.37237293041480335,0.14206822195115987,3.8617949571324246,1.6771609909269847,0.123626429852151,1.3035609996922126,8.300079808459698,-0.5833546436601944,-0.40171729168169,-0.035859241542383846,-0.4687855798884648,-0.42152574259928244,-0.054301033641392715,-3.027019537328677,8.300079808459698
0.14544437245801456,-1.2947812991664858,-0.0024149896778750974,-0.7690658275472302,-0.5720745177426712,-0.037968962523349074,-8.615814851742016,16.600159616919395,-2.7176286191187504,-0.714184276888636,-0.2133596188020384,-11.729680491204277,-3.261173288960717,-0.2388573594980783,-17.500452539347393,12.450119712689546
-0.43850528990798665,-1.461914738355377,0.0275180832336136,19.304921815163098,0.24034300473176895,0.010838799290910583,13.7464523174568,16.600159616919395,-3.1705200204599437,-0.7707372737496669,-0.24912631680288339,-4.075031810541347,-2.491671725820188,-0.2658056007455864,-9.633501308247645,16.600159616919395
-1.3021517525684922,-1.8098049420138196,-0.018886829849776854,16.008817184117262,-0.43074913668279535,-0.06672607724119461,8.953600021229292,20.75019952114924,-4.478740417963101,-1.0710613946250263,-0.33810789550780734,-10.637340127733324,-3.607337802077404,-0.3859471428992251,-17.692557290621295,20.75019952114924
-1.1981264002664638,-0.46960811314772144,-0.0470074395643556,-2.2547240778910265,-0.4321887785312377,-0.0792859798414709,-4.8430346001803315,8.300079808459698,-2.4411315124221353,-0.40842410265547535,-0.14846085391104547,-6.621089951595607,-1.6751938906869093,-0.18073939418816076,-9.209400473884912,8.300079808459698
-0.09684612719365049,-0.4178549547763488,0.004625302841638701,-1.7370423283146366,0.1306315332793906,-0.00390758116971246,-4.866092111619281,8.300079808459698,-2.2616074068340986,-0.3424253321707553,-0.17569010432018395,-6.570201981186457,-2.0341297463610575,-0.1842229883315351,-9.699251764491102,8.300079808459698
-0.7777761512865347,-0.31932613166269697,-0.03238521456209886,-3.372074745654597,0.04417543580379579,-0.05271600207812699,-5.000509582019209,8.300079808459698,-1.138095393670957,-0.323364837114843,-0.06555166300950543,-3.9786439343278417,-0.3161438065806266,-0.08588245052553356,-5.607078770692453,8.300079808459698
-1.0164791966202014,-0.8296425763244262,-0.048089052944567,7.418257374178381,-0.08683281003272203,-0.0324546118044422,3.71986295792469,12.450119712689546,-1.7721721377133015,-0.5987511237566672,-0.12542630068439387,-1.72273180189314,-0.8425257511258222,-0.10979185954426907,-5.421126218146831,12.450119712689546
1.3053990294707551,-2.381116161208345,0.18270734446995274,8.453914721251522,1.1823689473297483,0.13056664628585368,0.888288561633999,16.600159616919395,-1.5869068134555908,-0.8008495941478557,-0.12130698356148006,-6.781425050409837,-1.683647551210421,-0.158924017077904,-12.365122507205541,12.450119712689546
-0.6639887929971389,-0.7082819566100564,-0.047882922842043624,7.560592757279672,-0.75818329532924,-0.08707402593433897,1.2352660098538308,16.600159616919395,-1.167523013725713,-0.41874775643231565,-0.09329654549891575,-0.4530230347945974,-1.2425868472540458,-0.12155346512509568,-5.112072861030292,12.450119712689546
-0.9797078748362109,-1.5572883729740195,-0.0018184533536109715,17.96572171116734,-0.4650853033173252,-0.03025554120141094,13.612029991158686,12.450119712689546,-2.293178799716511,-0.9412437541703831,-0.14683213532876727,-0.11047055852082366,-1.7785562281976253,-0.17526922317656723,-4.4641622785294786,12.450119712689546
0.22330154354646226,-0.19497928246203067,0.03626793205444123,3.3028903552187465,0.5346673591117614,0.031601532500190266,2.1571354451901605,4.150039904229849,-0.8302379517275185,-0.14348210205243284,-0.0637964977516774,-3.584281055638698,-0.5188721361622193,-0.06846289730592836,-4.730035965667284,4.150039904229849
