fecha,corr_a_e
2003-09-17,0.3269375098905055
2003-09-18,0.3189040649284557
2003-09-19,0.31397360087202336
2003-09-22,0.3122465180171047
2003-09-23,0.3147790900596841
2003-09-24,0.31569554963064644
2003-09-25,0.33187834794219934
2003-09-26,0.34758739269104466
2003-09-29,0.3498171857631976
2003-09-30,0.34487905885163034
2003-10-01,0.34424445534903547
2003-10-02,0.3478259820186663
2003-10-03,0.35267223345516446
2003-10-06,0.3515994073030501
2003-10-07,0.34927198446731544
2003-10-08,0.35374749918529497
2003-10-09,0.35613028512022754
2003-10-10,0.3560803700888343
2003-10-13,0.35694077614217873
2003-10-14,0.3554291600476134
2003-10-15,0.35841668126099896
2003-10-16,0.3640552697434418
2003-10-17,0.3672532212270236
2003-10-20,0.3681052626404545
2003-10-21,0.367786510399319
2003-10-22,0.3666137819829166
2003-10-23,0.3644518651770604
2003-10-24,0.36819010693536136
2003-10-27,0.3698162364123495
2003-10-28,0.36769356315900487
2003-10-29,0.36478508173932683
2003-10-30,0.3678644140356807
2003-10-31,0.37531581165517097
2003-11-03,0.37543875632263635
2003-11-04,0.37604081504562736
2003-11-05,0.37545152646553775
2003-11-06,0.3765606527768642
2003-11-07,0.3739000275358353
2003-11-10,0.3862027268082477
2003-11-11,0.38675053065130083
2003-11-12,0.378427830304234
2003-11-13,0.3806094870554857
2003-11-14,0.37671077797400726
2003-11-17,0.36631951141687213
2003-11-18,0.3732811150126049
2003-11-19,0.36422247046633105
2003-11-20,0.37184238923451307
2003-11-21,0.37235404075179684
2003-11-24,0.37501367841656413
2003-11-25,0.3725811195852426
2003-11-26,0.37045275347225676
2003-11-27,0.3727970779148582
2003-11-28,0.3701480112385306
2003-12-01,0.3699734311012809
2003-12-02,0.36889597680394076
2003-12-03,0.3636339877893429
2003-12-04,0.36491096401291856
2003-12-05,0.3689456986256002
2003-12-08,0.36778186265449786
2003-12-09,0.3683907157777973
2003-12-10,0.37217396620472926
2003-12-11,0.37097477037699716
2003-12-12,0.36466971664923165
2003-12-15,0.3639249365803404
2003-12-16,0.3646884643524643
2003-12-17,0.36576299916158383
2003-12-18,0.37935269472105204
2003-12-19,0.37922964519501134
2003-12-22,0.37717757103005056
2003-12-23,0.3782889715419045
2003-12-24,0.38756295983986094
2003-12-25,0.38884869407746164
2003-12-26,0.38477951693741513
2003-12-29,0.38808025653814476
2003-12-30,0.4040303063028468
2003-12-31,0.39438361321672805
2004-01-01,0.39421103640431154
2004-01-02,0.39401264310508394
2004-01-05,0.3926573577185432
2004-01-06,0.3943215299226378
2004-01-07,0.3950516464637577
2004-01-08,0.405022593927747
2004-01-09,0.40712264295959955
2004-01-12,0.4085229440975939
2004-01-13,0.408769495404637
2004-01-14,0.4079182242518904
2004-01-15,0.41014812696321085
2004-01-16,0.41630495811052015
2004-01-19,0.4191104048196734
2004-01-20,0.42196145286596815
2004-01-21,0.42080664401106493
2004-01-22,0.4215916577671425
2004-01-23,0.4159518957967466
2004-01-26,0.42057873334048695
2004-01-27,0.4206508211283834
2004-01-28,0.41963930226779966
2004-01-29,0.4251069146705857
2004-01-30,0.4173313474294941
2004-02-02,0.43625144013172007
2004-02-03,0.4496676939171611
2004-02-04,0.46451169294590783
2004-02-05,0.46425340554832584
2004-02-06,0.4633301303370827
2004-02-09,0.45743455532376914
2004-02-10,0.46366959914678185
2004-02-11,0.4680367147546606
2004-02-12,0.4697266863125067
2004-02-13,0.4717321637341696
2004-02-16,0.47382628295781554
2004-02-17,0.4788130205279112
2004-02-18,0.4825619946162617
2004-02-19,0.4820729927286403
2004-02-20,0.4915008787767276
2004-02-23,0.49736748320248336
2004-02-24,0.493686179365604
2004-02-25,0.4945991606061381
2004-02-26,0.49814411222908694
2004-02-27,0.4962290989042592
2004-03-01,0.46109313330201657
2004-03-02,0.457956877365212
2004-03-03,0.4641637768406154
2004-03-04,0.46499381813987023
2004-03-05,0.46373442555368466
2004-03-08,0.4652569628967693
2004-03-09,0.4654013234155007
2004-03-10,0.46055328854158134
2004-03-11,0.4614409506743883
2004-03-12,0.4578926618063215
2004-03-15,0.445768659418481
2004-03-16,0.4460818649692515
2004-03-17,0.44011746601272456
2004-03-18,0.4413815818170724
2004-03-19,0.44171664142681794
2004-03-22,0.4403409870188041
2004-03-23,0.429987915154586
2004-03-24,0.4324269797229277
2004-03-25,0.4346157744402715
2004-03-26,0.4328622999980759
2004-03-29,0.4376250227319728
2004-03-30,0.43515309847830896
2004-03-31,0.4311738047035075
2004-04-01,0.4334617402393624
2004-04-02,0.4393422624598425
2004-04-05,0.42703961163652304
2004-04-06,0.4268842154013686
2004-04-07,0.42742790790670715
2004-04-08,0.42865295621294947
2004-04-09,0.4296568688260158
2004-04-12,0.43552181146855196
2004-04-13,0.43366784660781366
2004-04-14,0.43408705076305376
2004-04-15,0.4347096524313774
2004-04-16,0.45170777559443037
2004-04-19,0.44645175526256725
2004-04-20,0.4499265173594398
2004-04-21,0.4514533386586609
2004-04-22,0.4528786993334105
2004-04-23,0.4540682966957273
2004-04-26,0.4519772125999935
2004-04-27,0.4533677708192743
2004-04-28,0.45499654700893083
2004-04-29,0.4604901721253729
2004-04-30,0.4634470572563421
2004-05-03,0.45936062335603106
2004-05-04,0.457790053657796
2004-05-05,0.455111232800507
2004-05-06,0.4567868228021629
2004-05-07,0.4569982564715468
2004-05-10,0.4683381246075064
2004-05-11,0.45810948226835313
2004-05-12,0.4566657805515833
2004-05-13,0.45886267972574907
2004-05-14,0.45866640499032957
2004-05-17,0.46421883539593306
2004-05-18,0.4597188039116859
2004-05-19,0.45700802278802455
2004-05-20,0.4545754369328072
2004-05-21,0.4532873066711556
2004-05-24,0.45952905544927763
2004-05-25,0.45632763055093234
2004-05-26,0.45643379242364596
2004-05-27,0.4556065829514862
2004-05-28,0.4537790590674217
2004-05-31,0.45227150866230004
2004-06-01,0.4552320756324707
2004-06-02,0.4555026068327376
2004-06-03,0.4548644745941487
2004-06-04,0.45692723456709006
2004-06-07,0.45693797001531644
2004-06-08,0.45547623017444155
2004-06-09,0.44819945331048244
2004-06-10,0.4490733825516339
2004-06-11,0.45352269476132046
2004-06-14,0.4577804280914709
2004-06-15,0.458428270926686
2004-06-16,0.4558492883403325
2004-06-17,0.4563226406302767
2004-06-18,0.4565289913951859
2004-06-21,0.45477645513941284
2004-06-22,0.4568096126161512
2004-06-23,0.4587587928485845
2004-06-24,0.45832011168038395
2004-06-25,0.45507221120376684
2004-06-28,0.4550557761791864
2004-06-29,0.45898332139106607
2004-06-30,0.45825778612520374
2004-07-01,0.4581036423235382
2004-07-02,0.45809251408142765
2004-07-05,0.4577488172548759
2004-07-06,0.45733529162344544
2004-07-07,0.4578689559864161
2004-07-08,0.4586621770713856
2004-07-09,0.45865189485202534
2004-07-12,0.4526119553488357
2004-07-13,0.4524240500535739
2004-07-14,0.4507742819399718
2004-07-15,0.45456193314226495
2004-07-16,0.45188526574412896
2004-07-19,0.4524593740344624
2004-07-20,0.45313708144566217
2004-07-21,0.45317697522298345
2004-07-22,0.4529929785580476
2004-07-23,0.4484401128193996
2004-07-26,0.44571941021021655
2004-07-27,0.4441457733989195
2004-07-28,0.4442715661827296
2004-07-29,0.44374958100903444
2004-07-30,0.442067935464376
2004-08-02,0.4445181053631093
2004-08-03,0.4440630718023942
2004-08-04,0.44847661043340037
2004-08-05,0.4506792857827123
2004-08-06,0.44826804256005137
2004-08-09,0.4466198317522814
2004-08-10,0.4440918016691928
2004-08-11,0.44408341499373133
2004-08-12,0.4442248499709764
2004-08-13,0.4453355499560985
2004-08-16,0.4456462242536501
2004-08-17,0.4477958574386004
2004-08-18,0.44557986122100907
2004-08-19,0.4545524935654756
2004-08-20,0.452523675556338
2004-08-23,0.45612406426037827
2004-08-24,0.45586926571670827
2004-08-25,0.4594902393379196
2004-08-26,0.4609146280683178
2004-08-27,0.4497705712643395
2004-08-30,0.44830284874545756
2004-08-31,0.4459011817430955
2004-09-01,0.4512896848683422
2004-09-02,0.4500070149322393
2004-09-03,0.4491458471591957
2004-09-06,0.44896773910605314
2004-09-07,0.44808251957508594
2004-09-08,0.44657742600322553
2004-09-09,0.4448951326923592
2004-09-10,0.4427271143591602
2004-09-13,0.4387106344938008
2004-09-14,0.4351789441690363
2004-09-15,0.43379085070149986
2004-09-16,0.43349857294299576
2004-09-17,0.4330849317195055
2004-09-20,0.4336915527840631
2004-09-21,0.4283250516697385
2004-09-22,0.43283861698892195
2004-09-23,0.4350153201888751
2004-09-24,0.4340395635682768
2004-09-27,0.4335991065880167
2004-09-28,0.4344549996645246
2004-09-29,0.4298398659774303
2004-09-30,0.4284922962811991
2004-10-01,0.4271224205567597
2004-10-04,0.4234918853986464
2004-10-05,0.4100737712638419
2004-10-06,0.4053969315390959
2004-10-07,0.4050759873357099
2004-10-08,0.40753053664261085
2004-10-11,0.4082835897941994
2004-10-12,0.40034516661013314
2004-10-13,0.40180478591626934
2004-10-14,0.4019861540970235
2004-10-15,0.39900809575976126
2004-10-18,0.39931436980700197
2004-10-19,0.3937250046142232
2004-10-20,0.394780925297932
2004-10-21,0.39622044558076935
2004-10-22,0.40111637278657347
2004-10-25,0.3988051916491006
2004-10-26,0.40536908213974576
2004-10-27,0.3986284707925428
2004-10-28,0.39787074989281523
2004-10-29,0.40490042491227735
2004-11-01,0.4049991382034718
2004-11-02,0.4063635383923664
2004-11-03,0.4081882913408509
2004-11-04,0.40654702010433713
2004-11-05,0.4141348221381015
2004-11-08,0.41034022143721527
2004-11-09,0.4077004187155865
2004-11-10,0.4081854070221915
2004-11-11,0.4118186805591778
2004-11-12,0.41238156232836043
2004-11-15,0.4111569574863462
2004-11-16,0.4131163431702071
2004-11-17,0.4145640113890865
2004-11-18,0.41713950706080277
2004-11-19,0.4214942285678507
2004-11-22,0.4195220641127859
2004-11-23,0.41889604267801567
2004-11-24,0.4229770335009133
2004-11-25,0.4217804229257985
2004-11-26,0.42015626368518866
2004-11-29,0.4201391711413349
2004-11-30,0.42454422000543796
2004-12-01,0.42498202008714064
2004-12-02,0.4252704214428625
2004-12-03,0.4200417504631319
2004-12-06,0.4219207416070729
2004-12-07,0.4229901717951263
2004-12-08,0.4240238031368656
2004-12-09,0.42311861818104196
2004-12-10,0.42169422726201183
2004-12-13,0.42127198142837013
2004-12-14,0.4271580586171889
2004-12-15,0.42860531495407206
2004-12-16,0.4225050329297289
2004-12-17,0.42994107713713686
2004-12-20,0.4295418398251757
2004-12-21,0.43773791297331527
2004-12-22,0.4397558230203506
2004-12-23,0.440646165560707
2004-12-24,0.44132469128540075
2004-12-27,0.43580517213422476
2004-12-28,0.4352049391918714
2004-12-29,0.43548575779631177
2004-12-30,0.43458510738433737
2004-12-31,0.43277730152269783
2005-01-03,0.43167203739518695
2005-01-04,0.4240014535400204
2005-01-05,0.42144193619519954
2005-01-06,0.41817941800395364
2005-01-07,0.4215423465821544
2005-01-10,0.4216427679948797
2005-01-11,0.41937145953126365
2005-01-12,0.41543831926849384
2005-01-13,0.4151665205344179
2005-01-14,0.4157879699050737
2005-01-17,0.41478629147859136
2005-01-18,0.42104468056727995
2005-01-19,0.40570829489368593
2005-01-20,0.3923979424544459
2005-01-21,0.37601659000874316
2005-01-24,0.3767362524572544
2005-01-25,0.37785555650139885
2005-01-26,0.3821173500443507
2005-01-27,0.3753005198255388
2005-01-28,0.37424546005684073
2005-01-31,0.37143028834847297
2005-02-01,0.3711457286023267
2005-02-02,0.3713561205100874
2005-02-03,0.3689648829390054
2005-02-04,0.36712565486792115
2005-02-07,0.3663443640422376
2005-02-08,0.35345562677558395
2005-02-09,0.3524553485121301
2005-02-10,0.3548877222372831
2005-02-11,0.35370546889889404
2005-02-14,0.3479555240549146
2005-02-15,0.3418721873103823
2005-02-16,0.3843061620173818
2005-02-17,0.3858209389622984
2005-02-18,0.38530162319399885
2005-02-21,0.38189675529550055
2005-02-22,0.3835657091916562
2005-02-23,0.37967527011162183
2005-02-24,0.38207332298139096
2005-02-25,0.3856461888351694
2005-02-28,0.3909782245834652
2005-03-01,0.39112461670497484
2005-03-02,0.4099871156850319
2005-03-03,0.41288661601718984
2005-03-04,0.418328375377329
2005-03-07,0.4184183928362656
2005-03-08,0.42243085598183283
2005-03-09,0.42190087604314486
2005-03-10,0.42923760550271517
2005-03-11,0.4287958723826886
2005-03-14,0.4277407471455158
2005-03-15,0.42672055032963424
2005-03-16,0.420035555519726
2005-03-17,0.42346483945215785
2005-03-18,0.4270118168895099
2005-03-21,0.42743300502179227
2005-03-22,0.42745719267861354
2005-03-23,0.4488250769008884
2005-03-24,0.4473059777175647
2005-03-25,0.4460886366958198
2005-03-28,0.4484705654324769
2005-03-29,0.4499304211966765
2005-03-30,0.44368884663956565
2005-03-31,0.44469635800275187
2005-04-01,0.44820829924655353
2005-04-04,0.44872837042511937
2005-04-05,0.4425575251628075
2005-04-06,0.44495612925099
2005-04-07,0.44356372863533955
2005-04-08,0.44340177866278613
2005-04-11,0.44239353518958074
2005-04-12,0.44132588392269473
2005-04-13,0.4420220336435602
2005-04-14,0.44212849449716063
2005-04-15,0.43780200214648785
2005-04-18,0.43594716357597385
2005-04-19,0.4252110414642337
2005-04-20,0.4308767585416542
2005-04-21,0.4293632639813465
2005-04-22,0.4320624644600286
2005-04-25,0.42931449300246627
2005-04-26,0.4286498686708895
2005-04-27,0.4335541834571023
2005-04-28,0.4453945950849981
2005-04-29,0.43871504381206294
2005-05-02,0.43991642566951505
2005-05-03,0.44035359006014835
2005-05-04,0.44131649181469446
2005-05-05,0.45294182881516903
2005-05-06,0.45751521253967964
2005-05-09,0.464253196878766
2005-05-10,0.46573425113768385
2005-05-11,0.45238856643173997
2005-05-12,0.4510959592872421
2005-05-13,0.45463122444863163
2005-05-16,0.4531921025299884
2005-05-17,0.4570524146121961
2005-05-18,0.4599394042545074
2005-05-19,0.45738701968610973
2005-05-20,0.4522838116323663
2005-05-23,0.45049784643247304
2005-05-24,0.45731809197157847
2005-05-25,0.46130190198745036
2005-05-26,0.46387721980606345
2005-05-27,0.47980154284726023
2005-05-30,0.4791830091846427
2005-05-31,0.47812806029476523
2005-06-01,0.4748961218508913
2005-06-02,0.47291302875237495
2005-06-03,0.4776561596293025
2005-06-06,0.4759961424120679
2005-06-07,0.4794964487309019
2005-06-08,0.4811639807806805
2005-06-09,0.4813428313502551
2005-06-10,0.47817287544513026
2005-06-13,0.479315666649986
2005-06-14,0.48287050112654
2005-06-15,0.48281297871306206
2005-06-16,0.4796012959514726
2005-06-17,0.4842126539713061
2005-06-20,0.484141843071513
2005-06-21,0.4827233077096428
2005-06-22,0.4830272091172139
2005-06-23,0.48597604993665633
2005-06-24,0.4909561112079262
2005-06-27,0.49151944734139674
2005-06-28,0.48851010759163505
2005-06-29,0.48665178447568813
2005-06-30,0.486532211143935
2005-07-01,0.48752590465343437
2005-07-04,0.48624773243662067
2005-07-05,0.48737066130885565
2005-07-06,0.4859819869879464
2005-07-07,0.4846262524506817
2005-07-08,0.4848203521058811
2005-07-11,0.48413836884471273
2005-07-12,0.48817807400377144
2005-07-13,0.48761446773488554
2005-07-14,0.49306470278263087
2005-07-15,0.49350293193855127
2005-07-18,0.4925430779765158
2005-07-19,0.4952191538187039
2005-07-20,0.4923289945567465
2005-07-21,0.49271269641621923
2005-07-22,0.4956422751582108
2005-07-25,0.4940755509535949
2005-07-26,0.4938931581824279
2005-07-27,0.49832461640245723
2005-07-28,0.5028091019623634
2005-07-29,0.5024744833055803
2005-08-01,0.5013915870507821
2005-08-02,0.5017116693876221
2005-08-03,0.49813159559126297
2005-08-04,0.5061621621038934
2005-08-05,0.4927064511555484
2005-08-08,0.48589385109581235
2005-08-09,0.4873473239433738
2005-08-10,0.4861523937479423
2005-08-11,0.4858446445461541
2005-08-12,0.4839786311224316
2005-08-15,0.4814307846005544
2005-08-16,0.4985044842885467
2005-08-17,0.4973012939079842
2005-08-18,0.49248092385047065
2005-08-19,0.48900481765991516
2005-08-22,0.4886890296735062
2005-08-23,0.4876718509852206
2005-08-24,0.48752769679659813
2005-08-25,0.4933624017813519
2005-08-26,0.49699840199414597
2005-08-29,0.49924763172525677
2005-08-30,0.5012973039683792
2005-08-31,0.5004305757446024
2005-09-01,0.5101966061322102
2005-09-02,0.5151302801174756
2005-09-05,0.5158061234389344
2005-09-06,0.513600745136792
2005-09-07,0.5120986167830803
2005-09-08,0.5132689523442824
2005-09-09,0.5122126074098077
2005-09-12,0.5114197777136898
2005-09-13,0.5099593913146099
2005-09-14,0.5098389419332594
2005-09-15,0.5141149481583773
2005-09-16,0.519812012452393
2005-09-19,0.5248055860901496
2005-09-20,0.5229235006679598
2005-09-21,0.522183567302935
2005-09-22,0.5466625692518937
2005-09-23,0.5572430635405802
2005-09-26,0.5593892017108925
2005-09-27,0.5570393639950462
2005-09-28,0.5561271367464664
2005-09-29,0.5575987313633264
2005-09-30,0.5594694160112411
2005-10-03,0.560151429218153
2005-10-04,0.5729898154609567
2005-10-05,0.5749041331096393
2005-10-06,0.5673453795398283
2005-10-07,0.5737062831290852
2005-10-10,0.5710109683723603
2005-10-11,0.5613780792431641
2005-10-12,0.5625944852377304
2005-10-13,0.5364078083407101
2005-10-14,0.5375716316455771
2005-10-17,0.5313074699432988
2005-10-18,0.5236648917648414
2005-10-19,0.48840782178922526
2005-10-20,0.4914481473376568
2005-10-21,0.5016539035092655
2005-10-24,0.5018881051077921
2005-10-25,0.500208199100824
2005-10-26,0.49616133435414667
2005-10-27,0.49015155354853385
2005-10-28,0.49061814646504665
2005-10-31,0.5132586771089441
2005-11-01,0.5143900905705842
2005-11-02,0.5137200970163495
2005-11-03,0.4723603815309882
2005-11-04,0.44135452873855435
2005-11-07,0.43437532138514007
2005-11-08,0.4340254043326722
2005-11-09,0.42975074597617263
2005-11-10,0.41266714601512655
2005-11-11,0.403358694311203
2005-11-14,0.40257309065649394
2005-11-15,0.3987607374188268
2005-11-16,0.3924882099963764
2005-11-17,0.39146034061259666
2005-11-18,0.3863724501863239
2005-11-21,0.3843329321177916
2005-11-22,0.3914919461059827
2005-11-23,0.38890075137700186
2005-11-24,0.38833394409567046
2005-11-25,0.38782153170752576
2005-11-28,0.38573035522085225
2005-11-29,0.3869482729097352
2005-11-30,0.390351888359445
2005-12-01,0.38186796573481946
2005-12-02,0.3781851604901244
2005-12-05,0.3716971432036523
2005-12-06,0.37205162535780495
2005-12-07,0.3721051622638656
2005-12-08,0.35842547011160175
2005-12-09,0.3549861269569438
2005-12-12,0.3571659316780515
2005-12-13,0.35807700340202653
2005-12-14,0.3585717838674049
2005-12-15,0.36801671340741493
2005-12-16,0.360658171701021
2005-12-19,0.36000960970371376
2005-12-20,0.3602539705297876
2005-12-21,0.3586110192075292
2005-12-22,0.359176977327107
2005-12-23,0.3565562501141067
2005-12-26,0.35453045882163187
2005-12-27,0.34853685252770344
2005-12-28,0.3476227283290657
2005-12-29,0.34542095050402655
2005-12-30,0.3444860359846548
2006-01-02,0.3456332700206004
2006-01-03,0.34319707461234117
2006-01-04,0.34001412449783475
2006-01-05,0.32927247719887165
2006-01-06,0.3250049850214571
2006-01-09,0.32647455846440915
2006-01-10,0.3285088325191102
2006-01-11,0.3289728752816879
2006-01-12,0.329626846722528
2006-01-13,0.3237090551273645
2006-01-16,0.3289191450786747
2006-01-17,0.32543035756274924
2006-01-18,0.32419590516999913
2006-01-19,0.3152728411680621
2006-01-20,0.30618939663592953
2006-01-23,0.30794510939421205
2006-01-24,0.30623456072260236
2006-01-25,0.3040326210956394
2006-01-26,0.3061372087214058
2006-01-27,0.30436165951903144
2006-01-30,0.3042235882057841
2006-01-31,0.3058736632349054
2006-02-01,0.3058641379109193
2006-02-02,0.3041722209269955
2006-02-03,0.3026764044383875
2006-02-06,0.2985409456132966
2006-02-07,0.2962353484009803
2006-02-08,0.2957441081455174
2006-02-09,0.296286415436692
2006-02-10,0.2974312784060589
2006-02-13,0.2954329939094746
2006-02-14,0.2948001634657487
2006-02-15,0.2868817035743624
2006-02-16,0.2864183566324255
2006-02-17,0.2777303377836184
2006-02-20,0.2716384727681275
2006-02-21,0.2716782334672475
2006-02-22,0.2691715247839411
2006-02-23,0.2705980059251923
2006-02-24,0.2669163492063989
2006-02-27,0.2638115495485582
2006-02-28,0.2624157757497652
2006-03-01,0.25892019062911575
2006-03-02,0.2584064493008024
2006-03-03,0.25843473599184685
2006-03-06,0.2581292912535304
2006-03-07,0.2584303377629439
2006-03-08,0.2572193770283659
2006-03-09,0.25793039658247
2006-03-10,0.25455714974377447
2006-03-13,0.25572223665042754
2006-03-14,0.2553656657320077
2006-03-15,0.24708936668690204
2006-03-16,0.24509978419705125
2006-03-17,0.24795842614419586
2006-03-20,0.2480104296204775
2006-03-21,0.24870929903433442
2006-03-22,0.24695939577867065
2006-03-23,0.24352328442738067
2006-03-24,0.2462668841490545
2006-03-27,0.24894618074409552
2006-03-28,0.24863168174017544
2006-03-29,0.2482011740351627
2006-03-30,0.24769255796651674
2006-03-31,0.24585937818126344
2006-04-03,0.24615739563923691
2006-04-04,0.24834432156401523
2006-04-05,0.2500409648961464
2006-04-06,0.2599436825011035
2006-04-07,0.2562634107936103
2006-04-10,0.25614784006303226
2006-04-11,0.2564182624643519
2006-04-12,0.25524090147257505
2006-04-13,0.2531125398524543
2006-04-14,0.24752398532412215
2006-04-17,0.2464064500117304
2006-04-18,0.24810455799040163
2006-04-19,0.2394476032886572
2006-04-20,0.2337570440224686
2006-04-21,0.2327969065479988
2006-04-24,0.23239387410212092
2006-04-25,0.22761346173793742
2006-04-26,0.22769022256474564
2006-04-27,0.22408146899631584
2006-04-28,0.2235693627077706
2006-05-01,0.2203441599225166
2006-05-02,0.2148118749411778
2006-05-03,0.21106309304479
2006-05-04,0.20147168889699824
2006-05-05,0.20177935322898116
2006-05-08,0.19844498176278838
2006-05-09,0.20366296178232962
2006-05-10,0.1989843715470671
2006-05-11,0.18919443963137564
2006-05-12,0.1823465886921972
2006-05-15,0.18542213546227654
2006-05-16,0.18051415927920736
2006-05-17,0.17974998958873212
2006-05-18,0.18034183319379005
2006-05-19,0.17613532167901172
2006-05-22,0.16725779513528521
2006-05-23,0.16466409911700058
2006-05-24,0.16844840087283627
2006-05-25,0.16253455745530251
2006-05-26,0.16263309185811084
2006-05-29,0.1618560138102157
2006-05-30,0.1644897016411206
2006-05-31,0.1625108567078741
2006-06-01,0.16080809587348704
2006-06-02,0.1606292493183187
2006-06-05,0.1594488349392957
2006-06-06,0.1616888765807024
2006-06-07,0.16154076905239897
2006-06-08,0.16291579676380047
2006-06-09,0.16289153468862985
2006-06-12,0.16238172213677052
2006-06-13,0.16009802525969383
2006-06-14,0.15813790138297504
2006-06-15,0.18919613277026545
2006-06-16,0.1917245793412955
2006-06-19,0.19682053390107407
2006-06-20,0.1980780283479613
2006-06-21,0.19670042548911404
2006-06-22,0.19631910955080306
2006-06-23,0.19544706660048375
2006-06-26,0.19483332964736688
2006-06-27,0.1952341724889582
2006-06-28,0.19475410211684932
2006-06-29,0.19488581031984883
2006-06-30,0.19674459119970433
2006-07-03,0.19770468868698676
2006-07-04,0.20317779012643444
2006-07-05,0.20391445193768123
2006-07-06,0.20418976239829636
2006-07-07,0.20107669422585295
2006-07-10,0.19823215989745532
2006-07-11,0.19778173579835112
2006-07-12,0.19865385208593714
2006-07-13,0.196561030262547
2006-07-14,0.19525822961279204
2006-07-17,0.1781543230528681
2006-07-18,0.17373329521066896
2006-07-19,0.17279878963834908
2006-07-20,0.1717673718763649
2006-07-21,0.17303876730961518
2006-07-24,0.17417688863267095
2006-07-25,0.18246774841558938
2006-07-26,0.17854401854043503
2006-07-27,0.17934401204836872
2006-07-28,0.1792594319805654
2006-07-31,0.18166889408536954
2006-08-01,0.18136970464883448
2006-08-02,0.1810877823325963
2006-08-03,0.18168683494845242
2006-08-04,0.18383073472882624
2006-08-07,0.18514447356159647
2006-08-08,0.18471180384482874
2006-08-09,0.18551997547512566
2006-08-10,0.18540184627157147
2006-08-11,0.18396030732836582
2006-08-14,0.18144592714205
2006-08-15,0.17758362998163188
2006-08-16,0.17282088036773016
2006-08-17,0.17460481950612844
2006-08-18,0.17481066840853215
2006-08-21,0.1745298669089276
2006-08-22,0.17028756673498188
2006-08-23,0.17002384102508247
2006-08-24,0.1707364627405859
2006-08-25,0.1703674837254021
2006-08-28,0.17337946975255308
2006-08-29,0.17080504736526628
2006-08-30,0.17071762400961601
2006-08-31,0.17133317147439006
2006-09-01,0.1712750357033293
2006-09-04,0.16618229246440588
2006-09-05,0.16858856918181603
2006-09-06,0.16847315518164782
2006-09-07,0.1684759707781717
2006-09-08,0.1655915465732254
2006-09-11,0.16243009839812528
2006-09-12,0.1614209358096776
2006-09-13,0.16069953886920796
2006-09-14,0.16156989789216497
2006-09-15,0.1635770629610667
2006-09-18,0.16357323462843956
2006-09-19,0.16336055166431065
2006-09-20,0.16430326808056275
2006-09-21,0.1649629358999916
2006-09-22,0.1618891113602632
2006-09-25,0.16508350731912735
2006-09-26,0.15160946424348212
2006-09-27,0.15137185739029366
2006-09-28,0.1477079567687014
2006-09-29,0.14317194248177506
2006-10-02,0.15401250582901588
2006-10-03,0.15239445183379707
2006-10-04,0.15646491935092754
2006-10-05,0.15081821599616343
2006-10-06,0.16725825453744708
2006-10-09,0.16315583955896845
2006-10-10,0.1450413156386628
2006-10-11,0.14513260873464723
2006-10-12,0.1420022071254392
2006-10-13,0.14496495275774066
2006-10-16,0.15226668923654674
2006-10-17,0.1492020149242703
2006-10-18,0.09233205483124184
2006-10-19,0.09051883501472356
2006-10-20,0.09138122079948416
2006-10-23,0.13299666687205747
2006-10-24,0.16576583462503533
2006-10-25,0.17117675881444597
2006-10-26,0.1692185293296659
2006-10-27,0.174478744582063
2006-10-30,0.19687331632711813
2006-10-31,0.18899311752429004
2006-11-01,0.1894141724795885
2006-11-02,0.19384747989011386
2006-11-03,0.19874471121958556
2006-11-06,0.19874087243261868
2006-11-07,0.2081978593443578
2006-11-08,0.20772697902883697
2006-11-09,0.2059250409459533
2006-11-10,0.20585310095322998
2006-11-13,0.20492837683491505
2006-11-14,0.20593291593761207
2006-11-15,0.20880299513348716
2006-11-16,0.21637783446812248
2006-11-17,0.21190918642495515
2006-11-20,0.21208610303390685
2006-11-21,0.21010737900564913
2006-11-22,0.2075466117539997
2006-11-23,0.20821699656824139
2006-11-24,0.21223649372301362
2006-11-27,0.2141623008650915
2006-11-28,0.2130187950780151
2006-11-29,0.20926770368831282
2006-11-30,0.19817227992115843
2006-12-01,0.1865638306421936
2006-12-04,0.17164480800324544
2006-12-05,0.18208304943470832
2006-12-06,0.18065076100507554
2006-12-07,0.18215505118409364
2006-12-08,0.1804475489304103
2006-12-11,0.18173906348240923
2006-12-12,0.18510925439923454
2006-12-13,0.18618248060793938
2006-12-14,0.18663665554357262
2006-12-15,0.18900758350903746
2006-12-18,0.192660877681814
2006-12-19,0.19267082855773135
2006-12-20,0.19258637231647746
2006-12-21,0.1932866038469224
2006-12-22,0.18701756337914327
2006-12-25,0.20022591055062858
2006-12-26,0.20088992413724507
2006-12-27,0.19598957167852946
2006-12-28,0.19037911796235732
2006-12-29,0.1876548019720857
2007-01-01,0.18671626247163478
2007-01-02,0.18265289124609416
2007-01-03,0.17421625887006154
2007-01-04,0.17677779529911286
2007-01-05,0.17720116772524078
2007-01-08,0.18823058061944747
2007-01-09,0.19918750589000667
2007-01-10,0.1953893897873477
2007-01-11,0.19823252449190587
2007-01-12,0.20921342959245434
2007-01-15,0.21748964023464817
2007-01-16,0.21705041425988508
2007-01-17,0.21853133825079712
2007-01-18,0.21415430138125643
2007-01-19,0.214382548871084
2007-01-22,0.21414526154514477
2007-01-23,0.21396654689571112
2007-01-24,0.211760327157102
2007-01-25,0.21054063627255654
2007-01-26,0.2126401368565981
2007-01-29,0.2121134540693958
2007-01-30,0.2105404236958951
2007-01-31,0.21169145015298946
2007-02-01,0.21033323042169946
2007-02-02,0.20367887025927295
2007-02-05,0.21022000896568047
2007-02-06,0.2125953838387691
2007-02-07,0.21240505936650478
2007-02-08,0.2126938875510914
2007-02-09,0.21477285218608136
2007-02-12,0.21339623429077298
2007-02-13,0.21427374849829534
2007-02-14,0.21612582188762194
2007-02-15,0.20878462199503467
2007-02-16,0.21487440719181766
2007-02-19,0.21176537095235567
2007-02-20,0.21151265647008688
2007-02-21,0.21216876355593667
2007-02-22,0.21169700688124132
2007-02-23,0.21019461720493252
2007-02-26,0.20159325439449147
2007-02-27,0.19407887846776783
2007-02-28,0.1924430606639521
2007-03-01,0.18814008310686867
2007-03-02,0.19182680121127682
2007-03-05,0.19141871229944102
2007-03-06,0.18612272649949882
2007-03-07,0.18122973641317355
2007-03-08,0.1860898134682674
2007-03-09,0.18848163154359168
2007-03-12,0.19246891425451168
2007-03-13,0.1943661393249796
2007-03-14,0.1932196437313378
2007-03-15,0.15557104237128555
2007-03-16,0.15620905105161315
2007-03-19,0.15974133132125518
2007-03-20,0.16192132163034545
2007-03-21,0.16164214233046917
2007-03-22,0.15873079587349273
2007-03-23,0.16276151298558353
2007-03-26,0.16434767368462272
2007-03-27,0.1636816737054868
2007-03-28,0.163344548259816
2007-03-29,0.1633818159124901
2007-03-30,0.16552962487740808
2007-04-02,0.16219456223248196
2007-04-03,0.16218204726727461
2007-04-04,0.16369579145980429
2007-04-05,0.1674363022665536
2007-04-06,0.1691410836130511
2007-04-09,0.17884971586117787
2007-04-10,0.18106024704786025
2007-04-11,0.1801704004722586
2007-04-12,0.18154135210654332
2007-04-13,0.1811420888168769
2007-04-16,0.1817970847781916
2007-04-17,0.18138175651583144
2007-04-18,0.18197357909544262
2007-04-19,0.18305969252400503
2007-04-20,0.1846393679695772
2007-04-23,0.20288397268557937
2007-04-24,0.20104504698554473
2007-04-25,0.2027574142876658
2007-04-26,0.19972761538394057
2007-04-27,0.20992021315301107
2007-04-30,0.21006201188818427
2007-05-01,0.209412766106155
2007-05-02,0.2032051269314001
2007-05-03,0.20476912980608253
2007-05-04,0.19061217148773973
2007-05-07,0.18281104331713083
2007-05-08,0.17613906876595287
2007-05-09,0.18497394590848204
2007-05-10,0.1888760854057364
2007-05-11,0.17513198186912082
2007-05-14,0.17532716457241743
2007-05-15,0.14924183643871652
2007-05-16,0.1541729340453105
2007-05-17,0.15157729251324675
2007-05-18,0.14728141963688726
2007-05-21,0.1465508520960607
2007-05-22,0.14807045651990225
2007-05-23,0.14153006534516943
2007-05-24,0.1435069202783845
2007-05-25,0.14024038377079492
2007-05-28,0.12820014039532726
2007-05-29,0.1212355540823116
2007-05-30,0.11855564726736059
2007-05-31,0.12247377954221743
2007-06-01,0.11895072719869665
2007-06-04,0.05630688524352569
2007-06-05,0.0572308322280356
2007-06-06,0.04842104994643424
2007-06-07,0.0488291085825685
2007-06-08,0.06101581259696675
2007-06-11,0.06452679219153801
2007-06-12,0.06610119432615201
2007-06-13,0.05863799534468461
2007-06-14,0.061066096466136505
2007-06-15,0.03479481736232569
2007-06-18,0.03368939594688252
2007-06-19,0.028982016794959844
2007-06-20,0.026378297990327447
2007-06-21,0.01840753746458427
2007-06-22,0.017479516441281505
2007-06-25,0.018371098492105588
2007-06-26,0.021025505302227913
2007-06-27,0.021203931045945135
2007-06-28,0.020008053252392757
2007-06-29,0.018978718716946463
2007-07-02,0.02176898413448079
2007-07-03,0.02635226996834286
2007-07-04,0.06545417545140851
2007-07-05,0.06954421658643285
2007-07-06,0.06996354836174469
2007-07-09,0.0696444496324513
2007-07-10,0.07088658432981912
2007-07-11,0.06702170317626448
2007-07-12,0.06746410326118288
2007-07-13,0.06956737558721791
2007-07-16,0.07212988292451919
2007-07-17,0.07995212489638351
2007-07-18,0.07737325234589137
2007-07-19,0.07695496572336516
2007-07-20,0.07567362486486214
2007-07-23,0.07839586141203927
2007-07-24,0.07504304831926424
2007-07-25,0.07258632473233173
2007-07-26,0.07233278373094516
2007-07-27,0.0746494037327015
2007-07-30,0.07654121136691971
2007-07-31,0.07095690150345717
2007-08-01,0.065088417227617
2007-08-02,0.060834710447059716
2007-08-03,0.06859311532513417
2007-08-06,0.06482333653958397
2007-08-07,0.07498388894823038
2007-08-08,0.07921756835217762
2007-08-09,0.0764704585366345
2007-08-10,0.0719566587996509
2007-08-13,0.07683961502023676
2007-08-14,0.07327393931731621
2007-08-15,0.07441256386503417
2007-08-16,0.07641534039491127
2007-08-17,0.0678058871663316
2007-08-20,0.06361596855670443
2007-08-21,0.06513378359780159
2007-08-22,0.07135447437632653
2007-08-23,0.06666936093621334
2007-08-24,0.06116886217469621
2007-08-27,0.0603600684614423
2007-08-28,0.06065113067669843
2007-08-29,0.06409346001372183
2007-08-30,0.06137466886878582
2007-08-31,0.08206663773837589
2007-09-03,0.07923649428711155
2007-09-04,0.08714216691903194
2007-09-05,0.08680435818011613
2007-09-06,0.08634662384198868
2007-09-07,0.08974552622245109
2007-09-10,0.08965193355412761
2007-09-11,0.0910963545669981
2007-09-12,0.09035537358181962
2007-09-13,0.0905600033649649
2007-09-14,0.09060425603287109
2007-09-17,0.09621241849405268
2007-09-18,0.09650001284424402
2007-09-19,0.0969361897524456
2007-09-20,0.10136817986395678
2007-09-21,0.10162046802216304
2007-09-24,0.10216212955323338
2007-09-25,0.10012703949613709
2007-09-26,0.0988652272454781
2007-09-27,0.0984910708369479
2007-09-28,0.08896587864284825
2007-10-01,0.08728761026115578
2007-10-02,0.08700451695915142
2007-10-03,0.09201204696568757
2007-10-04,0.09197715600812977
2007-10-05,0.09230200495697843
2007-10-08,0.09346297981335201
2007-10-09,0.09251559490734058
2007-10-10,0.09279681978873563
2007-10-11,0.09262505525398226
2007-10-12,0.09078621317605079
2007-10-15,0.09160219275181193
2007-10-16,0.08581415633117284
2007-10-17,0.08283034350996758
2007-10-18,0.09283993843191521
2007-10-19,0.09389386701345857
2007-10-22,0.09195597068754346
2007-10-23,0.09293159761785547
2007-10-24,0.09234855596139208
2007-10-25,0.09347508206227415
2007-10-26,0.09312453418293186
2007-10-29,0.09397897134574044
2007-10-30,0.09354680019688409
2007-10-31,0.10835930968994588
2007-11-01,0.10908788335770567
2007-11-02,0.10750288548887516
2007-11-05,0.10231132728289691
2007-11-06,0.10440779861980655
2007-11-07,0.10342855531388917
2007-11-08,0.10567180326563395
2007-11-09,0.103224249056548
2007-11-12,0.09976290175759153
2007-11-13,0.09241620333475094
2007-11-14,0.09005145993534018
2007-11-15,0.08555871585702221
2007-11-16,0.08666806413814372
2007-11-19,0.08889298070506374
2007-11-20,0.09372033840513369
2007-11-21,0.09356794713145374
2007-11-22,0.09088848498408951
2007-11-23,0.0906968613251624
2007-11-26,0.0878572653225289
2007-11-27,0.08796444916402729
2007-11-28,0.08855614768158811
2007-11-29,0.08572322369676269
2007-11-30,0.08703010581765967
2007-12-03,0.08777677366034033
2007-12-04,0.0860444770874627
2007-12-05,0.08333970874687602
2007-12-06,0.08104560612588156
2007-12-07,0.08126593996445286
2007-12-10,0.08176726927632215
2007-12-11,0.0828711503417953
2007-12-12,0.08545529027179902
2007-12-13,0.08536333493945976
2007-12-14,0.08969211887266014
2007-12-17,0.1135027040643133
2007-12-18,0.11274314133980823
2007-12-19,0.1104248290231185
2007-12-20,0.11131864033420133
2007-12-21,0.11092898806184717
2007-12-24,0.11128300934713342
2007-12-25,0.11195903065770715
2007-12-26,0.1147113862292722
2007-12-27,0.11415283211352645
2007-12-28,0.11179199495650644
2007-12-31,0.11007690868961385
2008-01-01,0.10521538999775515
2008-01-02,0.09732875346954845
2008-01-03,0.0953484410057866
2008-01-04,0.09019675035594027
2008-01-07,0.08760939557284432
2008-01-08,0.09013563451805176
2008-01-09,0.0905629296242742
2008-01-10,0.09116127224207997
2008-01-11,0.09248924749416253
2008-01-14,0.09041654374478045
2008-01-15,0.10168892915884781
2008-01-16,0.0992901761920647
2008-01-17,0.09266138245700821
2008-01-18,0.08953608039401374
2008-01-21,0.08507283887580083
2008-01-22,0.07197811881776875
2008-01-23,0.05988011988710972
2008-01-24,0.05811215905674947
2008-01-25,0.05842022432996108
2008-01-28,0.06040848996319592
2008-01-29,0.059300365268383504
2008-01-30,0.0597357596358692
2008-01-31,0.06063719056965995
2008-02-01,0.06026473747354107
2008-02-04,0.06347407222919757
2008-02-05,0.06291528667602841
2008-02-06,0.06181234653264189
2008-02-07,0.05988317015321444
2008-02-08,0.059367348250268154
2008-02-11,0.059963453478372286
2008-02-12,0.05998067435343644
2008-02-13,0.060796795242744575
2008-02-14,0.06354802779726736
2008-02-15,0.06932820459668555
2008-02-18,0.07099521169919502
2008-02-19,0.07316488357329903
2008-02-20,0.07242291047287458
2008-02-21,0.07306564586173943
2008-02-22,0.07714456210692158
2008-02-25,0.07278441211237748
2008-02-26,0.07138598403465933
2008-02-27,0.07000031657473416
2008-02-28,0.07088929586904524
2008-02-29,0.06345717182669086
2008-03-03,0.07288138997506091
2008-03-04,0.07275042478144148
2008-03-05,0.06926521480897706
2008-03-06,0.0694195884720968
2008-03-07,0.06911537344604521
2008-03-10,0.06109022750015373
2008-03-11,0.05853401375612709
2008-03-12,0.05694746715276596
2008-03-13,0.05951585706414903
2008-03-14,0.05803033396495189
2008-03-17,0.054211223052918436
2008-03-18,0.05453188353972867
2008-03-19,0.05375252135667326
2008-03-20,0.05347345340285508
2008-03-21,0.052312534096363175
2008-03-24,0.04966453918305333
2008-03-25,0.04861307623121692
2008-03-26,0.042778915483927954
2008-03-27,0.04312624549955638
2008-03-28,0.043781335208920115
2008-03-31,0.04088190704521614
2008-04-01,0.040369703404919355
2008-04-02,0.039627085951857294
2008-04-03,0.04464298698103894
2008-04-04,0.043489530195135
2008-04-07,0.04374353937902871
2008-04-08,0.04376086549740142
2008-04-09,0.04328022601100683
2008-04-10,0.04380367122862029
2008-04-11,0.04391478410706121
2008-04-14,0.04644132878509796
2008-04-15,0.04339389691817502
2008-04-16,0.042353283911461544
2008-04-17,0.038652294626852504
2008-04-18,0.03790664207271918
2008-04-21,0.03861172510104905
2008-04-22,0.03905722234509354
2008-04-23,0.04154149495723086
2008-04-24,0.04441986065470525
2008-04-25,0.044902456867375956
2008-04-28,0.043523996040879455
2008-04-29,0.043282596602135515
2008-04-30,0.04766380727654602
2008-05-01,0.05620449606411608
2008-05-02,0.0523364331235473
2008-05-05,0.05188182672563317
2008-05-06,0.05489741392787844
2008-05-07,0.05449688256365827
2008-05-08,0.05639229680499206
2008-05-09,0.06535028531821765
2008-05-12,0.06623456018363491
2008-05-13,0.06494123326635035
2008-05-14,0.06685670803944264
2008-05-15,0.039556717333685695
2008-05-16,0.04117774054193613
2008-05-19,0.044058398017577216
2008-05-20,0.04361677639656526
2008-05-21,0.04285026695518234
2008-05-22,0.04099370145252676
2008-05-23,0.040622934177829265
2008-05-26,0.03508238425542874
2008-05-27,0.031911689887406204
2008-05-28,0.030796634706572797
2008-05-29,0.030573216366207967
2008-05-30,0.034006351093074545
2008-06-02,0.03390331130110228
2008-06-03,0.04648066589279624
2008-06-04,0.04678033431426411
2008-06-05,0.04558267371763254
2008-06-06,0.045470395534729806
2008-06-09,0.04435616051372343
2008-06-10,0.04588785918221386
2008-06-11,0.04564882462223097
2008-06-12,0.04760171861040174
2008-06-13,0.04790644785572817
2008-06-16,0.046251083128216276
2008-06-17,0.046724373240879656
2008-06-18,0.04675871158021912
2008-06-19,0.045435861995704464
2008-06-20,0.039510417545764204
2008-06-23,0.040254246717134574
2008-06-24,0.040185224780330216
2008-06-25,0.04182907449519031
2008-06-26,0.04003876187330365
2008-06-27,0.041070263465519154
2008-06-30,0.04360966642564696
2008-07-01,0.04581966493938544
2008-07-02,0.04239573688735265
2008-07-03,0.02431807357785029
2008-07-04,0.024495499341418793
2008-07-07,0.023748847999547695
2008-07-08,0.024575092188387267
2008-07-09,0.026465761267105974
2008-07-10,0.025651773360613566
2008-07-11,0.026295729875910844
2008-07-14,0.026172385479879604
2008-07-15,0.02469670852486747
2008-07-16,0.023936491398137257
2008-07-17,0.02312475042415786
2008-07-18,0.02572070960578881
2008-07-21,0.025929536676572825
2008-07-22,0.026742176283263735
2008-07-23,0.02869207857353258
2008-07-24,0.023986376114691337
2008-07-25,0.02267362008879532
2008-07-28,0.021613170862073452
2008-07-29,0.023260200848391546
2008-07-30,0.021431708279740926
2008-07-31,0.01305633699379068
2008-08-01,0.014534462288367625
2008-08-04,0.015154903815999939
2008-08-05,0.012971209516316792
2008-08-06,0.01455467933144885
2008-08-07,0.01326666490721824
2008-08-08,0.01059794286899415
2008-08-11,0.01152576118156822
2008-08-12,0.01372080030730656
2008-08-13,0.015135536646249627
2008-08-14,0.015500497375116795
2008-08-15,0.015109390514092373
2008-08-18,0.0164380424683705
2008-08-19,-0.00447783613377903
2008-08-20,-0.00458414002993966
2008-08-21,-0.012470911339249827
2008-08-22,-0.011817343965503654
2008-08-25,-0.010044848158153786
2008-08-26,-0.010343328956575672
2008-08-27,-0.012496373463666883
2008-08-28,-0.013366427911618423
2008-08-29,-0.012157566283933437
2008-09-01,-0.011988062896866342
2008-09-02,-0.011677368028811905
2008-09-03,-0.01031834582114967
2008-09-04,-0.011964731999910912
2008-09-05,0.0006060853122865332
2008-09-08,0.012847169950402366
2008-09-09,0.002257633544622113
2008-09-10,0.006802385975972242
2008-09-11,0.008649107562359683
2008-09-12,0.01169327070544786
2008-09-15,-0.0019312571124416834
2008-09-16,0.008238189332868571
2008-09-17,0.02742710093529435
2008-09-18,0.02758809113879381
2008-09-19,0.020790417530735954
2008-09-22,0.023687179667884722
2008-09-23,0.02836324531094455
2008-09-24,0.02404626805111546
2008-09-25,0.022687953205060014
2008-09-26,0.02312389008193703
2008-09-29,0.025833278707376433
2008-09-30,0.0597041269409093
2008-10-01,0.05995112427696137
2008-10-02,0.0590492404584244
2008-10-03,0.04943877888763975
2008-10-06,0.03796662772415684
2008-10-07,0.026766630050986024
2008-10-08,0.0369823847565447
2008-10-09,0.01521113387659449
2008-10-10,0.030637829397962908
2008-10-13,0.07296628135208552
2008-10-14,0.09206855650059013
2008-10-15,0.07608899801438071
2008-10-16,0.0831172615953191
2008-10-17,0.07553339761758422
2008-10-20,0.07939653177927378
2008-10-21,0.07756005969022013
2008-10-22,0.07761547083809252
2008-10-23,0.09937830281841217
2008-10-24,0.10852916742666958
2008-10-27,0.12455133857051381
2008-10-28,0.12419287211250922
2008-10-29,0.13172975396581216
2008-10-30,0.13423423446334987
2008-10-31,0.13393721693001287
2008-11-03,0.1444881115312318
2008-11-04,0.14550387663858474
2008-11-05,0.14552893911763146
2008-11-06,0.1456168867712922
2008-11-07,0.1612409783387926
2008-11-10,0.16242147968792783
2008-11-11,0.15803503905893762
2008-11-12,0.16680977775024228
2008-11-13,0.16830774619452912
2008-11-14,0.1656459477068502
2008-11-17,0.16717240604603004
2008-11-18,0.16641675218801327
2008-11-19,0.15928913421069202
2008-11-20,0.1633584724784148
2008-11-21,0.16022740479357772
2008-11-24,0.15841224551943922
2008-11-25,0.15113083639739494
2008-11-26,0.15050502750312503
2008-11-27,0.15070722997055658
2008-11-28,0.15499905009709383
2008-12-01,0.1553865837056633
2008-12-02,0.1527207572823674
2008-12-03,0.1458044013504598
2008-12-04,0.1446306066519776
2008-12-05,0.14520429667229917
2008-12-08,0.1445878782360616
2008-12-09,0.1552995197436041
2008-12-10,0.15220335370479035
2008-12-11,0.15025805666774028
2008-12-12,0.15036893825094716
2008-12-15,0.14924739563851885
2008-12-16,0.14928973139580956
2008-12-17,0.1510317690222523
2008-12-18,0.15605595556096732
2008-12-19,0.15595809839433636
2008-12-22,0.15668241582990453
2008-12-23,0.15856979821062847
2008-12-24,0.16250794674787028
2008-12-25,0.16215842905874747
2008-12-26,0.1608794024581561
2008-12-29,0.16172837277555419
2008-12-30,0.16293693786632565
2008-12-31,0.1669460255397819
2009-01-01,0.16597398873481606
2009-01-02,0.1675821813174576
2009-01-05,0.17085004789343247
2009-01-06,0.17778001720039577
2009-01-07,0.17640712144479537
2009-01-08,0.18214531506243367
2009-01-09,0.17746772147619447
2009-01-12,0.16546500697019606
2009-01-13,0.1673239893380459
2009-01-14,0.16451283087307284
2009-01-15,0.15886479661268768
2009-01-16,0.15632872605433487
2009-01-19,0.1635977642371903
2009-01-20,0.16292111303892673
2009-01-21,0.1607486350128879
2009-01-22,0.16077468748232707
2009-01-23,0.161723450187383
2009-01-26,0.1622050823730885
2009-01-27,0.16611827890081488
2009-01-28,0.16891718340223144
2009-01-29,0.1770313610909671
2009-01-30,0.17111214116155332
2009-02-02,0.1702678215393033
2009-02-03,0.16619501536961492
2009-02-04,0.17051698473571736
2009-02-05,0.16959786309189945
2009-02-06,0.1683736730144363
2009-02-09,0.17045882486475725
2009-02-10,0.16993348712615955
2009-02-11,0.16784413700288184
2009-02-12,0.164738860516466
2009-02-13,0.16140337238240987
2009-02-16,0.1578211809810905
2009-02-17,0.15976792545333213
2009-02-18,0.16077297137536226
2009-02-19,0.16091156318927424
2009-02-20,0.16311929603380917
2009-02-23,0.16066534494479445
2009-02-24,0.1604706555480234
2009-02-25,0.15960264774270422
2009-02-26,0.1605532751368561
2009-02-27,0.16046742200208436
2009-03-02,0.15801313761078986
2009-03-03,0.16160399762168975
2009-03-04,0.16526279037524966
2009-03-05,0.15681862359089624
2009-03-06,0.15828812795014513
2009-03-09,0.1579700992880868
2009-03-10,0.1576063812712786
2009-03-11,0.1597934137404549
2009-03-12,0.1620273685157767
2009-03-13,0.16471364252264134
2009-03-16,0.16973912342287445
2009-03-17,0.16573373080304848
2009-03-18,0.1631936873197645
2009-03-19,0.16508636819447894
2009-03-20,0.16464303482219256
2009-03-23,0.16331329499268457
2009-03-24,0.152189375977298
2009-03-25,0.1518418353038855
2009-03-26,0.1535145226789267
2009-03-27,0.15131554889699378
2009-03-30,0.15055638980419353
2009-03-31,0.1539405878389084
2009-04-01,0.15256899285799205
2009-04-02,0.15274584119081835
2009-04-03,0.1467995781761051
2009-04-06,0.1469495693631373
2009-04-07,0.14783000188987164
2009-04-08,0.14629299106853894
2009-04-09,0.1473621994357022
2009-04-10,0.14728034457448622
2009-04-13,0.15070887336624594
2009-04-14,0.15160848243551406
2009-04-15,0.15094959844920516
2009-04-16,0.15116564213790176
2009-04-17,0.1507316656443607
2009-04-20,0.1511370346933062
2009-04-21,0.15047821846229906
2009-04-22,0.15094564501744345
2009-04-23,0.15137533051828736
2009-04-24,0.15106267917740607
2009-04-27,0.1507339177492562
2009-04-28,0.15254481873987247
2009-04-29,0.15298823576718726
2009-04-30,0.1540802330016214
2009-05-01,0.1545371954304812
2009-05-04,0.18043544541941342
2009-05-05,0.16604702807424546
2009-05-06,0.1618118940644651
2009-05-07,0.16195558433407498
2009-05-08,0.16115511922770773
2009-05-11,0.1570601923997299
2009-05-12,0.14889767964422174
2009-05-13,0.1507262919703493
2009-05-14,0.14908632041520742
2009-05-15,0.152167433953737
2009-05-18,0.15128974160601266
2009-05-19,0.14860622902939463
2009-05-20,0.14557999732602786
2009-05-21,0.14556082026835818
2009-05-22,0.14429453202863068
2009-05-25,0.1447392997382584
2009-05-26,0.14473569431975858
2009-05-27,0.1442019988338987
2009-05-28,0.13892799363035468
2009-05-29,0.1320711984641157
2009-06-01,0.13372640987855577
2009-06-02,0.13582924856513007
2009-06-03,0.14109008926423558
2009-06-04,0.1367013901364784
2009-06-05,0.1366818118454399
2009-06-08,0.13623455439738197
2009-06-09,0.1355619003664111
2009-06-10,0.13566710360005305
2009-06-11,0.13751093276180107
2009-06-12,0.13867794318483695
2009-06-15,0.13790648881933357
2009-06-16,0.1362384648020211
2009-06-17,0.1330803090019915
2009-06-18,0.13039112671580888
2009-06-19,0.1327054256211075
2009-06-22,0.13859827832938681
2009-06-23,0.13959202804987286
2009-06-24,0.14056694718552085
2009-06-25,0.13890492766689364
2009-06-26,0.13865118063484846
2009-06-29,0.13914810183470502
2009-06-30,0.13794459426289601
2009-07-01,0.1379278945794932
2009-07-02,0.13960906348261143
2009-07-03,0.13761450529150293
2009-07-06,0.13836425978425368
2009-07-07,0.13703572126189673
2009-07-08,0.13641193524670522
2009-07-09,0.13595980190190002
2009-07-10,0.13430031426579592
2009-07-13,0.13412423616322897
2009-07-14,0.13417780478196986
2009-07-15,0.13723312630797949
2009-07-16,0.13714879572961153
2009-07-17,0.13935546255093986
2009-07-20,0.14399186971476613
2009-07-21,0.1424119795011226
2009-07-22,0.1407161884362688
2009-07-23,0.14247601875646246
2009-07-24,0.14263902489202573
2009-07-27,0.14150058809726437
2009-07-28,0.13980754658957634
2009-07-29,0.13977155661214455
2009-07-30,0.13926625753936267
2009-07-31,0.13798714091763503
2009-08-03,0.1386208732436378
2009-08-04,0.13875581524699615
2009-08-05,0.13936858979277875
2009-08-06,0.13972364022869582
2009-08-07,0.14047828175595817
2009-08-10,0.14050469145227126
2009-08-11,0.13996075387995777
2009-08-12,0.13981410489040563
2009-08-13,0.13951380808243177
2009-08-14,0.14110155906066005
2009-08-17,0.14085287301723573
2009-08-18,0.14120917663914925
2009-08-19,0.1408610312001907
2009-08-20,0.14069632571298485
2009-08-21,0.14028711052166115
2009-08-24,0.14178270482148164
2009-08-25,0.1382647874789283
2009-08-26,0.1321788272999718
2009-08-27,0.13521103702242537
2009-08-28,0.13303351207908717
2009-08-31,0.13213089003944928
2009-09-01,0.1309784721976231
2009-09-02,0.13661250908860545
2009-09-03,0.13437633496948126
2009-09-04,0.1285272905996234
2009-09-07,0.13001641948402817
2009-09-08,0.12978430564579482
2009-09-09,0.13079751630207886
2009-09-10,0.13035656620625546
2009-09-11,0.13248961447832586
2009-09-14,0.13358309930833853
2009-09-15,0.13336666939789457
2009-09-16,0.1326118151152252
2009-09-17,0.11862840413757302
2009-09-18,0.11879754613389655
2009-09-21,0.12116320299420924
2009-09-22,0.125406506353976
2009-09-23,0.13139891088629346
2009-09-24,0.13587816884591525
2009-09-25,0.13096755801539198
2009-09-28,0.14287990567325937
2009-09-29,0.13299235771711426
2009-09-30,0.10483260696536749
2009-10-01,0.09797433834582045
2009-10-02,0.11219402158934355
2009-10-05,0.10351825910141284
2009-10-06,0.10003004767334343
2009-10-07,0.09650313906381161
2009-10-08,0.10094355082205354
2009-10-09,0.1027627471197687
2009-10-12,0.07994818640331271
2009-10-13,0.07004946291144498
2009-10-14,0.048544738562417554
2009-10-15,0.046598537901974345
2009-10-16,0.04353594036945258
2009-10-19,0.04784568177499139
2009-10-20,0.047331233876764564
2009-10-21,0.043784677353917605
2009-10-22,0.044349971621785736
2009-10-23,0.04777715806896838
2009-10-26,0.049128039980857185
2009-10-27,0.025064290209836356
2009-10-28,0.03061749727954482
2009-10-29,0.053998451090193716
2009-10-30,0.035172586584125275
2009-11-02,0.032245194476668265
2009-11-03,0.03894057329272629
2009-11-04,0.041025383924666974
2009-11-05,0.038259896892526325
2009-11-06,0.0451569077170387
2009-11-09,0.03495244876054432
2009-11-10,0.03395982435116215
2009-11-11,0.037621078735270326
2009-11-12,0.04697767614722926
2009-11-13,0.054387440543387795
2009-11-16,0.05804269574107656
2009-11-17,0.05090435239398335
2009-11-18,0.0547328040848275
2009-11-19,0.05620118543366943
2009-11-20,0.05559292745341088
2009-11-23,0.05560054692023488
2009-11-24,0.055181964939121905
2009-11-25,0.0576432683590416
2009-11-26,0.04651249256877859
2009-11-27,0.05153683988883607
2009-11-30,0.06388677528384146
2009-12-01,0.06310276432488943
2009-12-02,0.06457474026353159
2009-12-03,0.06554051321249253
2009-12-04,0.06426135981764136
2009-12-07,0.06068522933382186
2009-12-08,0.060970747326607816
2009-12-09,0.05961714425242562
2009-12-10,0.05976913070416676
2009-12-11,0.05427611920063224
2009-12-14,0.053362303338507666
2009-12-15,0.04773957531704083
2009-12-16,0.04745464757031851
2009-12-17,0.04706629230960325
2009-12-18,0.04097816669412789
2009-12-21,0.03966665983525812
2009-12-22,0.03961265695708823
2009-12-23,0.040499702119765404
2009-12-24,0.03762201452392626
2009-12-25,0.041847094433329624
2009-12-28,0.038760068101858856
2009-12-29,0.05025878549507144
2009-12-30,0.06461289868510366
2009-12-31,0.058992830509053636
2010-01-01,0.060512246198471085
2010-01-04,0.06984530518548224
2010-01-05,0.07468860382391024
2010-01-06,0.07092082248719986
2010-01-07,0.07096742550008737
2010-01-08,0.07135640809657355
2010-01-11,0.0724314376096566
2010-01-12,0.07266514441434409
2010-01-13,0.07592089167068636
2010-01-14,0.07242570046694236
2010-01-15,0.07004437307173746
2010-01-18,0.05939360323443609
2010-01-19,0.068712227220129
2010-01-20,0.0696915581316524
2010-01-21,0.07384602886569402
2010-01-22,0.06642953262295402
2010-01-25,0.06703384210087072
2010-01-26,0.06877412062087779
2010-01-27,0.06466788324985116
2010-01-28,0.0641224125406554
2010-01-29,0.07107540260142493
2010-02-01,0.08202373229425369
2010-02-02,0.09031427416732847
2010-02-03,0.09354585635358516
2010-02-04,0.09815787561347443
2010-02-05,0.09220300277871359
2010-02-08,0.08923369994312855
2010-02-09,0.08623788337302116
2010-02-10,0.09768557184513371
2010-02-11,0.09849480081203946
2010-02-12,0.10779775886666298
2010-02-15,0.10542983491108393
2010-02-16,0.1091979733858477
2010-02-17,0.11730626577349341
2010-02-18,0.11233680866568299
2010-02-19,0.11099950876801806
2010-02-22,0.12556271804766098
2010-02-23,0.12342374558105197
2010-02-24,0.1293329188037237
2010-02-25,0.13103974377928568
2010-02-26,0.1247657835864309
2010-03-01,0.1227297726785411
2010-03-02,0.12298532238059445
2010-03-03,0.11511436461687503
2010-03-04,0.11823631750761031
2010-03-05,0.12309264030555477
2010-03-08,0.11859570532336851
2010-03-09,0.11968024744643393
2010-03-10,0.11617814792601695
2010-03-11,0.14067948218621293
2010-03-12,0.14049486641501083
2010-03-15,0.14218441942250967
2010-03-16,0.14558363461397786
2010-03-17,0.14810087428373836
2010-03-18,0.14331887548310682
2010-03-19,0.1420250414067697
2010-03-22,0.14401156239597118
2010-03-23,0.16031077930391527
2010-03-24,0.1649530233441311
2010-03-25,0.16593320601683384
2010-03-26,0.17106943532081384
2010-03-29,0.17130845706008876
2010-03-30,0.17203981854432807
2010-03-31,0.1637474845276329
2010-04-01,0.16296703176625874
2010-04-02,0.16534259957676656
2010-04-05,0.16757002549245892
2010-04-06,0.16807876310638223
2010-04-07,0.1676403510095119
2010-04-08,0.17486478334808006
2010-04-09,0.17787239783824546
2010-04-12,0.17779573706047758
2010-04-13,0.17831159823418044
2010-04-14,0.17815631770215468
2010-04-15,0.1777906951940571
2010-04-16,0.17835675925172478
2010-04-19,0.18383291089812526
2010-04-20,0.18250608927536827
2010-04-21,0.1840784545664674
2010-04-22,0.21319603237784587
2010-04-23,0.2174525114704584
2010-04-26,0.2194361384744384
2010-04-27,0.21931353124236797
2010-04-28,0.2315374920695883
2010-04-29,0.24334886974882838
2010-04-30,0.24458434556445033
2010-05-03,0.2523522632173976
2010-05-04,0.24086844786443223
2010-05-05,0.2441177924553627
2010-05-06,0.2528131827035145
2010-05-07,0.26375934281143143
2010-05-10,0.2628731432155675
2010-05-11,0.27101204395616935
2010-05-12,0.27129069484758
2010-05-13,0.27304205386808045
2010-05-14,0.2740037428273423
2010-05-17,0.259711317534045
2010-05-18,0.2794828960460979
2010-05-19,0.2759633425902083
2010-05-20,0.27545735806876015
2010-05-21,0.26785373947669144
2010-05-24,0.28734152034399085
2010-05-25,0.28874975502213474
2010-05-26,0.28179337268038096
2010-05-27,0.2846362655604179
2010-05-28,0.2806876804660959
2010-05-31,0.2770653974357164
2010-06-01,0.2730061399788683
2010-06-02,0.28318698141919335
2010-06-03,0.2899522685615801
2010-06-04,0.2983393972797921
2010-06-07,0.3049462343726436
2010-06-08,0.30183989577001863
2010-06-09,0.30017373304232875
2010-06-10,0.2960228951708325
2010-06-11,0.2937133616023321
2010-06-14,0.29704261619043176
2010-06-15,0.2903959615171338
2010-06-16,0.2901774537166334
2010-06-17,0.2944604229911524
2010-06-18,0.29433629525848815
2010-06-21,0.2912031963911443
2010-06-22,0.2997747657962562
2010-06-23,0.3017525828398318
2010-06-24,0.30491809084637717
2010-06-25,0.3109233717939791
2010-06-28,0.3119620365715703
2010-06-29,0.3156750026610149
2010-06-30,0.32173644994088557
2010-07-01,0.3213861916800615
2010-07-02,0.3133908936150025
2010-07-05,0.3148704374610893
2010-07-06,0.31269051578294604
2010-07-07,0.31332250852990284
2010-07-08,0.3231958700957269
2010-07-09,0.32928466854473554
2010-07-12,0.3310734954171245
2010-07-13,0.3319301204925125
2010-07-14,0.3366482658841357
2010-07-15,0.3415566700415616
2010-07-16,0.3415650731614323
2010-07-19,0.34690495774510854
2010-07-20,0.35034682834064573
2010-07-21,0.3486054589162864
2010-07-22,0.34912209169201813
2010-07-23,0.3432505279087314
2010-07-26,0.34428691833113223
2010-07-27,0.3430094427213531
2010-07-28,0.34296531006775177
2010-07-29,0.3422705087517837
2010-07-30,0.33898043102041614
2010-08-02,0.33818233804042785
2010-08-03,0.33437709704720153
2010-08-04,0.3354351910017135
2010-08-05,0.3354708846646301
2010-08-06,0.3367389761890179
2010-08-09,0.3359684419565302
2010-08-10,0.33602893693361047
2010-08-11,0.32735254316437945
2010-08-12,0.33008775795214235
2010-08-13,0.3325702808890692
2010-08-16,0.3331148018648306
2010-08-17,0.33424510724214956
2010-08-18,0.3344720506473656
2010-08-19,0.3271007174619096
2010-08-20,0.3277813459031419
2010-08-23,0.32962989840953477
2010-08-24,0.32849383363120493
2010-08-25,0.3257660139825522
2010-08-26,0.3256912763239648
2010-08-27,0.3156129946709525
2010-08-30,0.3145356663541057
2010-08-31,0.30472475773117974
2010-09-01,0.30417172430841577
2010-09-02,0.3053957562204612
2010-09-03,0.3029090766536661
2010-09-06,0.2988643471806827
2010-09-07,0.28473791918502045
2010-09-08,0.28512460028342324
2010-09-09,0.28406460895080676
2010-09-10,0.27677897081990416
2010-09-13,0.2791910088205885
2010-09-14,0.2727779153567636
2010-09-15,0.26145620713312556
2010-09-16,0.26079245687348884
2010-09-17,0.26000948989015205
2010-09-20,0.25872641840549254
2010-09-21,0.2607454189184572
2010-09-22,0.26269247659912665
2010-09-23,0.26021614304503193
2010-09-24,0.2580347928127514
2010-09-27,0.2541679183718294
2010-09-28,0.24996971917379046
2010-09-29,0.24907756569548536
2010-09-30,0.22659696917176628
2010-10-01,0.22362523093885162
2010-10-04,0.22259433659231448
2010-10-05,0.2204401900094498
2010-10-06,0.21763552892655788
2010-10-07,0.21616487130633036
2010-10-08,0.21471507663829562
2010-10-11,0.21548370002493947
2010-10-12,0.21526736381029937
2010-10-13,0.21709853888922614
2010-10-14,0.20696543978612236
2010-10-15,0.18775956330505095
2010-10-18,0.1639747202961979
2010-10-19,0.17134326343387127
2010-10-20,0.1653323830646544
2010-10-21,0.16257579103597905
2010-10-22,0.15988166523748007
2010-10-25,0.16044496656882395
2010-10-26,0.16096880400316096
2010-10-27,0.15986444150464685
2010-10-28,0.15890875902608864
2010-10-29,0.15733579270701623
2010-11-01,0.1577334087483946
2010-11-02,0.1527516457783943
2010-11-03,0.1525144392149694
2010-11-04,0.15943454519227981
2010-11-05,0.15692809518112122
2010-11-08,0.15417133000072228
2010-11-09,0.15757742823155718
2010-11-10,0.15864466102369476
2010-11-11,0.15959739944879628
2010-11-12,0.1548241105712635
2010-11-15,0.15468010424240972
2010-11-16,0.1527755540502248
2010-11-17,0.14252445103359793
2010-11-18,0.1430631680425758
2010-11-19,0.1424352851254561
2010-11-22,0.1418384905173179
2010-11-23,0.1412355323758222
2010-11-24,0.13878045666565417
2010-11-25,0.14551489197269285
2010-11-26,0.14298761908763422
2010-11-29,0.13654392195337609
2010-11-30,0.13381107731128833
2010-12-01,0.13549853226031855
2010-12-02,0.15206693401477614
2010-12-03,0.15261209876446793
2010-12-06,0.15255872700824885
2010-12-07,0.1559804496044708
2010-12-08,0.15810521114766518
2010-12-09,0.15830464499295233
2010-12-10,0.15650101775305722
2010-12-13,0.14970219473880464
2010-12-14,0.14684794421651196
2010-12-15,0.1467018557532213
2010-12-16,0.1413411809996353
2010-12-17,0.14274873289474826
2010-12-20,0.1420673729959735
2010-12-21,0.1420153890436055
2010-12-22,0.14206516412323578
2010-12-23,0.1396097502997347
2010-12-24,0.13016663865911657
2010-12-27,0.13046939744090744
2010-12-28,0.13278032923255007
2010-12-29,0.13251213987445198
2010-12-30,0.13250308143189876
2010-12-31,0.1300640652366499
2011-01-03,0.1296627282317869
2011-01-04,0.12881265092754082
2011-01-05,-0.0015452678044033934
2011-01-06,-0.012033271859565792
2011-01-07,-0.011214186935057928
2011-01-10,-0.010544586689414624
2011-01-11,-0.007446569729638885
2011-01-12,-0.007334326620074864
2011-01-13,-0.004453057813629445
2011-01-14,-0.0038400755133449135
2011-01-17,-0.004520393022527101
2011-01-18,-0.0106987279182978
2011-01-19,-0.01656599095655985
2011-01-20,-0.02084819866078911
2011-01-21,-0.02083482206366809
2011-01-24,-0.02721083857786861
2011-01-25,-0.017761295235661338
2011-01-26,-0.01601056343922208
2011-01-27,-0.015167627291649242
2011-01-28,-0.01467770854074153
2011-01-31,0.0334463468315922
2011-02-01,0.03269514949130416
2011-02-02,0.0407634469697347
2011-02-03,0.039986449170721444
2011-02-04,0.034942414984071905
2011-02-07,0.02810359209053553
2011-02-08,0.02621855322710416
2011-02-09,0.026204408674801543
2011-02-10,0.029547870128778464
2011-02-11,0.026936162427943364
2011-02-14,0.02791255738043682
2011-02-15,0.03171818261515233
2011-02-16,0.030362375793991158
2011-02-17,0.030300517713212374
2011-02-18,0.02689336961906809
2011-02-21,0.02793868363857
2011-02-22,0.025401956230086856
2011-02-23,0.02785728441153341
2011-02-24,0.02910361183927452
2011-02-25,0.03122808968936655
2011-02-28,0.049826679394333585
2011-03-01,0.04949635628509934
2011-03-02,0.04550657912282491
2011-03-03,0.04738675782582798
2011-03-04,0.04568924969408641
2011-03-07,0.03842086496924127
2011-03-08,0.042653884426237576
2011-03-09,0.042347369957785076
2011-03-10,0.04184947888674305
2011-03-11,0.04114269999700888
2011-03-14,0.039716160809959954
2011-03-15,0.039066960781866424
2011-03-16,0.03785239566271439
2011-03-17,0.0371303120375085
2011-03-18,0.04329674864881252
2011-03-21,0.04277501191725928
2011-03-22,0.04466779359313836
2011-03-23,0.042444865535289276
2011-03-24,0.04381985507323532
2011-03-25,0.045041016280347054
2011-03-28,0.044700736265682786
2011-03-29,0.04231449484349889
2011-03-30,0.0425875728695997
2011-03-31,0.05236682021181012
2011-04-01,0.048590454742490775
2011-04-04,0.050766687124346906
2011-04-05,0.0506449951354388
2011-04-06,0.047265072373276804
2011-04-07,0.049147588971044834
2011-04-08,0.04540469507828055
2011-04-11,0.04591885234985421
2011-04-12,0.04555836406702458
2011-04-13,0.0471662557204097
2011-04-14,0.047749042209023033
2011-04-15,0.04322323725230148
2011-04-18,0.04476713583928804
2011-04-19,0.04167957423938229
2011-04-20,0.039944244247610006
2011-04-21,0.04137725331179925
2011-04-22,0.03966490996446289
2011-04-25,0.03990492864681445
2011-04-26,0.03563071335356424
2011-04-27,0.03560641987423266
2011-04-28,0.022442190121397008
2011-04-29,0.022633525899873583
2011-05-02,0.02050365319082593
2011-05-03,0.01987848595204853
2011-05-04,0.04233297320126265
2011-05-05,0.049558159943372225
2011-05-06,0.04771183707956107
2011-05-09,0.04453959338794641
2011-05-10,0.044428753279119416
2011-05-11,0.03641554542938237
2011-05-12,0.035143988562497376
2011-05-13,0.042736433572957234
2011-05-16,0.04770432739523661
2011-05-17,0.049015068551832915
2011-05-18,0.04949317999987408
2011-05-19,0.050905340297504556
2011-05-20,0.04926139847736174
2011-05-23,0.04649341728791165
2011-05-24,0.0477388288826487
2011-05-25,0.0481691309620322
2011-05-26,0.04691178311013579
2011-05-27,0.04417505109558175
2011-05-30,0.0445427508886464
2011-05-31,0.0426635666816203
2011-06-01,0.04374018841849227
2011-06-02,0.0465843604246853
2011-06-03,0.04561583434883346
2011-06-06,0.045427093487466395
2011-06-07,0.05016147506758289
2011-06-08,0.050391806721949074
2011-06-09,0.05174620847284027
2011-06-10,0.05114851539288054
2011-06-13,0.07689053358035855
2011-06-14,0.07608299852015679
2011-06-15,0.07281563870895331
2011-06-16,0.07759874061275163
2011-06-17,0.07788561463034663
2011-06-20,0.07824672936883638
2011-06-21,0.07806248060499506
2011-06-22,0.07629543403718925
2011-06-23,0.07616417675829353
2011-06-24,0.07601628994778034
2011-06-27,0.0695412263619955
2011-06-28,0.0660520868342344
2011-06-29,0.06474190889944512
2011-06-30,0.0667414660083835
2011-07-01,0.06224985472686284
2011-07-04,0.06216746320389798
2011-07-05,0.0628861604104433
2011-07-06,0.05890600611202821
2011-07-07,0.05936562434530015
2011-07-08,0.05837672766998752
2011-07-11,0.057670521121765704
2011-07-12,0.05782249731580301
2011-07-13,0.05405500661513989
2011-07-14,0.05400597104602131
2011-07-15,0.05349683862788081
2011-07-18,0.05367687976075816
2011-07-19,0.052507226138027795
2011-07-20,0.051916558620119554
2011-07-21,0.05296315839787902
2011-07-22,0.05194937013091339
2011-07-25,0.05343878860420921
2011-07-26,0.05334695470518251
2011-07-27,0.0551931918769542
2011-07-28,0.06180634614718879
2011-07-29,0.062333509434508445
2011-08-01,0.05831135920499788
2011-08-02,0.059086558705698684
2011-08-03,0.05258029272827165
2011-08-04,0.04899771190114081
2011-08-05,0.0217662087702913
2011-08-08,0.0037538358627107584
2011-08-09,-0.03460434343710787
2011-08-10,-0.0367681388150069
2011-08-11,-0.04826992778806589
2011-08-12,-0.04331826007430021
2011-08-15,-0.042518269628313406
2011-08-16,-0.009768727981062323
2011-08-17,-0.009970190936654709
2011-08-18,-0.008278932127254942
2011-08-19,-0.038275299687190144
2011-08-22,-0.04572323123048685
2011-08-23,-0.04603232208141094
2011-08-24,-0.029387305498876463
2011-08-25,-0.020523987424065304
2011-08-26,-0.025045299745461977
2011-08-29,-0.02242064892204201
2011-08-30,-0.012439568889188228
2011-08-31,0.023644783896595124
2011-09-01,0.014538388488717276
2011-09-02,0.017254939156736215
2011-09-05,0.01286724737444751
2011-09-06,-0.00221457655058739
2011-09-07,-0.007798491005113613
2011-09-08,-0.025235992908982315
2011-09-09,-0.02390370640204168
2011-09-12,-0.016022402043112886
2011-09-13,-0.021452113533748665
2011-09-14,-0.02094565389870604
2011-09-15,-0.021460028668823128
2011-09-16,-0.02857852373604352
2011-09-19,-0.02138652872477537
2011-09-20,-0.020137187098989165
2011-09-21,-0.023511700553412018
2011-09-22,-0.018231835330795584
2011-09-23,-0.08749569521843534
2011-09-26,-0.08729713977513466
2011-09-27,-0.08451138963116316
2011-09-28,-0.09440958402466125
2011-09-29,-0.09531645726224415
2011-09-30,-0.10296997309515045
2011-10-03,-0.09778750040506533
2011-10-04,-0.10062237367067563
2011-10-05,-0.10828061166590457
2011-10-06,-0.11444198327726668
2011-10-07,-0.12899004244085566
2011-10-10,-0.13137726726154475
2011-10-11,-0.13499421243122414
2011-10-12,-0.13930782622256413
2011-10-13,-0.14369781088605452
2011-10-14,-0.14067134479681104
2011-10-17,-0.14177859186045186
2011-10-18,-0.14097609244065723
2011-10-19,-0.14231730507669826
2011-10-20,-0.14275473439477765
2011-10-21,-0.1433468294050147
2011-10-24,-0.14492893238963467
2011-10-25,-0.15227540460200836
2011-10-26,-0.1472187864459393
2011-10-27,-0.14935090617629382
2011-10-28,-0.21147817380099698
2011-10-31,-0.21139742853152943
2011-11-01,-0.21133728184510686
2011-11-02,-0.20984077257880757
2011-11-03,-0.20370469624469761
2011-11-04,-0.20621433712978582
2011-11-07,-0.2045635639112793
2011-11-08,-0.20559999748234983
2011-11-09,-0.2008022473674185
2011-11-10,-0.21025787962863568
2011-11-11,-0.20891050463056365
2011-11-14,-0.216823099592498
2011-11-15,-0.2167357558701843
2011-11-16,-0.21649112993855749
2011-11-17,-0.21945071149001918
2011-11-18,-0.22110348626698953
2011-11-21,-0.22603355724464588
2011-11-22,-0.23077755555213772
2011-11-23,-0.23078986357161324
2011-11-24,-0.2331994529804336
2011-11-25,-0.23308033275354054
2011-11-28,-0.23439113175504
2011-11-29,-0.2374757992108473
2011-11-30,-0.2322918140075967
2011-12-01,-0.23713764248824043
2011-12-02,-0.24053035065447506
2011-12-05,-0.24007455417422943
2011-12-06,-0.23797586733789666
2011-12-07,-0.24009173594523697
2011-12-08,-0.24006787562549634
2011-12-09,-0.2382357662836459
2011-12-12,-0.2379924147181595
2011-12-13,-0.23675116629281598
2011-12-14,-0.23668412071643102
2011-12-15,-0.23756812563302251
2011-12-16,-0.23727445183739165
2011-12-19,-0.23732091360912635
2011-12-20,-0.2380725762637707
2011-12-21,-0.24010160864969668
2011-12-22,-0.24222060865671735
2011-12-23,-0.19313141173928083
2011-12-26,-0.18754110678357364
2011-12-27,-0.18762563504748722
2011-12-28,-0.18749653893416265
2011-12-29,-0.191395826448468
2011-12-30,-0.18784887096728467
2012-01-02,-0.19028396544721496
2012-01-03,-0.1902899128286825
2012-01-04,-0.19001759962233222
2012-01-05,-0.18977205422355006
2012-01-06,-0.19087048676635626
2012-01-09,-0.19163768351404192
2012-01-10,-0.19461949825644279
2012-01-11,-0.1957714626534363
2012-01-12,-0.19598210795544765
2012-01-13,-0.1962317159605628
2012-01-16,-0.19517754723437297
2012-01-17,-0.20107971208882974
2012-01-18,-0.23533677935898736
2012-01-19,-0.23283688629776744
2012-01-20,-0.23654172943321558
2012-01-23,-0.2366030646528726
2012-01-24,-0.2366234452907505
2012-01-25,-0.2360284994691067
2012-01-26,-0.2355462215746631
2012-01-27,-0.2356384552340732
2012-01-30,-0.23974700232577725
2012-01-31,-0.24257913950585228
2012-02-01,-0.24271480881333185
2012-02-02,-0.2425872986984138
2012-02-03,-0.24214534518599748
2012-02-06,-0.24418732592518158
2012-02-07,-0.2448527012847331
2012-02-08,-0.24478423557721948
2012-02-09,-0.24472894580274288
2012-02-10,-0.2468031960288025
2012-02-13,-0.2490912889903701
2012-02-14,-0.24947842057158814
2012-02-15,-0.2694683539070683
2012-02-16,-0.2709420443412011
2012-02-17,-0.26732804855114367
2012-02-20,-0.2686711367525636
2012-02-21,-0.26824506547489324
2012-02-22,-0.26486567692118707
2012-02-23,-0.2670300051597247
2012-02-24,-0.26735919936328423
2012-02-27,-0.2670234827999637
2012-02-28,-0.2687403591654197
2012-02-29,-0.2688056360784079
2012-03-01,-0.269042398793016
2012-03-02,-0.2695683670890605
2012-03-05,-0.26800275935981965
2012-03-06,-0.2779654444999116
2012-03-07,-0.28339689419993414
2012-03-08,-0.28554563781958997
2012-03-09,-0.2848018504108144
2012-03-12,-0.2873753157585087
2012-03-13,-0.28533443705039097
2012-03-14,-0.29130699773999963
2012-03-15,-0.28966739173298783
2012-03-16,-0.29008447035432433
2012-03-19,-0.2985674410163157
2012-03-20,-0.2976704852171198
2012-03-21,-0.2991872016507735
2012-03-22,-0.30088130803894786
2012-03-23,-0.302810516735337
2012-03-26,-0.3052349084440645
2012-03-27,-0.30611627492844934
2012-03-28,-0.3067507093266134
2012-03-29,-0.3060768592610413
2012-03-30,-0.3073323806449502
2012-04-02,-0.30776043078042165
2012-04-03,-0.3062683332669663
2012-04-04,-0.3065804002034725
2012-04-05,-0.30500305956612334
2012-04-06,-0.3051082848577633
2012-04-09,-0.3072272964271775
2012-04-10,-0.3074881050116561
2012-04-11,-0.3075783752582659
2012-04-12,-0.3076845034657848
2012-04-13,-0.30695052983493687
2012-04-16,-0.30783965109468203
2012-04-17,-0.30809734968366936
2012-04-18,-0.3085313290717052
2012-04-19,-0.30806906347854407
2012-04-20,-0.3093546729409901
2012-04-23,-0.31454803800982184
2012-04-24,-0.31529093607477765
2012-04-25,-0.3153234858689611
2012-04-26,-0.3158275677234378
2012-04-27,-0.31575995698954695
2012-04-30,-0.3155257121608577
2012-05-01,-0.31561007916112155
2012-05-02,-0.3203886195415586
2012-05-03,-0.32034223982796434
2012-05-04,-0.3189005310364024
2012-05-07,-0.3207589802456992
2012-05-08,-0.3206030969556017
2012-05-09,-0.321122709495252
2012-05-10,-0.32242085356379957
2012-05-11,-0.3218124783661808
2012-05-14,-0.3217975052025577
2012-05-15,-0.3262848745933157
2012-05-16,-0.3269773557703667
2012-05-17,-0.3271887134923202
2012-05-18,-0.3303393555014076
2012-05-21,-0.33006828812991207
2012-05-22,-0.33018428481729223
2012-05-23,-0.3302254749810867
2012-05-24,-0.3346404143097128
2012-05-25,-0.3344094979539292
2012-05-28,-0.32915811203474526
2012-05-29,-0.33041489022876497
2012-05-30,-0.34737681541966753
2012-05-31,-0.35061988385183196
2012-06-01,-0.34911332838176506
2012-06-04,-0.3517792928410782
2012-06-05,-0.3391635970291869
2012-06-06,-0.3388025813012878
2012-06-07,-0.3444080060465528
2012-06-08,-0.34480330049586194
2012-06-11,-0.3446024309245983
2012-06-12,-0.3451020601406419
2012-06-13,-0.3449411607406815
2012-06-14,-0.3446280026390759
2012-06-15,-0.3459105334625284
2012-06-18,-0.3484884432542767
2012-06-19,-0.3460086134478427
2012-06-20,-0.3475406544185465
2012-06-21,-0.3479969260695134
2012-06-22,-0.34591397649143873
2012-06-25,-0.3461087705069293
2012-06-26,-0.3469260044640248
2012-06-27,-0.3465863609001171
2012-06-28,-0.34406488695874937
2012-06-29,-0.342751296820168
2012-07-02,-0.34291334671329915
2012-07-03,-0.3452331523401242
2012-07-04,-0.34644669987871674
2012-07-05,-0.3468652120544325
2012-07-06,-0.3465748048097716
2012-07-09,-0.34746972182707253
2012-07-10,-0.3463929362978164
2012-07-11,-0.3449445008367553
2012-07-12,-0.3446853498130685
2012-07-13,-0.34687244172343984
2012-07-16,-0.3530917927058793
2012-07-17,-0.35304509039654436
2012-07-18,-0.3526139924659541
2012-07-19,-0.3550853155415932
2012-07-20,-0.35524030625053904
2012-07-23,-0.3551174657498415
2012-07-24,-0.35453005856508096
2012-07-25,-0.34708844967136104
2012-07-26,-0.34048272482158265
2012-07-27,-0.3396788719561148
2012-07-30,-0.3331681822611051
2012-07-31,-0.3403831308349843
2012-08-01,-0.3402870655806405
2012-08-02,-0.3677192479362302
2012-08-03,-0.36843368925235104
2012-08-06,-0.3679104588866445
2012-08-07,-0.3554641098234642
2012-08-08,-0.353394136936384
2012-08-09,-0.35237369157959886
2012-08-10,-0.3671610469974824
2012-08-13,-0.3696605903531324
2012-08-14,-0.3676308918587531
2012-08-15,-0.37015108348025016
2012-08-16,-0.38039954679753435
2012-08-17,-0.4282209694768587
2012-08-20,-0.42219398593328017
2012-08-21,-0.42085842573414384
2012-08-22,-0.41793625063635753
2012-08-23,-0.40963235749851507
2012-08-24,-0.4084204355048694
2012-08-27,-0.3995106569660733
2012-08-28,-0.40215204850816627
2012-08-29,-0.4128011128260355
2012-08-30,-0.41038902522308174
2012-08-31,-0.41258983347328054
2012-09-03,-0.41174546120578437
2012-09-04,-0.407140239031501
2012-09-05,-0.4071425207757916
2012-09-06,-0.4074637667214094
2012-09-07,-0.40626822179737593
2012-09-10,-0.4153295987764923
2012-09-11,-0.36466903797493494
2012-09-12,-0.3643501770487991
2012-09-13,-0.36869098888528334
2012-09-14,-0.3627324711558155
2012-09-17,-0.3626231188458979
2012-09-18,-0.35864593022153785
2012-09-19,-0.3602784038889527
2012-09-20,-0.3554361744665218
2012-09-21,-0.34794856029299404
2012-09-24,-0.34206515649425084
2012-09-25,-0.32833097235224684
2012-09-26,-0.3248982738229044
2012-09-27,-0.3248110430027468
2012-09-28,-0.3151731521890846
2012-10-01,-0.31247518833046284
2012-10-02,-0.3180162940763458
2012-10-03,-0.31807780222272225
2012-10-04,-0.3186893957343631
2012-10-05,-0.31731836307651795
2012-10-08,-0.31692038049849064
2012-10-09,-0.31921977303684473
2012-10-10,-0.31686988360499957
2012-10-11,-0.3127210346849221
2012-10-12,-0.3214646752178426
2012-10-15,-0.31853255869764
2012-10-16,-0.23034978149824467
2012-10-17,-0.23106866624587863
2012-10-18,-0.23265641811527144
2012-10-19,-0.23761587652223326
2012-10-22,-0.2502142692919781
2012-10-23,-0.25189337480196416
2012-10-24,-0.2559307281842666
2012-10-25,-0.2572075132907202
2012-10-26,-0.26771023853994
2012-10-29,-0.24539412602005647
2012-10-30,-0.25071560079393856
2012-10-31,-0.24408963300893108
2012-11-01,-0.24587130146743158
2012-11-02,-0.24451823799157027
2012-11-05,-0.24370499129124587
2012-11-06,-0.23993884381401615
2012-11-07,-0.2400277473539303
2012-11-08,-0.2306862622968751
2012-11-09,-0.23274332919380533
2012-11-12,-0.22607206221387988
2012-11-13,-0.22628313056674268
2012-11-14,-0.22094721764132644
2012-11-15,-0.20760620606392968
2012-11-16,-0.22025760765491875
2012-11-19,-0.20237736076709442
2012-11-20,-0.1958806058432655
2012-11-21,-0.19663451270313406
2012-11-22,-0.20050002547540216
2012-11-23,-0.1926161389708515
2012-11-26,-0.19452877155109338
2012-11-27,-0.20078405779687086
2012-11-28,-0.20151556556494615
2012-11-29,-0.2056860971586441
2012-11-30,-0.20765021186939864
2012-12-03,-0.20460925925782436
2012-12-04,-0.20477451433283939
2012-12-05,-0.20388974117305556
2012-12-06,-0.20508782417977722
2012-12-07,-0.19871123912702496
2012-12-10,-0.19509355220107052
2012-12-11,-0.19414636315637473
2012-12-12,-0.1930573556274679
2012-12-13,-0.1893327327820766
2012-12-14,-0.19070948270512025
2012-12-17,-0.18052963298404726
2012-12-18,-0.1889855139815738
2012-12-19,-0.1880710169782145
2012-12-20,-0.1884161238672109
2012-12-21,-0.18489949423609517
2012-12-24,-0.18633531382262633
2012-12-25,-0.1827082996195955
2012-12-26,-0.18104371879664438
2012-12-27,-0.17847257483362372
2012-12-28,-0.17565085354310656
2012-12-31,-0.17441886694047978
2013-01-01,-0.17356052553283813
2013-01-02,-0.1695712823589928
2013-01-03,-0.1852607410182232
2013-01-04,-0.18324057429872126
2013-01-07,-0.19159954553722724
2013-01-08,-0.18939357272775095
2013-01-09,-0.1868734984723557
2013-01-10,-0.18566684782896714
2013-01-11,-0.1863742321763998
2013-01-14,-0.18810991459464133
2013-01-15,-0.1902660188309375
2013-01-16,-0.18940738769262763
2013-01-17,-0.18502242832362684
2013-01-18,-0.18687153212959887
2013-01-21,-0.1893017201688476
2013-01-22,-0.19078875732867737
2013-01-23,-0.1869368033759474
2013-01-24,-0.1858155205707812
2013-01-25,-0.18511664586000204
2013-01-28,-0.18331274966955916
2013-01-29,-0.18439725351458028
2013-01-30,-0.17875528006397587
2013-01-31,-0.177513280417562
2013-02-01,-0.1783056793435534
2013-02-04,-0.17457146129011214
2013-02-05,-0.18458013433609735
2013-02-06,-0.18918860169625823
2013-02-07,-0.18913766551556965
2013-02-08,-0.19591586780466033
2013-02-11,-0.19351916039085598
2013-02-12,-0.19534124979865658
2013-02-13,-0.19645559636096613
2013-02-14,-0.19423744280537095
2013-02-15,-0.19298736576690614
2013-02-18,-0.19222517203156755
2013-02-19,-0.18980624646726496
2013-02-20,-0.19588588171413104
2013-02-21,-0.18747961250440914
2013-02-22,-0.16709139160224376
2013-02-25,-0.16580140776096502
2013-02-26,-0.1693320886209228
2013-02-27,-0.17165302214734
2013-02-28,-0.1749497906223076
2013-03-01,-0.15192269372393577
2013-03-04,-0.15475845949865824
2013-03-05,-0.15519408423092954
2013-03-06,-0.15696231686367054
2013-03-07,-0.15562802274267357
2013-03-08,-0.15959301291445532
2013-03-11,-0.16516111117602553
2013-03-12,-0.1531416711765073
2013-03-13,-0.14845059793898716
2013-03-14,-0.1431392125664942
2013-03-15,-0.14056151093400632
2013-03-18,-0.14429032051081983
2013-03-19,-0.1479556433857528
2013-03-20,-0.14563227319477057
2013-03-21,-0.150225969336379
2013-03-22,-0.14989964636932568
2013-03-25,-0.1548466522937843
2013-03-26,-0.15365725536245756
2013-03-27,-0.153942888099754
2013-03-28,-0.1523566322064039
2013-03-29,-0.15195808430663685
2013-04-01,-0.15186487528230194
2013-04-02,-0.1527479944693029
2013-04-03,-0.1484833991072023
2013-04-04,-0.14619404632248634
2013-04-05,-0.1455602469460502
2013-04-08,-0.15670556593353915
2013-04-09,-0.15527438135281887
2013-04-10,-0.15357559429995474
2013-04-11,-0.13957714246532874
2013-04-12,-0.1389983423135665
2013-04-15,-0.1498436448395569
2013-04-16,-0.1500955993931872
2013-04-17,-0.15243000322758496
2013-04-18,-0.15608103383024793
2013-04-19,-0.15487054967821104
2013-04-22,-0.15487038243521556
2013-04-23,-0.163530843151494
2013-04-24,-0.1582816079884568
2013-04-25,-0.15883276870388813
2013-04-26,-0.1572342830437067
2013-04-29,-0.1575270529605886
2013-04-30,-0.15993746451988441
2013-05-01,-0.15994804323356276
2013-05-02,-0.1317204602617416
2013-05-03,-0.1238583274797142
2013-05-06,-0.12217101900860239
2013-05-07,-0.1075529550866244
2013-05-08,-0.1120676709693859
2013-05-09,-0.11687135441665598
2013-05-10,-0.11726077316643141
2013-05-13,-0.10869145099701218
2013-05-14,-0.10975619131902783
2013-05-15,-0.12159995672807829
2013-05-16,-0.11167945465971223
2013-05-17,-0.11977407841311338
2013-05-20,-0.10130806631200093
2013-05-21,-0.1023404564417808
2013-05-22,-0.096805921261841
2013-05-23,-0.15463479300825103
2013-05-24,-0.15505955958459267
2013-05-27,-0.11842387271172254
2013-05-28,-0.11988364281248028
2013-05-29,-0.1217717286126719
2013-05-30,-0.12010891419404136
2013-05-31,-0.12078541973620799
2013-06-03,-0.12010784824300967
2013-06-04,-0.10992373232501286
2013-06-05,-0.10644772805259088
2013-06-06,-0.1128267954885898
2013-06-07,-0.10939946176681604
2013-06-10,-0.1120582274949119
2013-06-11,-0.11360229994135465
2013-06-12,-0.10113272681049602
2013-06-13,-0.08977076219610115
2013-06-14,-0.08596214982095801
2013-06-17,-0.0948982262745424
2013-06-18,-0.10059505826725255
2013-06-19,-0.10328441887698131
2013-06-20,-0.07736040803473947
2013-06-21,-0.02849463404572402
2013-06-24,-0.03007515486967887
2013-06-25,-0.014520688010225555
2013-06-26,-0.009993501705199918
2013-06-27,-0.004431861588295305
2013-06-28,-0.0005645463818454086
2013-07-01,0.00053423636685073
2013-07-02,0.009627486576234648
2013-07-03,0.014481593430011352
2013-07-04,0.018885249260326836
2013-07-05,0.01614824590965892
2013-07-08,0.022726668310330028
2013-07-09,0.021968550036273564
2013-07-10,0.02227266676099108
2013-07-11,0.0327818103159999
2013-07-12,0.029381222699296494
2013-07-15,0.025394477652151155
2013-07-16,0.025370600734311948
2013-07-17,0.02007873494330848
2013-07-18,0.015028374177902487
2013-07-19,-0.010864961036275989
2013-07-22,-0.01144378474296516
2013-07-23,-0.007060589302681035
2013-07-24,-0.0024465463600732993
2013-07-25,0.0008554368404064246
2013-07-26,0.0003337382817050012
2013-07-29,-0.0022166185687028843
2013-07-30,-0.0026533515470314787
2013-07-31,-0.0015734972738789487
2013-08-01,-0.0021868342865049815
2013-08-02,-4.589918076896933e-05
2013-08-05,0.0012651655812485102
2013-08-06,-0.0003909674039032771
2013-08-07,8.201719235026111e-05
2013-08-08,-0.002521057663081473
2013-08-09,-0.0038404568821322122
2013-08-12,-0.0041959734764464105
2013-08-13,-0.0063033909919182445
2013-08-14,-0.004859565497191523
2013-08-15,-0.005125532179972472
2013-08-16,0.004953320647920584
2013-08-19,0.007918504285082178
2013-08-20,0.02337607620598449
2013-08-21,0.022393769676918435
2013-08-22,0.025982489663441823
2013-08-23,0.026385785785082713
2013-08-26,0.026001626010808857
2013-08-27,0.03125501129587468
2013-08-28,0.03857085685297677
2013-08-29,0.039091314542007205
2013-08-30,0.040658186811392195
2013-09-02,0.04242820567333474
2013-09-03,0.0420407280604765
2013-09-04,0.04085243322167007
2013-09-05,0.04106389230941635
2013-09-06,0.041084308046661785
2013-09-09,0.06719741312657974
2013-09-10,0.06632200369972627
2013-09-11,0.06654163658097974
2013-09-12,0.06732188053282934
2013-09-13,0.06477272370539688
2013-09-16,0.07260987174803055
2013-09-17,0.062190254208035076
2013-09-18,0.06332336972666663
2013-09-19,0.07175867448526407
2013-09-20,0.07227708350696521
2013-09-23,0.08759558452592461
2013-09-24,0.08513665036898314
2013-09-25,0.08357903982883219
2013-09-26,0.08576772844222677
2013-09-27,0.08366578733472908
2013-09-30,0.0856964535921845
2013-10-01,0.08623192321040973
2013-10-02,0.08506887775032371
2013-10-03,0.08433045084649365
2013-10-04,0.08727525992326164
2013-10-07,0.09152109850440089
2013-10-08,0.09283221945463355
2013-10-09,0.0921847414136728
2013-10-10,0.09299191546450586
2013-10-11,0.09422656883285858
2013-10-14,0.09600503103856525
2013-10-15,0.09476468134859749
2013-10-16,0.09322127959838991
2013-10-17,0.0939668478012324
2013-10-18,0.09183914478637528
2013-10-21,0.11838035991804836
2013-10-22,0.121522649218251
2013-10-23,0.12197064168854395
2013-10-24,0.12321815005466183
2013-10-25,0.12349742557756939
2013-10-28,0.12442132711902294
2013-10-29,0.13342764097174425
2013-10-30,0.13729784663327388
2013-10-31,0.13709131748021205
2013-11-01,0.13756522420129944
2013-11-04,0.1290974146715536
2013-11-05,0.12862917708894125
2013-11-06,0.12860798529305992
2013-11-07,0.13330459554552848
2013-11-08,0.1296523342802468
2013-11-11,0.12640747297122396
2013-11-12,0.12579292768769623
2013-11-13,0.13294066057485177
2013-11-14,0.13247283898833287
2013-11-15,0.13640442233938352
2013-11-18,0.14173510697435693
2013-11-19,0.1441568118067179
2013-11-20,0.14424188859828688
2013-11-21,0.1439878157220441
2013-11-22,0.14149243204042766
2013-11-25,0.14728365855536413
2013-11-26,0.14832286637794434
2013-11-27,0.14994744137859048
2013-11-28,0.14351538223035035
2013-11-29,0.12736677505345864
2013-12-02,0.1262122458191764
2013-12-03,0.12745927833782095
2013-12-04,0.13122254036807052
2013-12-05,0.12912210266279645
2013-12-06,0.13147013141351613
2013-12-09,0.1324898932776752
2013-12-10,0.13023510402354893
2013-12-11,0.13188197552652514
2013-12-12,0.13311086066609792
2013-12-13,0.13941707770896639
2013-12-16,0.13845494255086532
2013-12-17,0.13805501539797593
2013-12-18,0.14017649021520445
2013-12-19,0.14281814315038818
2013-12-20,0.1403195024336545
2013-12-23,0.17532836360467038
2013-12-24,0.17625800549266823
2013-12-25,0.17695660571416438
2013-12-26,0.17536060011724156
2013-12-27,0.17286723529873452
2013-12-30,0.17226542682963084
2013-12-31,0.17239138435694937
2014-01-01,0.17320071193520514
2014-01-02,0.1834641670938714
2014-01-03,0.18330255107106988
2014-01-06,0.1860306604413427
2014-01-07,0.18586086609161118
2014-01-08,0.18634628681218904
2014-01-09,0.1872887847504306
2014-01-10,0.18622409538653922
2014-01-13,0.18591944990175438
2014-01-14,0.18893084804207047
2014-01-15,0.1907444139486628
2014-01-16,0.19177740920009886
2014-01-17,0.19206459378467464
2014-01-20,0.19354086262911027
2014-01-21,0.196272098674715
2014-01-22,0.20151394185847074
2014-01-23,0.1981911342755428
2014-01-24,0.19983091109661874
2014-01-27,0.1939391329258711
2014-01-28,0.18955933690548
2014-01-29,0.18850401514192355
2014-01-30,0.18630591566516894
2014-01-31,0.18031717620439466
2014-02-03,0.17784116532312816
2014-02-04,0.1831486133668946
2014-02-05,0.18292239916256098
2014-02-06,0.18241444166794196
2014-02-07,0.18322271854377717
2014-02-10,0.1857483980713189
2014-02-11,0.19070222194844352
2014-02-12,0.18801694495979301
2014-02-13,0.1848550610966949
2014-02-14,0.1888006384833065
2014-02-17,0.1857050080499345
2014-02-18,0.18614866534838861
2014-02-19,0.18608261375740298
2014-02-20,0.18785419677323698
2014-02-21,0.18832257918691636
2014-02-24,0.18603190392804692
2014-02-25,0.18463291377229946
2014-02-26,0.1861488760050592
2014-02-27,0.18308698272890525
2014-02-28,0.1687114950501886
2014-03-03,0.16811300545682892
2014-03-04,0.16561596757237848
2014-03-05,0.16889467366498948
2014-03-06,0.1755768011198697
2014-03-07,0.17553845067067958
2014-03-10,0.17593474108128215
2014-03-11,0.17657347549036057
2014-03-12,0.1764674679424823
2014-03-13,0.17202433502838013
2014-03-14,0.17071138155108714
2014-03-17,0.16640000490714674
2014-03-18,0.16626390659251084
2014-03-19,0.17230945215271978
2014-03-20,0.17066206892836852
2014-03-21,0.1692345904702099
2014-03-24,0.17161831292885868
2014-03-25,0.17019726648727523
2014-03-26,0.18435601509148264
2014-03-27,0.18671046945223313
2014-03-28,0.18757899273868403
2014-03-31,0.18268095214246707
2014-04-01,0.18274395943988408
2014-04-02,0.2120949592225348
2014-04-03,0.2177739488567874
2014-04-04,0.22064407183838702
2014-04-07,0.22562587525268685
2014-04-08,0.22294847540040516
2014-04-09,0.22667571295832017
2014-04-10,0.23453101290466305
2014-04-11,0.24209234149679335
2014-04-14,0.24652926533528893
2014-04-15,0.25076764199376356
2014-04-16,0.25193775605220303
2014-04-17,0.2545177801745519
2014-04-18,0.254535650237938
2014-04-21,0.2547488884782714
2014-04-22,0.25055814372384144
2014-04-23,0.2559226719614527
2014-04-24,0.25577590965840563
2014-04-25,0.26617567254805313
2014-04-28,0.2754359292919551
2014-04-29,0.27568760973390316
2014-04-30,0.2777506703385643
2014-05-01,0.27810700211466494
2014-05-02,0.2780359461237918
2014-05-05,0.2766270851044973
2014-05-06,0.27689578099021794
2014-05-07,0.2744531622197121
2014-05-08,0.2669237763842925
2014-05-09,0.2576246499083024
2014-05-12,0.2576563114390407
2014-05-13,0.2562667550122249
2014-05-14,0.2559190639945612
2014-05-15,0.2582016119962588
2014-05-16,0.2609464241371942
2014-05-19,0.2604959287887679
2014-05-20,0.2616300569617628
2014-05-21,0.2608486786674541
2014-05-22,0.2593417066977437
2014-05-23,0.26441542551699093
2014-05-26,0.26998642557619074
2014-05-27,0.26844760352748837
2014-05-28,0.271926413991857
2014-05-29,0.2699120550071482
2014-05-30,0.26162668194830707
2014-06-02,0.26416859735671133
2014-06-03,0.2628261271632803
2014-06-04,0.267981448038881
2014-06-05,0.2706812466953702
2014-06-06,0.2773092224652767
2014-06-09,0.2760532965550065
2014-06-10,0.2477144338384386
2014-06-11,0.24889252142849005
2014-06-12,0.23825299554358295
2014-06-13,0.23988355389142144
2014-06-16,0.23521614912871616
2014-06-17,0.22530186827219967
2014-06-18,0.22580530094957926
2014-06-19,0.22624894468075013
2014-06-20,0.22314727424083677
2014-06-23,0.22529559094936513
2014-06-24,0.23092634281540433
2014-06-25,0.2299640362427165
2014-06-26,0.22954044894631184
2014-06-27,0.2284646465874365
2014-06-30,0.22859770657983533
2014-07-01,0.22912703811815185
2014-07-02,0.2349251150091132
2014-07-03,0.23424199108905877
2014-07-04,0.2339352513293108
2014-07-07,0.23753249050015968
2014-07-08,0.27743344798339303
2014-07-09,0.2774163607482509
2014-07-10,0.2823548836064237
2014-07-11,0.28252863533903805
2014-07-14,0.2812757416796634
2014-07-15,0.28399043023651793
2014-07-16,0.2856253985729561
2014-07-17,0.2905438641406327
2014-07-18,0.2895868460822287
2014-07-21,0.2983022031029083
2014-07-22,0.2992867469517929
2014-07-23,0.29793002155151405
2014-07-24,0.29243284139265313
2014-07-25,0.2908491663213768
2014-07-28,0.2920734180885741
2014-07-29,0.29223754283664355
2014-07-30,0.29217948255413556
2014-07-31,0.2987236257320861
2014-08-01,0.3081114190358858
2014-08-04,0.3074538596004964
2014-08-05,0.3042215813642292
2014-08-06,0.30455544040893606
2014-08-07,0.29724394128957315
2014-08-08,0.27182566869859076
2014-08-11,0.26892342592183094
2014-08-12,0.2722258777301383
2014-08-13,0.2741903771469595
2014-08-14,0.2807651062918802
2014-08-15,0.2814441066448016
2014-08-18,0.2860069159241312
2014-08-19,0.2866816318197232
2014-08-20,0.30242382320764866
2014-08-21,0.3104238848038165
2014-08-22,0.2995495241842638
2014-08-25,0.30020341231748277
2014-08-26,0.30244537006966393
2014-08-27,0.3010194633002724
2014-08-28,0.3104373576751111
2014-08-29,0.31409007690397284
2014-09-01,0.31298518925456487
2014-09-02,0.3100590022530542
2014-09-03,0.3099273883248731
2014-09-04,0.30661907524062293
2014-09-05,0.26753943471645375
2014-09-08,0.2890507109305647
2014-09-09,0.2911636136143212
2014-09-10,0.28452817998509944
2014-09-11,0.28638458190881083
2014-09-12,0.2865364802502967
2014-09-15,0.296454647948164
2014-09-16,0.29520401091691556
2014-09-17,0.2950188571755413
2014-09-18,0.2950883907085553
2014-09-19,0.2962166406426082
2014-09-22,0.2973583560691693
2014-09-23,0.2961901023137856
2014-09-24,0.30298609245798996
2014-09-25,0.30141269921779484
2014-09-26,0.3075822531713058
2014-09-29,0.3078555665387657
2014-09-30,0.32051520488151153
2014-10-01,0.32522668575440156
2014-10-02,0.3376283771363874
2014-10-03,0.3433369247216549
2014-10-06,0.33693234448076814
2014-10-07,0.33410836853168485
2014-10-08,0.3307165599418207
2014-10-09,0.3293219229076779
2014-10-10,0.32300029026647037
2014-10-13,0.3195485254050588
2014-10-14,0.32605803349943735
2014-10-15,0.3173398130705429
2014-10-16,0.3098411799882476
2014-10-17,0.30853176952425204
2014-10-20,0.30824981437241256
2014-10-21,0.30850866396864307
2014-10-22,0.3109018309518733
2014-10-23,0.31024549508240024
2014-10-24,0.31103698144311176
2014-10-27,0.3111531220422099
2014-10-28,0.3151028578702688
2014-10-29,0.3142900513724705
2014-10-30,0.3114581959572025
2014-10-31,0.31109919277823167
2014-11-03,0.3125612545585049
2014-11-04,0.30758605726850696
2014-11-05,0.3038702907910534
2014-11-06,0.302744142949647
2014-11-07,0.30333001286770805
2014-11-10,0.30280404354735224
2014-11-11,0.30507543268356846
2014-11-12,0.303731284604589
2014-11-13,0.30335111695849193
2014-11-14,0.3029193049539209
2014-11-17,0.3071212196291859
2014-11-18,0.31845427836108625
2014-11-19,0.31860896307426023
2014-11-20,0.31924267173249665
2014-11-21,0.3185024043904946
2014-11-24,0.3194401191469356
2014-11-25,0.31889695447988475
2014-11-26,0.317813978037211
2014-11-27,0.31931337210014815
2014-11-28,0.3201413889194269
2014-12-01,0.31608780854673135
2014-12-02,0.3138641144614735
2014-12-03,0.3153135554954233
2014-12-04,0.3172990809278037
2014-12-05,0.31644918674037004
2014-12-08,0.3167907294989798
2014-12-09,0.31300979693009695
2014-12-10,0.3186254234382137
2014-12-11,0.3212104120649393
2014-12-12,0.31636028740882943
2014-12-15,0.31700194963089123
2014-12-16,0.32309216424437265
2014-12-17,0.32308470627823205
2014-12-18,0.3238533545560352
2014-12-19,0.3280558577965353
2014-12-22,0.3272879100603048
2014-12-23,0.32727491699597794
2014-12-24,0.32623481800208526
2014-12-25,0.32634430648121915
2014-12-26,0.32551311205428796
2014-12-29,0.3250561738336414
2014-12-30,0.3250637618438052
2014-12-31,0.32268012144273445
2015-01-01,0.320727737180975
2015-01-02,0.3202848716158196
2015-01-05,0.31842104619710654
2015-01-06,0.3195069031704572
2015-01-07,0.3155853906564863
2015-01-08,0.31400998602780594
2015-01-09,0.3152835248571902
2015-01-12,0.3158755579040866
2015-01-13,0.31516090219580273
2015-01-14,0.3230955148867917
2015-01-15,0.3332361469276707
2015-01-16,0.33284804299522924
2015-01-19,0.3405008178814194
2015-01-20,0.3456250279238577
2015-01-21,0.3466168357576662
2015-01-22,0.3423856071353525
2015-01-23,0.34839668847077154
2015-01-26,0.34920759135059415
2015-01-27,0.34875594325799386
2015-01-28,0.34491188994735017
2015-01-29,0.3472977136897345
2015-01-30,0.3530111951418351
2015-02-02,0.3532454650653063
2015-02-03,0.35902064537534495
2015-02-04,0.3593490549512958
2015-02-05,0.3596024843761862
2015-02-06,0.35949261735218385
2015-02-09,0.35612271967606907
2015-02-10,0.35630192113146525
2015-02-11,0.3584753018205877
2015-02-12,0.3591454806166094
2015-02-13,0.36268151150763994
2015-02-16,0.3654684148108686
2015-02-17,0.3763083917398302
2015-02-18,0.3759392692910458
2015-02-19,0.3797786072574341
2015-02-20,0.3794094097620756
2015-02-23,0.37836684454968134
2015-02-24,0.37737388269659167
2015-02-25,0.3783581925826539
2015-02-26,0.3779568570823668
2015-02-27,0.3785755176876475
2015-03-02,0.3811894767594177
2015-03-03,0.38444550037498254
2015-03-04,0.38872936633989225
2015-03-05,0.38907280476772743
2015-03-06,0.3858085363739615
2015-03-09,0.3854873720446496
2015-03-10,0.38749595741136666
2015-03-11,0.3873107697980577
2015-03-12,0.3887049588009231
2015-03-13,0.38952215998174283
2015-03-16,0.3880466658650578
2015-03-17,0.3850340200392924
2015-03-18,0.3859539573691082
2015-03-19,0.3766070924373084
2015-03-20,0.3773234451850476
2015-03-23,0.3773498791213491
2015-03-24,0.3887340726798192
2015-03-25,0.39198160367695656
2015-03-26,0.3978805917040354
2015-03-27,0.39918201889721583
2015-03-30,0.3952017288222044
2015-03-31,0.394851082980366
2015-04-01,0.3954004853862859
2015-04-02,0.3962325795096291
2015-04-03,0.3958656258779151
2015-04-06,0.3945864132769897
2015-04-07,0.3943817551150107
2015-04-08,0.3942025163718652
2015-04-09,0.37948255131651987
2015-04-10,0.373852164485758
2015-04-13,0.37685877789323086
2015-04-14,0.3745370086087545
2015-04-15,0.38739005614667543
2015-04-16,0.38738846671791466
2015-04-17,0.3889736974281513
2015-04-20,0.398391279934456
2015-04-21,0.396953998630491
2015-04-22,0.3957603423460091
2015-04-23,0.3952380439365545
2015-04-24,0.39577470911106216
2015-04-27,0.3996369032712655
2015-04-28,0.4076258810989181
2015-04-29,0.40956768874060206
2015-04-30,0.41082266896481456
2015-05-01,0.41087594342438666
2015-05-04,0.40974702379422767
2015-05-05,0.4097092166175504
2015-05-06,0.42099069838370007
2015-05-07,0.4292181652824685
2015-05-08,0.4282747176082319
2015-05-11,0.42864048276204375
2015-05-12,0.4267525529329911
2015-05-13,0.4293406953628794
2015-05-14,0.42946709056911425
2015-05-15,0.42352570622459323
2015-05-18,0.42344996077661634
2015-05-19,0.4262571370555555
2015-05-20,0.42499590601414705
2015-05-21,0.4249859776237319
2015-05-22,0.4246835233106405
2015-05-25,0.4247633781335809
2015-05-26,0.42366742734942064
2015-05-27,0.4247518884879724
2015-05-28,0.42618312584268936
2015-05-29,0.42666556782785053
2015-06-01,0.4260539730647627
2015-06-02,0.4257347626582281
2015-06-03,0.4270951107227308
2015-06-04,0.4263211206638142
2015-06-05,0.42664760584502803
2015-06-08,0.42768752248631425
2015-06-09,0.42895208962349274
2015-06-10,0.43394261760221353
2015-06-11,0.4279977922669214
2015-06-12,0.4206907946252508
2015-06-15,0.42269788483746273
2015-06-16,0.42243316702077727
2015-06-17,0.4224570213802843
2015-06-18,0.42167911914693346
2015-06-19,0.42329003844167085
2015-06-22,0.4237706450117917
2015-06-23,0.42461856361075523
2015-06-24,0.4218360434466053
2015-06-25,0.4230691367484562
2015-06-26,0.42463788229844895
2015-06-29,0.42359286424993814
2015-06-30,0.4186065449686655
2015-07-01,0.42257473082694713
2015-07-02,0.42147000273459945
2015-07-03,0.4207708903734196
2015-07-06,0.4180979067159041
2015-07-07,0.41069627380541945
2015-07-08,0.40777803780301597
2015-07-09,0.3971027624594859
2015-07-10,0.3977938441312841
2015-07-13,0.3989431492767537
2015-07-14,0.4045888368367589
2015-07-15,0.39937510012322514
2015-07-16,0.39936150620999694
2015-07-17,0.39971155679369236
2015-07-20,0.3980773941057409
2015-07-21,0.3975759292957934
2015-07-22,0.39848679223056016
2015-07-23,0.39169104162990126
2015-07-24,0.39106736882708854
2015-07-27,0.3948182578247287
2015-07-28,0.40312959284615557
2015-07-29,0.4025998803862693
2015-07-30,0.399782892843206
2015-07-31,0.40041651957916885
2015-08-03,0.39692711379450096
2015-08-04,0.399320600028287
2015-08-05,0.3968367873790456
2015-08-06,0.39614991893708645
2015-08-07,0.3874107488412372
2015-08-10,0.3803851686336581
2015-08-11,0.3886658811637601
2015-08-12,0.3866793615838938
2015-08-13,0.3847509479743329
2015-08-14,0.3846791466767749
2015-08-17,0.38451476338366863
2015-08-18,0.38415284952393836
2015-08-19,0.3860420759651182
2015-08-20,0.38645504490194144
2015-08-21,0.3859456320442786
2015-08-24,0.3787860173990631
2015-08-25,0.39509657473134546
2015-08-26,0.4004990382840711
2015-08-27,0.41375875613294677
2015-08-28,0.41429182660222125
2015-08-31,0.4175567239719371
2015-09-01,0.4178048875307276
2015-09-02,0.45419623937599807
2015-09-03,0.4522755307340813
2015-09-04,0.44445547802210006
2015-09-07,0.4461875083684654
2015-09-08,0.4420056474886686
2015-09-09,0.3989860329659021
2015-09-10,0.3990775655153982
2015-09-11,0.3958366095200213
2015-09-14,0.3941644123894791
2015-09-15,0.38845377169632317
2015-09-16,0.3885579891224273
2015-09-17,0.3834368486417663
2015-09-18,0.381246892424773
2015-09-21,0.3786662414184132
2015-09-22,0.3790463041337843
2015-09-23,0.3832169955153594
2015-09-24,0.38342600583713976
2015-09-25,0.3777150130217291
2015-09-28,0.38267944998804027
2015-09-29,0.3857559563615568
2015-09-30,0.36928469874891817
2015-10-01,0.3638380709305519
2015-10-02,0.3738033649954295
2015-10-05,0.3823082719231502
2015-10-06,0.3814835129032312
2015-10-07,0.3821345100690603
2015-10-08,0.3815824522236195
2015-10-09,0.3814141105962461
2015-10-12,0.38550613492515634
2015-10-13,0.3846979078395765
2015-10-14,0.38522366646232264
2015-10-15,0.38861966291935607
2015-10-16,0.388381423466474
2015-10-19,0.3908426670993197
2015-10-20,0.3925286562332481
2015-10-21,0.38787774198280095
2015-10-22,0.39164736376740067
2015-10-23,0.3921521158217179
2015-10-26,0.39485631470008886
2015-10-27,0.39560203449626885
2015-10-28,0.3971038214410939
2015-10-29,0.396519932164261
2015-10-30,0.3963451172425929
2015-11-02,0.39696995890051473
2015-11-03,0.3968765388202195
2015-11-04,0.3959775314809614
2015-11-05,0.39623813983049205
2015-11-06,0.39421553019832434
2015-11-09,0.39219111045274596
2015-11-10,0.3932972576048693
2015-11-11,0.3943286066544374
2015-11-12,0.39426730827538353
2015-11-13,0.39468604368596044
2015-11-16,0.39400299584325815
2015-11-17,0.39766066759620106
2015-11-18,0.4010435562399646
2015-11-19,0.4046917228437189
2015-11-20,0.4043468028203847
2015-11-23,0.40343131576506086
2015-11-24,0.40545339913336986
2015-11-25,0.40792747521887557
2015-11-26,0.41220660716428464
2015-11-27,0.4111190359351982
2015-11-30,0.4105372746440815
2015-12-01,0.4201738763333996
2015-12-02,0.41961396221828656
2015-12-03,0.41660979360356354
2015-12-04,0.4226343867266937
2015-12-07,0.420396572083839
2015-12-08,0.4156027474802454
2015-12-09,0.4154992342538692
2015-12-10,0.41666643350792043
2015-12-11,0.41725982978512277
2015-12-14,0.4232234225677954
2015-12-15,0.423429606058046
2015-12-16,0.42310546058076914
2015-12-17,0.420766662231669
2015-12-18,0.4243891452584733
2015-12-21,0.435821234839448
2015-12-22,0.4361347241444959
2015-12-23,0.4374826650572776
2015-12-24,0.4366006933268439
2015-12-25,0.4406981111063066
2015-12-28,0.4407766098697986
2015-12-29,0.43713421961032206
2015-12-30,0.4380693711308033
2015-12-31,0.4389119156369401
2016-01-01,0.4383047151973885
2016-01-04,0.4354748469752542
2016-01-05,0.4278408962575472
2016-01-06,0.4210047216717376
2016-01-07,0.4123034131455821
2016-01-08,0.4034143476578899
2016-01-11,0.40349437420283424
2016-01-12,0.39957796819962216
2016-01-13,0.3975420117594317
2016-01-14,0.4048541714673897
2016-01-15,0.4054547310947496
2016-01-18,0.40049498919119275
2016-01-19,0.3951718074665946
2016-01-20,0.39588377651334933
2016-01-21,0.38699040929908746
2016-01-22,0.3819728127624428
2016-01-25,0.37604790350925826
2016-01-26,0.3763694293771665
2016-01-27,0.38290942126888133
2016-01-28,0.3839709622227094
2016-01-29,0.38155998695715937
2016-02-01,0.3942528329419595
2016-02-02,0.39725406039689615
2016-02-03,0.39489333717049885
2016-02-04,0.3930544608347333
2016-02-05,0.39194830106322254
2016-02-08,0.3929554656513497
2016-02-09,0.388559472683982
2016-02-10,0.3875961728041227
2016-02-11,0.38709535987677013
2016-02-12,0.37868508666037703
2016-02-15,0.37900064446651643
2016-02-16,0.37996123108330254
2016-02-17,0.38213130763394193
2016-02-18,0.3849911720736577
2016-02-19,0.3848122901132572
2016-02-22,0.3848828783956257
2016-02-23,0.3843164618162643
2016-02-24,0.383353388439775
2016-02-25,0.3818159909473036
2016-02-26,0.3816811013901357
2016-02-29,0.3808348127717361
2016-03-01,0.38005650084869846
2016-03-02,0.39005541324359816
2016-03-03,0.3882339522351737
2016-03-04,0.3885412511193657
2016-03-07,0.3939601228454866
2016-03-08,0.3930534158088004
2016-03-09,0.3933364090694007
2016-03-10,0.3868629284525236
2016-03-11,0.3851358352559359
2016-03-14,0.4021121272943776
2016-03-15,0.39643431102145965
2016-03-16,0.3940540140712319
2016-03-17,0.39058164571286036
2016-03-18,0.3919986184719906
2016-03-21,0.3926813040632543
2016-03-22,0.39226610740302575
2016-03-23,0.392871396689985
2016-03-24,0.3929190784301995
2016-03-25,0.3928454479417073
2016-03-28,0.4027181657007084
2016-03-29,0.4040873853759024
2016-03-30,0.4041202153879888
2016-03-31,0.4048970115017789
2016-04-01,0.39682880449702146
2016-04-04,0.39484348978245637
2016-04-05,0.3939803885611812
2016-04-06,0.38663954476603196
2016-04-07,0.3888203877203936
2016-04-08,0.38899614909668817
2016-04-11,0.3874375358746105
2016-04-12,0.38762585141149697
2016-04-13,0.38850692162954786
2016-04-14,0.39064169897652207
2016-04-15,0.3893132009098416
2016-04-18,0.3887352699190534
2016-04-19,0.38924948937191034
2016-04-20,0.3894033439568099
2016-04-21,0.38900659924114833
2016-04-22,0.38050714727655205
2016-04-25,0.37361368079405893
2016-04-26,0.3752729449813591
2016-04-27,0.3743158560566937
2016-04-28,0.37436030839477896
2016-04-29,0.38290187204164045
2016-05-02,0.3855938467031165
2016-05-03,0.3944227517979223
2016-05-04,0.3943580747753427
2016-05-05,0.39401197696152745
2016-05-06,0.3952279095323887
2016-05-09,0.3951017995188141
2016-05-10,0.3948072372565737
2016-05-11,0.39874407556114994
2016-05-12,0.398756410436614
2016-05-13,0.39616643771410287
2016-05-16,0.39466287667474803
2016-05-17,0.3952249337033015
2016-05-18,0.3952255015548856
2016-05-19,0.3961935641538048
2016-05-20,0.395267477906973
2016-05-23,0.3954619151539655
2016-05-24,0.39512306890487364
2016-05-25,0.39349430783560035
2016-05-26,0.3929860640770814
2016-05-27,0.3867230165842289
2016-05-30,0.3916633182338855
2016-05-31,0.39668939993379554
2016-06-01,0.39538411915116356
2016-06-02,0.3970797890681139
2016-06-03,0.3973138200398636
2016-06-06,0.39965448383846147
2016-06-07,0.3968927243104705
2016-06-08,0.3967759754070218
2016-06-09,0.3974970917916589
2016-06-10,0.3989373617812444
2016-06-13,0.3973462047386647
2016-06-14,0.395678883558554
2016-06-15,0.3955637028111353
2016-06-16,0.3969471586031854
2016-06-17,0.39223067154592456
2016-06-20,0.39243022749505607
2016-06-21,0.388076194065967
2016-06-22,0.38907347460237335
2016-06-23,0.39685624751805204
2016-06-24,0.39650074561487114
2016-06-27,0.4053740508801918
2016-06-28,0.38805306032757675
2016-06-29,0.3852157499178007
2016-06-30,0.37764049130846694
2016-07-01,0.38897479526498013
2016-07-04,0.39099813133122335
2016-07-05,0.390285733764656
2016-07-06,0.38521262923674005
2016-07-07,0.3832231421970768
2016-07-08,0.3832574889537281
2016-07-11,0.393122962065661
2016-07-12,0.39204232611229556
2016-07-13,0.39230444389659086
2016-07-14,0.3959418092270254
2016-07-15,0.3968209718131533
2016-07-18,0.39711241578227013
2016-07-19,0.394245682095762
2016-07-20,0.3942701831307162
2016-07-21,0.392410717052253
2016-07-22,0.3930154419970874
2016-07-25,0.39204737123088623
2016-07-26,0.3854234668574417
2016-07-27,0.38418018572174484
2016-07-28,0.38494789163969173
2016-07-29,0.3863738869829178
2016-08-01,0.3825242144860111
2016-08-02,0.3812556635638029
2016-08-03,0.38401695259440416
2016-08-04,0.3820484403257112
2016-08-05,0.38141243974947336
2016-08-08,0.3803445056675749
2016-08-09,0.378286290555969
2016-08-10,0.3856407074512791
2016-08-11,0.39884961761914445
2016-08-12,0.39536934137433793
2016-08-15,0.38045108454707427
2016-08-16,0.38629911832224517
2016-08-17,0.3818949448302067
2016-08-18,0.38140856426993774
2016-08-19,0.3421738329741184
2016-08-22,0.3431241216452341
2016-08-23,0.3541716778224727
2016-08-24,0.3538045846299688
2016-08-25,0.35721875488521854
2016-08-26,0.4068787394033539
2016-08-29,0.4044350084882792
2016-08-30,0.4092169887073404
2016-08-31,0.41039179540468324
2016-09-01,0.4165243520632457
2016-09-02,0.4160594069145184
2016-09-05,0.4193709174440063
2016-09-06,0.4189257987978214
2016-09-07,0.412657441254835
2016-09-08,0.4042068340529659
2016-09-09,0.4034921995405583
2016-09-12,0.40580451899772935
2016-09-13,0.4051897197126742
2016-09-14,0.4020447073485555
2016-09-15,0.40179448794147116
2016-09-16,0.4266599100428696
2016-09-19,0.42806893531107304
2016-09-20,0.429285273153827
2016-09-21,0.42679452764694226
2016-09-22,0.4277606928408442
2016-09-23,0.418532336477015
2016-09-26,0.41866267658765005
2016-09-27,0.4167369009800812
2016-09-28,0.4166720391829821
2016-09-29,0.4179921808901452
2016-09-30,0.4154191258005573
2016-10-03,0.4122750331971379
2016-10-04,0.41363600468138567
2016-10-05,0.4080647249425723
2016-10-06,0.40594663105176676
2016-10-07,0.4074991201845643
2016-10-10,0.4058743730968553
2016-10-11,0.40706597540416617
2016-10-12,0.40634738918188945
2016-10-13,0.4061007341277341
2016-10-14,0.4057284658644605
2016-10-17,0.40002255677098714
2016-10-18,0.3993939467352187
2016-10-19,0.39804904079794046
2016-10-20,0.3995740034616297
2016-10-21,0.4010053979341066
2016-10-24,0.4015587548368071
2016-10-25,0.404723595338204
2016-10-26,0.4106804944262639
2016-10-27,0.41282670773253977
2016-10-28,0.41630701927469055
2016-10-31,0.41558957339440394
2016-11-01,0.41556131716282046
2016-11-02,0.4166657347320211
2016-11-03,0.41390737236080016
2016-11-04,0.41020399886517883
2016-11-07,0.4055836077810631
2016-11-08,0.41556103048711274
2016-11-09,0.41566036364964903
2016-11-10,0.41597526562004516
2016-11-11,0.3170154904691624
2016-11-14,0.3175926824624481
2016-11-15,0.26212998222974826
2016-11-16,0.25831619777902326
2016-11-17,0.2626384626875998
2016-11-18,0.2621381903244529
2016-11-21,0.25913443976700334
2016-11-22,0.2537516890483918
2016-11-23,0.25425199453057856
2016-11-24,0.2510017460685836
2016-11-25,0.25239805551207667
2016-11-28,0.24987705390264464
2016-11-29,0.24954157546401504
2016-11-30,0.24071463881910923
2016-12-01,0.24032703966565863
2016-12-02,0.24112545846387648
2016-12-05,0.23807747591602405
2016-12-06,0.23746839177405496
2016-12-07,0.22579730793851968
2016-12-08,0.22487611055832102
2016-12-09,0.22695005993971024
2016-12-12,0.22796670204005157
2016-12-13,0.23250407826815425
2016-12-14,0.2358263859561264
2016-12-15,0.23394574334792662
2016-12-16,0.22989053723459865
2016-12-19,0.23410630016522635
2016-12-20,0.2381466561699863
2016-12-21,0.23734216384436035
2016-12-22,0.24096792172151657
2016-12-23,0.24165537810621965
2016-12-26,0.2478477078684571
2016-12-27,0.25192639171978776
2016-12-28,0.2519591643486982
2016-12-29,0.25014350634654514
2016-12-30,0.24714640841622343
2017-01-02,0.23932522153854893
2017-01-03,0.2438745324560471
2017-01-04,0.2550821427833924
2017-01-05,0.2595041554045301
2017-01-06,0.2582436576928132
2017-01-09,0.26291658741249624
2017-01-10,0.26553621493566176
2017-01-11,0.2689905178513939
2017-01-12,0.27003973975152135
2017-01-13,0.2635715076375596
2017-01-16,0.2629128334913982
2017-01-17,0.2637747624584345
2017-01-18,0.2557015453278621
2017-01-19,0.24914870548964588
2017-01-20,0.251254122102608
2017-01-23,0.25239110032708734
2017-01-24,0.2554116951006568
2017-01-25,0.2547431652267568
2017-01-26,0.25686339578213624
2017-01-27,0.2574486373399371
2017-01-30,0.2574472617486249
2017-01-31,0.26292900255394663
2017-02-01,0.2599656265689673
2017-02-02,0.2613274285560494
2017-02-03,0.25897728311829493
2017-02-06,0.2583924630218392
2017-02-07,0.2588368616449671
2017-02-08,0.26615335433756815
2017-02-09,0.2671328413243859
2017-02-10,0.27005236609849603
2017-02-13,0.2715666716266398
2017-02-14,0.2707289771897122
2017-02-15,0.2702096893326463
2017-02-16,0.2704771554023264
2017-02-17,0.263923334096922
2017-02-20,0.26758657509607375
2017-02-21,0.2685208073732038
2017-02-22,0.2660095998509981
2017-02-23,0.2656063348761489
2017-02-24,0.26488154140977926
2017-02-27,0.2651014561109667
2017-02-28,0.26596277498764
2017-03-01,0.2473571032083774
2017-03-02,0.24833120337503461
2017-03-03,0.2508022587006623
2017-03-06,0.249596980191545
2017-03-07,0.24584815564305382
2017-03-08,0.24313542427921433
2017-03-09,0.24489773515932642
2017-03-10,0.24291223730109182
2017-03-13,0.24009901895297336
2017-03-14,0.2366222139924606
2017-03-15,0.22911734368925896
2017-03-16,0.22552790849444018
2017-03-17,0.21710268194194687
2017-03-20,0.21702461469692705
2017-03-21,0.21886817041915252
2017-03-22,0.22663696672698616
2017-03-23,0.22896372617547547
2017-03-24,0.2310028298372534
2017-03-27,0.22999628842178438
2017-03-28,0.2308681587329562
2017-03-29,0.23315084971972172
2017-03-30,0.23312153471901292
2017-03-31,0.22977711274350276
2017-04-03,0.22402628991224446
2017-04-04,0.22503296852771165
2017-04-05,0.22789775427596948
2017-04-06,0.22790023406274973
2017-04-07,0.2273413234083205
2017-04-10,0.2269201154920525
2017-04-11,0.22549407402854518
2017-04-12,0.2255043885892105
2017-04-13,0.22547524607019462
2017-04-14,0.22571809787426003
2017-04-17,0.22329118381286037
2017-04-18,0.2128670373564472
2017-04-19,0.20889675455736748
2017-04-20,0.2120576578037716
2017-04-21,0.2106604631657582
2017-04-24,0.21075507451627565
2017-04-25,0.19889892709493
2017-04-26,0.18872699399483397
2017-04-27,0.18398714833268928
2017-04-28,0.17883430086798188
2017-05-01,0.1790315919070636
2017-05-02,0.1811305452492624
2017-05-03,0.1833514202734398
2017-05-04,0.18298831615217248
2017-05-05,0.17452647264707288
2017-05-08,0.17210373677332164
2017-05-09,0.17001747164654965
2017-05-10,0.16547634212698978
2017-05-11,0.16538497227745708
2017-05-12,0.1674302383806431
2017-05-15,0.16680752194101992
2017-05-16,0.167305643879351
2017-05-17,0.16659472691953436
2017-05-18,0.15797044511318348
2017-05-19,0.15385059243750843
2017-05-22,0.15140061838004962
2017-05-23,0.1519321184009247
2017-05-24,0.1479719220045205
2017-05-25,0.14921650359311076
2017-05-26,0.15354138298201847
2017-05-29,0.1475634217641929
2017-05-30,0.14722385780667663
2017-05-31,0.14835206747800034
2017-06-01,0.14145000878126524
2017-06-02,0.14230663696219695
2017-06-05,0.14351622858237817
2017-06-06,0.14253639332705875
2017-06-07,0.1417167438468639
2017-06-08,0.144073056706987
2017-06-09,0.14487793918517303
2017-06-12,0.14514909585884458
2017-06-13,0.15003689351599028
2017-06-14,0.15117980109630919
2017-06-15,0.16382979101321138
2017-06-16,0.1638907555853428
2017-06-19,0.16568767214700017
2017-06-20,0.16016752624573138
2017-06-21,0.1601333900514829
2017-06-22,0.163193538545581
2017-06-23,0.1668970499882522
2017-06-26,0.16654886504585772
2017-06-27,0.1655205702609736
2017-06-28,0.16752758775175905
2017-06-29,0.16812655818958358
2017-06-30,0.17138798441879416
2017-07-03,0.17109989558153182
2017-07-04,0.1707210365165849
2017-07-05,0.16997805562188315
2017-07-06,0.1698496904147415
2017-07-07,0.1740373548797931
2017-07-10,0.17288549944355877
2017-07-11,0.17162510265189523
2017-07-12,0.17368933839636327
2017-07-13,0.17984882211092348
2017-07-14,0.17862077391255365
2017-07-17,0.17487213892408016
2017-07-18,0.17448645710082006
2017-07-19,0.17896181796491586
2017-07-20,0.1787759579497835
2017-07-21,0.1766860313795244
2017-07-24,0.17475663989038195
2017-07-25,0.17002371998503799
2017-07-26,0.1705542969544656
2017-07-27,0.17144239692897245
2017-07-28,0.17152258367917367
2017-07-31,0.1778322283671389
2017-08-01,0.18057970188439015
2017-08-02,0.18109186590954984
2017-08-03,0.16861707275932844
2017-08-04,0.17603009708218398
2017-08-07,0.17560161594131524
2017-08-08,0.17373134636149615
2017-08-09,0.17309321179298306
2017-08-10,0.17353461892971703
2017-08-11,0.17461211320816264
2017-08-14,0.16996547096675166
2017-08-15,0.17027712518794147
2017-08-16,0.17472432047760308
2017-08-17,0.17097316626707604
2017-08-18,0.1709452269168231
2017-08-21,0.16849502281464768
2017-08-22,0.1672363000070848
2017-08-23,0.16722693815570192
2017-08-24,0.16609281710747598
2017-08-25,0.16817937312760287
2017-08-28,0.1724281641339422
2017-08-29,0.17674312783010476
2017-08-30,0.1724145221760284
2017-08-31,0.17376310562870922
2017-09-01,0.17334730705675733
2017-09-04,0.172103465132228
2017-09-05,0.17243869208702567
2017-09-06,0.1724931507016943
2017-09-07,0.1719296297110004
2017-09-08,0.1727013685378127
2017-09-11,0.1759750669896983
2017-09-12,0.17799573592234144
2017-09-13,0.17103537760078016
2017-09-14,0.17268885405065634
2017-09-15,0.1712682875090374
2017-09-18,0.1700622690321804
2017-09-19,0.17227919803411385
2017-09-20,0.16873330063765266
2017-09-21,0.169172138517774
2017-09-22,0.17311194007645597
2017-09-25,0.17187947210055624
2017-09-26,0.1718740421646183
2017-09-27,0.17276853989875895
2017-09-28,0.171105645673539
2017-09-29,0.17173861088422304
2017-10-02,0.16191417928249416
2017-10-03,0.1551848644095823
2017-10-04,0.15717254001508973
2017-10-05,0.16195665891065833
2017-10-06,0.16371506282174833
2017-10-09,0.16166280346518905
2017-10-10,0.14454681526203683
2017-10-11,0.14541159991946356
2017-10-12,0.14365162242413226
2017-10-13,0.14286805263809832
2017-10-16,0.14145547943380501
2017-10-17,0.13437598602792475
2017-10-18,0.1338265570988037
2017-10-19,0.13336920228090618
2017-10-20,0.12565361604240768
2017-10-23,0.13230132124234126
2017-10-24,0.13703475030865245
2017-10-25,0.13690047098672697
2017-10-26,0.13106249244208162
2017-10-27,0.13105966272011563
2017-10-30,0.12269011631928314
2017-10-31,0.15978333723273141
2017-11-01,0.14205502494674455
2017-11-02,0.1516171603594747
2017-11-03,0.148320965178482
2017-11-06,0.13586362052844864
2017-11-07,0.14029817402483136
2017-11-08,0.14204260235108263
2017-11-09,0.13668556737200652
2017-11-10,0.13534050210711895
2017-11-13,0.13886532029902474
2017-11-14,0.13651712865604543
2017-11-15,0.13868747827402014
2017-11-16,0.14115955785116402
2017-11-17,0.13524317104258052
2017-11-20,0.13332224375852328
2017-11-21,0.1329300101465028
2017-11-22,0.12672458438961162
2017-11-23,0.12778935987045886
2017-11-24,0.13996853002165036
2017-11-27,0.13993517349019566
2017-11-28,0.13597203217558254
2017-11-29,0.1312033066973412
2017-11-30,0.12442795199005026
2017-12-01,0.12099230446299133
2017-12-04,0.12196837437670434
2017-12-05,0.12559251450492337
2017-12-06,0.11796835191017231
2017-12-07,0.11485311710877728
2017-12-08,0.11652386639131289
2017-12-11,0.11509241095079736
2017-12-12,0.10923831620042457
2017-12-13,0.1072802083730756
2017-12-14,0.1132269027617919
2017-12-15,0.11735330339360137
2017-12-18,0.11718154262808875
2017-12-19,0.12198658253978358
2017-12-20,0.12227899844247649
2017-12-21,0.11473904507156037
2017-12-22,0.09699577704076465
2017-12-25,0.09239587149694024
2017-12-26,0.09536684490998114
2017-12-27,0.08988668277500364
2017-12-28,0.08768625968520993
2017-12-29,0.08997822495911778
2018-01-01,0.08743463432901735
2018-01-02,0.09343843455945057
2018-01-03,0.09256389043479928
2018-01-04,0.09233149300897327
2018-01-05,0.08863743931611082
2018-01-08,0.09611413081063852
2018-01-09,0.09575686489143283
2018-01-10,0.0960639079386178
2018-01-11,0.09248803010309395
2018-01-12,0.09010650636170031
2018-01-15,0.08878317797587364
2018-01-16,0.08826162236347955
2018-01-17,0.08825551758755139
2018-01-18,0.10236390168256758
2018-01-19,0.1063110762290918
2018-01-22,0.10457212368859954
2018-01-23,0.10735128375805572
2018-01-24,0.10919293575812138
2018-01-25,0.10769752307001722
2018-01-26,0.09046124925506163
2018-01-29,0.08986582137187142
2018-01-30,0.08540417552762516
2018-01-31,0.08816235536106609
2018-02-01,0.08803938447466943
2018-02-02,0.09083779171008484
2018-02-05,0.10537617563040841
2018-02-06,0.11804385541795502
2018-02-07,0.10158265936619251
2018-02-08,0.10716252241863512
2018-02-09,0.10151527855321074
2018-02-12,0.10004694479381675
2018-02-13,0.10007768350640829
2018-02-14,0.09815073647622231
2018-02-15,0.10261284737754908
2018-02-16,0.09914937409138402
2018-02-19,0.10047348450935732
2018-02-20,0.10157426866008117
2018-02-21,0.10053527531031406
2018-02-22,0.10138732595706824
2018-02-23,0.10194754960436654
2018-02-26,0.10141057647085051
2018-02-27,0.10249985809997893
2018-02-28,0.11046334275573426
2018-03-01,0.11307210703789092
2018-03-02,0.11901137988545321
2018-03-05,0.12094921859592253
2018-03-06,0.1250664311301242
2018-03-07,0.12342493632161419
2018-03-08,0.12228597314904768
2018-03-09,0.10746035081790595
2018-03-12,0.10172859866410952
2018-03-13,0.1073803512441596
2018-03-14,0.10556823394210944
2018-03-15,0.10260572756674041
2018-03-16,0.09947816447954073
2018-03-19,0.10262446821745126
2018-03-20,0.10377646732212163
2018-03-21,0.10886792153927018
2018-03-22,0.1089613052350818
2018-03-23,0.10437680896960329
2018-03-26,0.0962119232360864
2018-03-27,0.1002101190885438
2018-03-28,0.0995686187270324
2018-03-29,0.09336485221717244
2018-03-30,0.09524005408331739
2018-04-02,0.09879710968888226
2018-04-03,0.09917345059437993
2018-04-04,0.10301151369271873
2018-04-05,0.1007055479706639
2018-04-06,0.10346156511399425
2018-04-09,0.10041221050927539
2018-04-10,0.10092345809876165
2018-04-11,0.10391436821643167
2018-04-12,0.11081743563464051
2018-04-13,0.11986406216033782
2018-04-16,0.12586106030225502
2018-04-17,0.12872821277972332
2018-04-18,0.12961508308670286
2018-04-19,0.12938189639120423
2018-04-20,0.12504288642712158
2018-04-23,0.126446516914284
2018-04-24,0.13453892859195987
2018-04-25,0.13776815363037137
2018-04-26,0.14454987865714278
2018-04-27,0.15235870592984668
2018-04-30,0.1578623360711158
2018-05-01,0.15679848306949568
2018-05-02,0.1638765456358206
2018-05-03,0.16249416712772724
2018-05-04,0.16199389287545818
2018-05-07,0.17425154275762025
2018-05-08,0.17682789949500236
2018-05-09,0.1837968900637132
2018-05-10,0.18512271247622392
2018-05-11,0.18655841962657843
2018-05-14,0.18242958780685248
2018-05-15,0.1780384896451936
2018-05-16,0.18118883488808496
2018-05-17,0.18063987099233747
2018-05-18,0.17838135808091898
2018-05-21,0.18726322167985437
2018-05-22,0.18510097911394421
2018-05-23,0.18948357073247674
2018-05-24,0.19313131436392686
2018-05-25,0.19341070211369127
2018-05-28,0.19369040067603138
2018-05-29,0.19279155045379986
2018-05-30,0.19346527745751044
2018-05-31,0.189057180790918
2018-06-01,0.186284821661612
2018-06-04,0.18867904573590522
2018-06-05,0.19116155384186806
2018-06-06,0.1900198517135458
2018-06-07,0.1928517867425037
2018-06-08,0.19116569849194104
2018-06-11,0.18630855221937764
2018-06-12,0.18486803555766
2018-06-13,0.1848722169075709
2018-06-14,0.18612568710631405
2018-06-15,0.18172184312891498
2018-06-18,0.1814088133996577
2018-06-19,0.1782752159600909
2018-06-20,0.17677905387635498
2018-06-21,0.17631621478082243
2018-06-22,0.17743318027707233
2018-06-25,0.17786509014652063
2018-06-26,0.1769192205227617
2018-06-27,0.17755920043274556
2018-06-28,0.17713857962011365
2018-06-29,0.17436567246001294
2018-07-02,0.17174885374360974
2018-07-03,0.17879088055500644
2018-07-04,0.18345862142270553
2018-07-05,0.1847084421334976
2018-07-06,0.18648689043288705
2018-07-09,0.19150871793096982
2018-07-10,0.1912798444116794
2018-07-11,0.19330708812881164
2018-07-12,0.19662651702368053
2018-07-13,0.19679131346973053
2018-07-16,0.1956242970803225
2018-07-17,0.1961882194784786
2018-07-18,0.19052106698866494
2018-07-19,0.19167590457421932
2018-07-20,0.1925026965015761
2018-07-23,0.19288619498010612
2018-07-24,0.18729510955086445
2018-07-25,0.18831601089083141
2018-07-26,0.19091808990757314
2018-07-27,0.19197791796733357
2018-07-30,0.18942884223039821
2018-07-31,0.18522104562250974
2018-08-01,0.1904353482542235
2018-08-02,0.19015140387354149
2018-08-03,0.18582329641540107
2018-08-06,0.186199126511752
2018-08-07,0.18721301083483288
2018-08-08,0.1864798387920832
2018-08-09,0.1879687066908672
2018-08-10,0.18801987264315345
2018-08-13,0.18826233712518237
2018-08-14,0.18562138719590338
2018-08-15,0.1856279434729991
2018-08-16,0.18018369800853878
2018-08-17,0.18443406486991096
2018-08-20,0.18481409268861984
2018-08-21,0.189011168884527
2018-08-22,0.19105428559220028
2018-08-23,0.19094705606114537
2018-08-24,0.19070927408788804
2018-08-27,0.19098392999898428
2018-08-28,0.1897590463142321
2018-08-29,0.17781564554186297
2018-08-30,0.16576532885425876
2018-08-31,0.17429694826310596
2018-09-03,0.17732788709200592
2018-09-04,0.17969004308074607
2018-09-05,0.18066950579280572
2018-09-06,0.19231873407513397
2018-09-07,0.20035502509817
2018-09-10,0.1969515034190883
2018-09-11,0.19437839481377678
2018-09-12,0.19647709465917154
2018-09-13,0.19607616486714738
2018-09-14,0.1934173785489239
2018-09-17,0.19520681821667593
2018-09-18,0.19527454210578182
2018-09-19,0.20895425248382457
2018-09-20,0.22334823983869992
2018-09-21,0.22510493547764587
2018-09-24,0.2209381517167538
2018-09-25,0.22629451793425134
2018-09-26,0.22385409920476954
2018-09-27,0.26823121740282074
2018-09-28,0.2690538497454063
2018-10-01,0.26578635898364694
2018-10-02,0.2619746577793391
2018-10-03,0.26264094198408805
2018-10-04,0.26254278015853766
2018-10-05,0.26054054683213784
2018-10-08,0.26487364454413587
2018-10-09,0.26839633367184845
2018-10-10,0.2563840845058768
2018-10-11,0.27817625493594567
2018-10-12,0.31955085793344057
2018-10-15,0.320856105587778
2018-10-16,0.3207544616442161
2018-10-17,0.32192296060549436
2018-10-18,0.3084104672035181
2018-10-19,0.3063084021147481
2018-10-22,0.3045857351310768
2018-10-23,0.31058150483424357
2018-10-24,0.3037102333068111
2018-10-25,0.30073355140209374
2018-10-26,0.3007457953303476
2018-10-29,0.30623858832939654
2018-10-30,0.31230141501902525
2018-10-31,0.3098217087238236
2018-11-01,0.30972654013824946
2018-11-02,0.3093720149454461
2018-11-05,0.3452264771751905
2018-11-06,0.33530930014008736
2018-11-07,0.3374556934690156
2018-11-08,0.3362454922502892
2018-11-09,0.35955647330079143
2018-11-12,0.3668329996918389
2018-11-13,0.3604003426653036
2018-11-14,0.358694442274224
2018-11-15,0.3597442708661943
2018-11-16,0.36642259440102076
2018-11-19,0.365192020177134
2018-11-20,0.3654933813415653
2018-11-21,0.35455770617098514
2018-11-22,0.3551682083919961
2018-11-23,0.35599482512775477
2018-11-26,0.35161812252210944
2018-11-27,0.3482564516018238
2018-11-28,0.3541637541121391
2018-11-29,0.36345332258344565
2018-11-30,0.3641866830035827
2018-12-03,0.36255325874245065
2018-12-04,0.3602625076964934
2018-12-05,0.36140999569404336
2018-12-06,0.37189647004854826
2018-12-07,0.3663171129477863
2018-12-10,0.3685394684978501
2018-12-11,0.38207154820152295
2018-12-12,0.3843904149345306
2018-12-13,0.3860075607503592
2018-12-14,0.38889417263600295
2018-12-17,0.39049138843214903
2018-12-18,0.391652173388932
2018-12-19,0.39205868292555135
2018-12-20,0.38932653217727275
2018-12-21,0.3850247637412944
2018-12-24,0.3814959184725581
2018-12-25,0.38591599531031096
2018-12-26,0.38242203465699925
2018-12-27,0.3901475175960977
2018-12-28,0.3941158602418657
2018-12-31,0.40780854595609844
2019-01-01,0.40802009090033825
2019-01-02,0.40868756181741406
2019-01-03,0.409103903386183
2019-01-04,0.40347308241292434
2019-01-07,0.39853782028113083
2019-01-08,0.39517565242670577
2019-01-09,0.3992003291519055
2019-01-10,0.3834835646010137
2019-01-11,0.38025784252640965
2019-01-14,0.3806465818071825
2019-01-15,0.3845488601335113
2019-01-16,0.38572108797417215
2019-01-17,0.39054111332950453
2019-01-18,0.38401897215130404
2019-01-21,0.3808002051802418
2019-01-22,0.37129986240992435
2019-01-23,0.36286051021110743
2019-01-24,0.3504587025524322
2019-01-25,0.3674763824347695
2019-01-28,0.36317425609513815
2019-01-29,0.37225165887796646
2019-01-30,0.37348853160399365
2019-01-31,0.3755104384282765
2019-02-01,0.3704464144923823
2019-02-04,0.36502770719507105
2019-02-05,0.3684957179856871
2019-02-06,0.36941211302078497
2019-02-07,0.3688507851497418
2019-02-08,0.37186515980452245
2019-02-11,0.36944263135175937
2019-02-12,0.37394328463826065
2019-02-13,0.36837699238178206
2019-02-14,0.36700731455469565
2019-02-15,0.36567827395679275
2019-02-18,0.36560093650078046
2019-02-19,0.36620297997869605
2019-02-20,0.3642183324021797
2019-02-21,0.364200176495775
2019-02-22,0.3654673129460575
2019-02-25,0.3660581465551121
2019-02-26,0.37767086401611394
2019-02-27,0.38193764207592557
2019-02-28,0.3789080226896355
2019-03-01,0.3801977350347793
2019-03-04,0.37451095488339947
2019-03-05,0.36967825112802655
2019-03-06,0.3656627495668728
2019-03-07,0.3648810960427694
2019-03-08,0.36048862634235157
2019-03-11,0.3624647633086782
2019-03-12,0.3684537242141254
2019-03-13,0.3761464314318126
2019-03-14,0.37273639759986016
2019-03-15,0.3747910307684148
2019-03-18,0.38597154013210677
2019-03-19,0.3867527295051765
2019-03-20,0.3824990087142801
2019-03-21,0.3787901783745565
2019-03-22,0.3690385053356302
2019-03-25,0.370530237644583
2019-03-26,0.3653105203918289
2019-03-27,0.36331712201974553
2019-03-28,0.36217944925375173
2019-03-29,0.35996419571049576
2019-04-01,0.3590839460906373
2019-04-02,0.3573123699844096
2019-04-03,0.35661760201722603
2019-04-04,0.3554926919837928
2019-04-05,0.3547853644813571
2019-04-08,0.35508188630363996
2019-04-09,0.35176401582008204
2019-04-10,0.3431269033874759
2019-04-11,0.34406145754919426
2019-04-12,0.34505013275446533
2019-04-15,0.3457626257705778
2019-04-16,0.3444745751886437
2019-04-17,0.33717719614792085
2019-04-18,0.336135224617118
2019-04-19,0.3307522158330075
2019-04-22,0.32975391546422866
2019-04-23,0.3295278417052871
2019-04-24,0.3282447796099243
2019-04-25,0.33121929419742485
2019-04-26,0.32423821409462633
2019-04-29,0.32517320710519476
2019-04-30,0.3182238641768183
2019-05-01,0.31959741362608407
2019-05-02,0.3206766307798907
2019-05-03,0.3216107209625297
2019-05-06,0.32211975875242416
2019-05-07,0.32273642902904587
2019-05-08,0.3273808551230736
2019-05-09,0.3290673244504372
2019-05-10,0.32150951801148997
2019-05-13,0.3164828795414804
2019-05-14,0.31098235836108296
2019-05-15,0.30998756022802854
2019-05-16,0.30964600389156083
2019-05-17,0.3060821676671386
2019-05-20,0.30613145438376893
2019-05-21,0.307805745796741
2019-05-22,0.30736819787053016
2019-05-23,0.30525081012488686
2019-05-24,0.29338814498852755
2019-05-27,0.28946930291468403
2019-05-28,0.2899521465271948
2019-05-29,0.3023656294389409
2019-05-30,0.303188415552453
2019-05-31,0.3012124421195845
2019-06-03,0.2999786214105939
2019-06-04,0.2981976598526206
2019-06-05,0.2975534619557476
2019-06-06,0.2860540320461841
2019-06-07,0.2859484765876502
2019-06-10,0.29089178272582633
2019-06-11,0.33253835662883446
2019-06-12,0.3346788460213403
2019-06-13,0.33122427171915203
2019-06-14,0.33002111264899336
2019-06-17,0.33205224626378904
2019-06-18,0.3321584164842455
2019-06-19,0.3341840212457232
2019-06-20,0.3338154586715923
2019-06-21,0.3296897670125767
2019-06-24,0.3302668333294656
2019-06-25,0.3300205968542135
2019-06-26,0.3354813703851092
2019-06-27,0.32414934939835854
2019-06-28,0.3238718965134421
2019-07-01,0.32464857682242415
2019-07-02,0.32030359992826957
2019-07-03,0.321714101556899
2019-07-04,0.3219431788673914
2019-07-05,0.32533653659669914
2019-07-08,0.31462322271818893
2019-07-09,0.3141215886952291
2019-07-10,0.31377597258103185
2019-07-11,0.3127046014561692
2019-07-12,0.312726087480504
2019-07-15,0.31269153917860926
2019-07-16,0.31249851909953297
2019-07-17,0.31095239362862426
2019-07-18,0.3085829074923042
2019-07-19,0.3084304369290967
2019-07-22,0.30898082038424357
2019-07-23,0.30939292029105736
2019-07-24,0.3139184108082126
2019-07-25,0.3141649075480978
2019-07-26,0.314170126106171
2019-07-29,0.3154686531946733
2019-07-30,0.3149052663391398
2019-07-31,0.3160072534425283
2019-08-01,0.3100401272825825
2019-08-02,0.30908154271356825
2019-08-05,0.29505529474839753
2019-08-06,0.258598565335965
2019-08-07,0.2565782463066637
2019-08-08,0.25718854161611165
2019-08-09,0.2533463205070555
2019-08-12,0.25285859148107365
2019-08-13,0.2526450402106286
2019-08-14,0.2564909490939401
2019-08-15,0.25652526454866165
2019-08-16,0.2548174833054
2019-08-19,0.2714721143419256
2019-08-20,0.27348584027334927
2019-08-21,0.27269520920936346
2019-08-22,0.27436607526759227
2019-08-23,0.2738690766503502
2019-08-26,0.2639884507029656
2019-08-27,0.26023409798747754
2019-08-28,0.2635103882606051
2019-08-29,0.2657111604974705
2019-08-30,0.26416421399814766
2019-09-02,0.2555952224002275
2019-09-03,0.25461741522413583
2019-09-04,0.24987620867193444
2019-09-05,0.26655475643610677
2019-09-06,0.2624957806681007
2019-09-09,0.2636386157341056
2019-09-10,0.2565165168284884
2019-09-11,0.25467726232681276
2019-09-12,0.23274554839956818
2019-09-13,0.235222455152405
2019-09-16,0.22942211572799961
2019-09-17,0.22914119146733727
2019-09-18,0.2298619917020271
2019-09-19,0.2308333688102621
2019-09-20,0.23073017236170779
2019-09-23,0.23035117554996593
2019-09-24,0.23418146696049869
2019-09-25,0.22885037564181723
2019-09-26,0.22940830682232893
2019-09-27,0.22563719072804883
2019-09-30,0.21192429240502814
2019-10-01,0.17992313464915444
2019-10-02,0.18273298361645823
2019-10-03,0.17621998279049533
2019-10-04,0.15871412776713442
2019-10-07,0.15968369052687567
2019-10-08,0.15931589187176726
2019-10-09,0.15899574516012707
2019-10-10,0.16279280509874638
2019-10-11,0.16554150432374723
2019-10-14,0.15374669890962778
2019-10-15,0.1533685284119581
2019-10-16,0.14887572112623212
2019-10-17,0.13645624727417582
2019-10-18,0.14171559063392217
2019-10-21,0.14881946400815063
2019-10-22,0.11976574216382044
2019-10-23,0.07346067374679191
2019-10-24,0.0840550152276014
2019-10-25,0.08199488696625047
2019-10-28,0.0810183171071068
2019-10-29,0.07105075604157393
2019-10-30,0.06937258871427796
2019-10-31,0.06914247518671644
2019-11-01,0.07011921899644476
2019-11-04,0.05196249333773769
2019-11-05,0.030535546379616287
2019-11-06,0.022003868064195412
2019-11-07,0.017756679065371376
2019-11-08,0.019755088317024872
2019-11-11,0.02472475196181986
2019-11-12,0.022566703886571494
2019-11-13,-0.09064438132514341
2019-11-14,-0.09066607193481653
2019-11-15,-0.11924868640695187
2019-11-18,-0.132076294037981
2019-11-19,-0.14193597160436433
2019-11-20,-0.13814902518550895
2019-11-21,-0.14696455193807384
2019-11-22,-0.14769420102082248
2019-11-25,-0.14779841062430338
2019-11-26,-0.1486120894109423
2019-11-27,-0.1503151638497812
2019-11-28,-0.15312290691671043
2019-11-29,-0.15747175329714033
2019-12-02,-0.1407629751199169
2019-12-03,-0.12872352009712784
2019-12-04,-0.12521140422122667
2019-12-05,-0.126771289139529
2019-12-06,-0.12292251845874735
2019-12-09,-0.1226743488272721
2019-12-10,-0.12165678322256933
2019-12-11,-0.11937773915215738
2019-12-12,-0.11965811469773378
2019-12-13,-0.11826086736748416
2019-12-16,-0.11297054282118277
2019-12-17,-0.11540829236598654
2019-12-18,-0.12501005143038812
2019-12-19,-0.12468122215798036
2019-12-20,-0.12467968264918433
2019-12-23,-0.12427535859717072
2019-12-24,-0.12439021552434183
2019-12-25,-0.1255971470828528
2019-12-26,-0.12466342268794013
2019-12-27,-0.12658411314372472
2019-12-30,-0.12474443376695278
2019-12-31,-0.12476429432315825
2020-01-01,-0.12472443998745295
2020-01-02,-0.12492486620336794
2020-01-03,-0.11351320727922373
2020-01-06,-0.11301752753731117
2020-01-07,-0.11040887868891346
2020-01-08,-0.1100016469947756
2020-01-09,-0.10687105004006149
2020-01-10,-0.10987315138058411
2020-01-13,-0.11398191140735014
2020-01-14,-0.11170227992184577
2020-01-15,-0.11210364304322015
2020-01-16,-0.1126872208516053
2020-01-17,-0.11153721005083772
2020-01-20,-0.111330492702413
2020-01-21,-0.11169171787115945
2020-01-22,-0.10648724786738571
2020-01-23,-0.10727598942499274
2020-01-24,-0.10421555383679428
2020-01-27,-0.1050601923918019
2020-01-28,-0.10697209160253254
2020-01-29,-0.10608950970401773
2020-01-30,-0.10708355853831536
2020-01-31,-0.10679126817803573
2020-02-03,-0.10579686140431574
2020-02-04,-0.10427886256309125
2020-02-05,-0.10388450150984588
2020-02-06,-0.10430448521723217
2020-02-07,-0.1035646839931555
2020-02-10,-0.10313790812004901
2020-02-11,-0.1027208460245415
2020-02-12,-0.10426287265244435
2020-02-13,-0.10435743574594436
2020-02-14,-0.1057344661611724
2020-02-17,-0.10568866373304558
2020-02-18,-0.10601476910309472
2020-02-19,-0.10270784227868757
2020-02-20,-0.10398918238205154
2020-02-21,-0.10637403249798522
2020-02-24,-0.10499040524290607
2020-02-25,-0.11031021598660992
2020-02-26,-0.11170496836098497
2020-02-27,-0.10871408745103416
2020-02-28,-0.08600370502610417
2020-03-02,-0.0773876883029686
2020-03-03,-0.0705433500756597
2020-03-04,-0.07427486731411034
2020-03-05,-0.05108086150226255
2020-03-06,-0.05134884937832195
2020-03-09,-0.05793427051062358
2020-03-10,-0.06631843168692524
2020-03-11,-0.0683547811881551
2020-03-12,-0.06391367663791654
2020-03-13,0.0896266038590345
2020-03-16,0.09049182039623042
2020-03-17,0.03695820930942895
2020-03-18,0.03655880272255148
2020-03-19,0.11347569614345662
2020-03-20,0.1175051197661427
2020-03-23,0.11795753703469038
2020-03-24,0.1359173559583871
2020-03-25,0.13011269281300167
2020-03-26,0.14177190287830635
2020-03-27,0.15090862795115398
2020-03-30,0.15168352643877783
2020-03-31,0.15250168192779212
2020-04-01,0.15420587191250776
2020-04-02,0.1463094970350025
2020-04-03,0.14720034970446308
2020-04-06,0.14748473568641093
2020-04-07,0.14934584223592726
2020-04-08,0.14935699808028255
2020-04-09,0.15540244498174907
2020-04-10,0.15536051111056068
2020-04-13,0.1554095992412078
2020-04-14,0.15636811022845684
2020-04-15,0.15748391367506545
2020-04-16,0.15752787885065012
2020-04-17,0.15771339476977414
2020-04-20,0.16012958455528759
2020-04-21,0.15985554089800258
2020-04-22,0.15967315096923188
2020-04-23,0.16023056934697896
2020-04-24,0.16045111859886224
2020-04-27,0.15961236355009784
2020-04-28,0.16262145335562833
2020-04-29,0.1630699281785681
2020-04-30,0.16381561625180205
2020-05-01,0.16388610191994782
2020-05-04,0.15960934111434677
2020-05-05,0.15932072067880224
2020-05-06,0.15986032336956027
2020-05-07,0.16022139570045804
2020-05-08,0.16052227191695798
2020-05-11,0.16028439994575586
2020-05-12,0.1591941844610875
2020-05-13,0.15654679956737708
2020-05-14,0.1558039615456776
2020-05-15,0.15465987088155364
2020-05-18,0.15464196205674488
2020-05-19,0.1609643044862374
2020-05-20,0.16092962609092287
2020-05-21,0.16100998660511315
2020-05-22,0.15885431309115264
2020-05-25,0.15744558721349358
2020-05-26,0.1579641976944768
2020-05-27,0.15336234172652147
2020-05-28,0.12893516438688302
2020-05-29,0.12570104199888485
2020-06-01,0.12496210098334336
2020-06-02,0.125049295456061
2020-06-03,0.12374748594680557
2020-06-04,0.12255969802272935
2020-06-05,0.1184454409876547
2020-06-08,0.11498250800081203
2020-06-09,0.10989363060313022
2020-06-10,0.10977001128047092
2020-06-11,0.10496181370735504
2020-06-12,0.10437128940862517
2020-06-15,0.10431195194736502
2020-06-16,0.10435637561334629
2020-06-17,0.10476696664517261
2020-06-18,0.10937933403569858
2020-06-19,0.11581649399657128
2020-06-22,0.11888477869537505
2020-06-23,0.11875439560736688
2020-06-24,0.11988267683344199
2020-06-25,0.12011591813252029
2020-06-26,0.11943130935844912
2020-06-29,0.11937041342920802
2020-06-30,0.11960853408372252
2020-07-01,0.118508061049136
2020-07-02,0.11876220416035083
2020-07-03,0.11854187858223063
2020-07-06,0.11860745876484315
2020-07-07,0.12156808612547697
2020-07-08,0.1196953267491113
2020-07-09,0.11846922734563384
2020-07-10,0.12147822888497095
2020-07-13,0.12036140810688949
2020-07-14,0.12054347114690726
2020-07-15,0.12043076161875638
2020-07-16,0.12048012033313175
2020-07-17,0.12141500593790058
2020-07-20,0.12122994467813011
2020-07-21,0.12127054691819551
2020-07-22,0.12270926079259963
2020-07-23,0.12561757468159343
2020-07-24,0.12139858796741254
2020-07-27,0.12030215209406114
2020-07-28,0.11889015420256899
2020-07-29,0.11893668450500701
2020-07-30,0.11905857585215619
2020-07-31,0.12006972579764104
2020-08-03,0.12047992891833707
2020-08-04,0.12214689407934298
2020-08-05,0.12273820766454684
2020-08-06,0.12402203213645631
2020-08-07,0.12383554808028677
2020-08-10,0.1233523003546445
2020-08-11,0.12515391489612168
2020-08-12,0.12528024670510882
2020-08-13,0.12530662498776943
2020-08-14,0.12544990587814045
2020-08-17,0.1254686000222286
2020-08-18,0.1257933213229256
2020-08-19,0.12675337998596162
2020-08-20,0.12424401763606335
2020-08-21,0.12480088019217639
2020-08-24,0.12238770840777655
2020-08-25,0.12306637072698211
2020-08-26,0.12266053847202613
2020-08-27,0.12362539813124596
2020-08-28,0.12369191329313423
2020-08-31,0.12524878519747726
2020-09-01,0.1261027706541202
2020-09-02,0.12558280482746031
2020-09-03,0.12508282649612235
2020-09-04,0.12539113638720578
2020-09-07,0.12598504586726314
2020-09-08,0.12604418854490074
2020-09-09,0.12657456147066448
2020-09-10,0.1265802849624916
2020-09-11,0.12826556396987793
2020-09-14,0.12742535474598857
2020-09-15,0.1284629130599585
2020-09-16,0.12835919118629638
2020-09-17,0.12818837056551996
2020-09-18,0.12794247494797062
2020-09-21,0.1294005870287617
2020-09-22,0.1314210648748259
2020-09-23,0.13131341334275212
2020-09-24,0.13160447118199645
2020-09-25,0.1305716836628652
2020-09-28,0.1298238578329297
2020-09-29,0.1285652433462499
2020-09-30,0.12963252804928987
2020-10-01,0.1295033518169974
2020-10-02,0.1297488980419745
2020-10-05,0.13103945328165928
2020-10-06,0.13049892304192645
2020-10-07,0.1295243410126149
2020-10-08,0.1329580859316298
2020-10-09,0.13740471830833248
2020-10-12,0.13738708354568804
2020-10-13,0.14036291080194124
2020-10-14,0.14056284537958555
2020-10-15,0.1417340111471194
2020-10-16,0.14177032138906587
2020-10-19,0.14221177621717804
2020-10-20,0.14247958665578242
2020-10-21,0.144671545545921
2020-10-22,0.1476126056684257
2020-10-23,0.14859131806676934
2020-10-26,0.14899273879756356
2020-10-27,0.14881248627981353
2020-10-28,0.14820173619244795
2020-10-29,0.1500856900532013
2020-10-30,0.16920441159883143
2020-11-02,0.17661851959526864
2020-11-03,0.22589894715129588
2020-11-04,0.2805217182665427
2020-11-05,0.2879108213612047
2020-11-06,0.2909870396048119
2020-11-09,0.2981927410112906
2020-11-10,0.29216884209348115
2020-11-11,0.292086691804843
2020-11-12,0.29234449756185427
2020-11-13,0.29289808105841897
2020-11-16,0.29023522662548046
2020-11-17,0.29796687815969375
2020-11-18,0.29491145208098535
2020-11-19,0.2925858444091709
2020-11-20,0.29137758382252554
2020-11-23,0.2917822482963205
2020-11-24,0.2924575383953217
2020-11-25,0.2906379121086643
2020-11-26,0.2912853503913109
2020-11-27,0.29132573778727766
2020-11-30,0.2917877262131428
2020-12-01,0.2934161758039208
2020-12-02,0.2915758629050711
2020-12-03,0.2961126908184605
2020-12-04,0.3053458292821335
2020-12-07,0.3045755463297738
2020-12-08,0.30458102922397334
2020-12-09,0.3051241767718502
2020-12-10,0.30655727517665515
2020-12-11,0.30654615358270443
2020-12-14,0.30661442248771725
2020-12-15,0.30705108275808457
2020-12-16,0.30818519418339596
2020-12-17,0.3090445847049059
2020-12-18,0.3064409402117045
2020-12-21,0.30646742847742725
2020-12-22,0.30313973229846153
2020-12-23,0.30257819437704986
2020-12-24,0.3018197927988391
2020-12-25,0.30190253792209576
2020-12-28,0.3012293994017755
2020-12-29,0.30206606307964234
2020-12-30,0.30554915657870824
2020-12-31,0.30586826575590353
2021-01-01,0.30621898393006947
2021-01-04,0.30657378640144933
2021-01-05,0.3055589889066432
2021-01-06,0.30609115935091435
2021-01-07,0.306630960014048
2021-01-08,0.3018694035842445
2021-01-11,0.3036277902864563
2021-01-12,0.3013079273538927
2021-01-13,0.3031549209826944
2021-01-14,0.3066046887525143
2021-01-15,0.30649438572951393
2021-01-18,0.30549882832975633
2021-01-19,0.30573844939274225
2021-01-20,0.3059098573482541
2021-01-21,0.30600321219384263
2021-01-22,0.30481689346489693
2021-01-25,0.3051484341237698
2021-01-26,0.3063534032980249
2021-01-27,0.3054744660869925
2021-01-28,0.3055582010144445
2021-01-29,0.3065359930308036
2021-02-01,0.30927480511112637
2021-02-02,0.3085865608757182
2021-02-03,0.3097790058733711
2021-02-04,0.3097086563045163
2021-02-05,0.31012040909425986
2021-02-08,0.31295387449712536
2021-02-09,0.31816196646058537
2021-02-10,0.3197968306722411
2021-02-11,0.3282044922260611
2021-02-12,0.32902232916197294
2021-02-15,0.32702574421299196
2021-02-16,0.3190590718388012
2021-02-17,0.3144839699790027
2021-02-18,0.31220408148884304
2021-02-19,0.319595696302615
2021-02-22,0.31308286305334887
2021-02-23,0.3173984550140471
2021-02-24,0.3271660840458381
2021-02-25,0.3517055894093468
2021-02-26,0.35103360369156045
2021-03-01,0.3524784003272519
2021-03-02,0.25333786726457735
2021-03-03,0.2540040369173067
2021-03-04,0.34351737476191047
2021-03-05,0.3471959085058166
2021-03-08,0.24483158054162765
2021-03-09,0.24133852178142381
2021-03-10,0.2394734219141441
2021-03-11,0.2052960469339054
2021-03-12,0.21806311815382107
2021-03-15,0.1985880189731087
2021-03-16,0.18034895580760807
2021-03-17,0.1765061522959708
2021-03-18,0.17520498052200834
2021-03-19,0.17961854584315234
2021-03-22,0.20187169103834923
2021-03-23,0.20140424914258553
2021-03-24,0.19999015127524727
2021-03-25,0.19821829721522044
2021-03-26,0.19196559260390633
2021-03-29,0.1604601984113266
2021-03-30,0.16327106178829684
2021-03-31,0.16676270082402608
2021-04-01,0.16563133773525113
2021-04-02,0.16235339379217295
2021-04-05,0.16364972814989265
2021-04-06,0.16631150030267486
2021-04-07,0.16073110804609447
2021-04-08,0.16232699409171636
2021-04-09,0.16252628147044812
2021-04-12,0.1615203014897257
2021-04-13,0.16374618767244503
2021-04-14,0.1643106268483297
2021-04-15,0.15599695777648967
2021-04-16,0.15326687928062718
2021-04-19,0.1587226483380818
2021-04-20,0.1589008173609457
2021-04-21,0.17205425609312366
2021-04-22,0.1737585149862601
2021-04-23,0.16558563971081441
2021-04-26,0.1701550280281614
2021-04-27,0.17283512622726466
2021-04-28,0.18186273302005157
2021-04-29,0.19263640958949338
2021-04-30,0.19663634860388174
2021-05-03,0.20036700658983506
2021-05-04,0.19908422472730314
2021-05-05,0.1901421620752931
2021-05-06,0.17253152954443798
2021-05-07,0.17146939155654742
2021-05-10,0.1693295504536508
2021-05-11,0.17529874048570201
2021-05-12,0.18154537512758787
2021-05-13,0.18189702750286232
2021-05-14,0.19080369601510647
2021-05-17,0.2328652734448729
2021-05-18,0.225961132535521
2021-05-19,0.22892908180580446
2021-05-20,0.23332159087882232
2021-05-21,0.2349688973009764
2021-05-24,0.23558711212555236
2021-05-25,0.21238659492977824
2021-05-26,0.21142412918310774
2021-05-27,0.22474276534728402
2021-05-28,0.22553708950825296
2021-05-31,0.23856250845574448
2021-06-01,0.2385524076613572
2021-06-02,0.24088569255717424
2021-06-03,0.2408465876231168
2021-06-04,0.24850422443585618
2021-06-07,0.23815099802954165
2021-06-08,0.22142522012948052
2021-06-09,0.21499636124156501
2021-06-10,0.2152716230200764
2021-06-11,0.21673032436206174
2021-06-14,0.21437948359380438
2021-06-15,0.21733174581140724
2021-06-16,0.21707489525381332
2021-06-17,0.21692527486820148
2021-06-18,0.21779377138870476
2021-06-21,0.2171846035402894
2021-06-22,0.21823875142279828
2021-06-23,0.21738614707588064
2021-06-24,0.21368448432104112
2021-06-25,0.21565817822619163
2021-06-28,0.2199329968667452
2021-06-29,0.2104805761689282
2021-06-30,0.21168292524807095
2021-07-01,0.21967807258250432
2021-07-02,0.2156098510855061
2021-07-05,0.218158146116477
2021-07-06,0.21776438311093713
2021-07-07,0.22033363230518796
2021-07-08,0.21971650243904037
2021-07-09,0.20438653015386696
2021-07-12,0.210709621439658
2021-07-13,0.2254152147431929
2021-07-14,0.2268218608016031
2021-07-15,0.2319459769058139
2021-07-16,0.2319231604209832
2021-07-19,0.22618791850887704
2021-07-20,0.2135692276231399
2021-07-21,0.21372183425456712
2021-07-22,0.20991917796155396
2021-07-23,0.2070153234252355
2021-07-26,0.20100954745289146
2021-07-27,0.20251272533457196
2021-07-28,0.21063623764957415
2021-07-29,0.17913506807125018
2021-07-30,0.17876575239897952
2021-08-02,0.17603849713869055
2021-08-03,0.17617517260396648
2021-08-04,0.1763451289402236
2021-08-05,0.17488512059835482
2021-08-06,0.17354558936888154
2021-08-09,0.18657267693484592
2021-08-10,0.18630254482143072
2021-08-11,0.18547484624997645
2021-08-12,0.18361905075263255
2021-08-13,0.18355329703955378
2021-08-16,0.18286779331427264
2021-08-17,0.18479315492681625
2021-08-18,0.18435880953656067
2021-08-19,0.18429964229093848
2021-08-20,0.18517406548679088
2021-08-23,0.18694817188854615
2021-08-24,0.18485364675673915
2021-08-25,0.18487628305207954
2021-08-26,0.18534163631693493
2021-08-27,0.1842141996397926
2021-08-30,0.1851807871542976
2021-08-31,0.18000891740689107
2021-09-01,0.1818954731415418
2021-09-02,0.1917509046987022
2021-09-03,0.18805243077855607
2021-09-06,0.18824194315923945
2021-09-07,0.18750272592018
2021-09-08,0.1784836903017395
2021-09-09,0.1789097183989182
2021-09-10,0.17681413485357583
2021-09-13,0.17568830453535697
2021-09-14,0.17034383890311855
2021-09-15,0.1602026356230336
2021-09-16,0.15728355860729687
2021-09-17,0.1567220827127219
2021-09-20,0.15661647891522204
2021-09-21,0.1573576741759326
2021-09-22,0.15268497010081808
2021-09-23,0.15133322206469443
2021-09-24,0.1494456155732439
2021-09-27,0.15074900024635252
2021-09-28,0.1384896987411629
2021-09-29,0.1457654003741128
2021-09-30,0.13719506834268144
2021-10-01,0.13751105269166428
2021-10-04,0.14116896724366737
2021-10-05,0.14750702209425698
2021-10-06,0.13992459719386274
2021-10-07,0.14162056520126137
2021-10-08,0.12884154452579646
2021-10-11,0.12892249356657917
2021-10-12,0.11180107970415087
2021-10-13,0.10398501112193732
2021-10-14,0.11289730145951832
2021-10-15,0.1173837775086176
2021-10-18,0.13711564903391618
2021-10-19,0.1444265244531261
2021-10-20,0.14149688394341864
2021-10-21,0.14016472229740445
2021-10-22,0.14074198201028962
2021-10-25,0.13806246803548516
2021-10-26,0.11994944328650982
2021-10-27,0.10734058758518375
2021-10-28,0.10945208608449704
2021-10-29,0.10939234111796269
2021-11-01,0.11026605644554188
2021-11-02,0.11434341027511792
2021-11-03,0.11939370897995484
2021-11-04,0.11587918694837272
2021-11-05,0.115697954485597
2021-11-08,0.11535899138692139
2021-11-09,0.11244776344618322
2021-11-10,0.10873323425391931
2021-11-11,0.05931388020292026
2021-11-12,0.06140944590571725
2021-11-15,0.05804043861084999
2021-11-16,0.05570031341315757
2021-11-17,0.0557383347245917
2021-11-18,0.054847055703882666
2021-11-19,0.056607182670602024
2021-11-22,0.056763873572998814
2021-11-23,0.023785001653427063
2021-11-24,0.021282427976405942
2021-11-25,0.021578668049914918
2021-11-26,0.015689868023289696
2021-11-29,0.013724323491833248
2021-11-30,0.012250720465247457
2021-12-01,0.01238382283199386
2021-12-02,0.009602662680718235
2021-12-03,0.009615838944773858
2021-12-06,0.004209077181631115
2021-12-07,0.007128039038068759
2021-12-08,0.007363049431201073
2021-12-09,0.004250720730086936
2021-12-10,0.004492880234351947
2021-12-13,0.005460812738069514
2021-12-14,0.009931729162805944
2021-12-15,0.015234265446487592
2021-12-16,0.014507901325953622
2021-12-17,0.011181646158406415
2021-12-20,0.02057866723921822
2021-12-21,0.020610397952898044
2021-12-22,0.032485724723198425
2021-12-23,0.0384541607511405
2021-12-24,0.03499933581130263
2021-12-27,0.036016276235186856
2021-12-28,0.035767250157563796
2021-12-29,0.032191534976054426
2021-12-30,0.03391608323804728
2021-12-31,0.030269971924882663
2022-01-03,0.024352639037838967
2022-01-04,0.026083482917995258
2022-01-05,0.02788250476948702
2022-01-06,0.03667900822825538
2022-01-07,0.0328602722492553
2022-01-10,0.03148676425452791
2022-01-11,0.03340495012722746
2022-01-12,0.030002419503699553
2022-01-13,0.026320940684754247
2022-01-14,0.026363558427612167
2022-01-17,0.021412784515288864
2022-01-18,0.02350852247509969
2022-01-19,0.02152126751161056
2022-01-20,0.02501781024014646
2022-01-21,0.015508886479692686
2022-01-24,-0.006435978594376696
2022-01-25,-0.016223176131158343
2022-01-26,-0.017734042294621596
2022-01-27,-0.018207748310018698
2022-01-28,0.0020640930197333533
2022-01-31,0.006974349188185643
2022-02-01,0.012432857350936233
2022-02-02,0.015109578823701838
2022-02-03,0.019350806521438748
2022-02-04,0.02000253391467381
2022-02-07,0.020156600371339546
2022-02-08,0.015897309049700117
2022-02-09,0.014364856968905548
2022-02-10,0.009978665322614239
2022-02-11,0.012142888565053286
2022-02-14,0.010809677362363549
2022-02-15,0.010442388793776207
2022-02-16,0.011629056063701872
2022-02-17,0.0025744458567334228
2022-02-18,-0.0015704061023087245
2022-02-21,0.00114774159424508
2022-02-22,-0.0018424878822178373
2022-02-23,-0.0030719332277946592
2022-02-24,-0.007244489290249251
2022-02-25,-0.0077668008622061935
2022-02-28,-0.007330699725464898
2022-03-01,-0.01025461054233138
2022-03-02,-0.012271292426906824
2022-03-03,-0.011457241565178834
2022-03-04,-0.010259799645584823
2022-03-07,-0.015088397004733415
2022-03-08,-0.028586278001280892
2022-03-09,-0.03019753288157472
2022-03-10,-0.025290314785555084
2022-03-11,-0.022788355502364223
2022-03-14,-0.022064251076151276
2022-03-15,-0.015262767366111407
2022-03-16,-0.0053832846798096134
2022-03-17,-0.012737854252721496
2022-03-18,-0.014509416649854414
2022-03-21,-0.016734623480367344
2022-03-22,-0.01689563504826664
2022-03-23,-0.016850595202044093
2022-03-24,-0.020600732319554255
2022-03-25,-0.02133887330274537
2022-03-28,-0.019608475311287357
2022-03-29,-0.015747184206059167
2022-03-30,-0.013711183640412624
2022-03-31,-0.0011055079900403693
2022-04-01,-0.0025020721350541134
2022-04-04,-0.0021374752284879085
2022-04-05,-0.0017231970966987275
2022-04-06,-0.007001909484445656
2022-04-07,-0.007411354662171451
2022-04-08,-0.00834278022576884
2022-04-11,-0.007326477427948272
2022-04-12,-0.0026584392845704803
2022-04-13,-0.00511145683055155
2022-04-14,-0.0062567442802291895
2022-04-15,-0.011606308717777581
2022-04-18,-0.011726907190594715
2022-04-19,-0.009706213953426657
2022-04-20,-0.01066730396906633
2022-04-21,-0.010146141381079533
2022-04-22,-0.007083499502872182
2022-04-25,-0.008078097672307369
2022-04-26,-0.008186864266553105
2022-04-27,-0.0024757705364285556
2022-04-28,-0.0018838547890595058
2022-04-29,0.006607907730373509
2022-05-02,0.00730288387644959
2022-05-03,0.006242241491298347
2022-05-04,0.006381960062495368
2022-05-05,0.013238764628885319
2022-05-06,0.018068208658511387
2022-05-09,0.021677090473518887
2022-05-10,0.0261911660155473
2022-05-11,0.02808199522260254
2022-05-12,0.041502597395815556
2022-05-13,0.048534370416751564
2022-05-16,0.04830793973257502
2022-05-17,0.04847534500734309
2022-05-18,0.05025976303737512
2022-05-19,0.04733880228545328
2022-05-20,0.04469759453492918
2022-05-23,0.04233180756210512
2022-05-24,0.038134609834896076
2022-05-25,0.0367881742714132
2022-05-26,0.03621591304569186
2022-05-27,0.03538044556715043
2022-05-30,0.03485642038644335
2022-05-31,0.03387600916108423
2022-06-01,0.03398631610205693
2022-06-02,0.03408033130582002
2022-06-03,0.03432037636075374
2022-06-06,0.03417975626723003
2022-06-07,0.03219382336301392
2022-06-08,0.03366991318792368
2022-06-09,0.039996277657616916
2022-06-10,0.04083419868541804
2022-06-13,0.039636236208539184
2022-06-14,0.042304575699377234
2022-06-15,0.04223872301635481
2022-06-16,0.04347386129653509
2022-06-17,0.04034809114796949
2022-06-20,0.03697944266293235
2022-06-21,0.03932267129121644
2022-06-22,0.04038376770792997
2022-06-23,0.039699866571761694
2022-06-24,0.0451512025169789
2022-06-27,0.04592872314171669
2022-06-28,0.0451205315999396
2022-06-29,0.049198184460503114
2022-06-30,0.0493489619348682
2022-07-01,0.05060935804412298
2022-07-04,0.05010328579372265
2022-07-05,0.04977521611233079
2022-07-06,0.05502661472908952
2022-07-07,0.05887066995327803
2022-07-08,0.05802821193062638
2022-07-11,0.05782313433299357
2022-07-12,0.055953831851891116
2022-07-13,0.05357598967810897
2022-07-14,0.052820152471478726
2022-07-15,0.05450879263005774
2022-07-18,0.05320638738408975
2022-07-19,0.05107395193047266
2022-07-20,0.051404210684034
2022-07-21,0.05113627214763892
2022-07-22,0.0475398127889414
2022-07-25,0.048296783610455404
2022-07-26,0.048762293256755504
2022-07-27,0.04661213004819489
2022-07-28,0.047411486114012406
2022-07-29,0.04699008515478273
2022-08-01,0.04685063790435201
2022-08-02,0.041728606898989294
2022-08-03,0.041229063971488296
2022-08-04,0.03381961967343404
2022-08-05,0.03394254343816662
2022-08-08,0.03151068477628573
2022-08-09,0.030454776694292193
2022-08-10,0.03265864175900745
2022-08-11,0.03464310706049797
2022-08-12,0.03497942417356216
2022-08-15,0.03440658042104688
2022-08-16,0.03243922896375738
2022-08-17,0.031278279469873986
2022-08-18,0.026423226976821312
2022-08-19,0.015603267162176252
2022-08-22,0.0011103714951265823
2022-08-23,0.008305466336587736
2022-08-24,0.0047603412893295815
2022-08-25,0.00026999593789277726
2022-08-26,0.0055272446948259855
2022-08-29,0.0013383577214229978
2022-08-30,0.0024200905915662593
2022-08-31,0.004123855192590135
2022-09-01,0.007776081562689487
2022-09-02,0.008226335561605156
2022-09-05,-0.00023711066710381036
2022-09-06,-0.009217887810090824
2022-09-07,-0.01834400913504752
2022-09-08,-0.018566099172436977
2022-09-09,-0.018200921462464367
2022-09-12,-0.01789791946014341
2022-09-13,-0.025137344833339185
2022-09-14,-0.025303842515851212
2022-09-15,-0.018550173981038365
2022-09-16,-0.02313066310781388
2022-09-19,-0.02229454173122694
2022-09-20,-0.023309207367068197
2022-09-21,-0.02537852051555416
2022-09-22,-0.02944145987064183
2022-09-23,-0.020746458282838918
2022-09-26,-0.023590942285905653
2022-09-27,-0.0230376675988172
2022-09-28,-0.02071554703081531
2022-09-29,-0.004565736261920804
2022-09-30,0.003125219934446922
2022-10-03,-0.0027534413995207625
2022-10-04,-0.005780830116889391
2022-10-05,-0.02143149572794431
2022-10-06,-0.030684057821576148
2022-10-07,-0.03008161167370989
2022-10-10,-0.03040972271018225
2022-10-11,-0.03195965283655274
2022-10-12,-0.033332082046812296
2022-10-13,-0.03402734232138794
2022-10-14,-0.027976100735201202
2022-10-17,-0.02643326277532894
2022-10-18,-0.016769634541213174
2022-10-19,-0.019531277945616054
2022-10-20,-0.01839302283630993
2022-10-21,-0.01879268511620698
2022-10-24,-0.017071825872757032
2022-10-25,-0.016050689701654387
2022-10-26,-0.017749264224593712
2022-10-27,-0.021005255197794427
2022-10-28,-0.021289934747755108
2022-10-31,0.00287938975838304
2022-11-01,0.0006731099406428362
2022-11-02,0.003357249336778676
2022-11-03,0.005591762572527528
2022-11-04,0.005985495039264837
2022-11-07,0.00513945821025278
2022-11-08,-0.0006607003535752207
2022-11-09,-0.008545442256177892
2022-11-10,0.003981383196089394
2022-11-11,0.012695047867687676
2022-11-14,0.015417955268947426
2022-11-15,0.02583669588314253
2022-11-16,0.024745832813438205
2022-11-17,0.026654488788848314
2022-11-18,0.010679162931460423
2022-11-21,0.010698156510658136
2022-11-22,0.018405475008183965
2022-11-23,0.01883743725430923
2022-11-24,0.02062908992299942
2022-11-25,0.020372439229417245
2022-11-28,0.02458346705743855
2022-11-29,0.025915155884868188
2022-11-30,0.026105684281521345
2022-12-01,0.021853040324243077
2022-12-02,0.01858596045273825
2022-12-05,0.01663552473413143
2022-12-06,0.01993174868473329
2022-12-07,0.013641219997902907
2022-12-08,0.014796654496788415
2022-12-09,0.008199134060487796
2022-12-12,0.002723342183369796
2022-12-13,0.004186816522283144
2022-12-14,0.0057436470091067875
2022-12-15,0.0053202388200303576
2022-12-16,0.005129683876343893
2022-12-19,0.002721667636373252
2022-12-20,0.003053022430674425
2022-12-21,0.0018410108418610727
2022-12-22,0.00041779909542441425
2022-12-23,0.0023607442064593645
2022-12-26,-0.00807404037028403
2022-12-27,-0.007062243692510747
2022-12-28,-0.007634904114532888
2022-12-29,-0.013111910100688441
2022-12-30,-0.010117714846029201
2023-01-02,-0.009047404305806342
2023-01-03,-0.010219925962218787
2023-01-04,-0.006789779348969596
2023-01-05,-0.010336367223265447
2023-01-06,-0.014546543739603771
2023-01-09,-0.0167051269938441
2023-01-10,-0.014264064089195847
2023-01-11,0.002351075575135296
2023-01-12,0.008049974267100768
2023-01-13,0.00911666066040951
2023-01-16,0.004601808635156132
2023-01-17,-0.014535745532822669
2023-01-18,-0.018167240716883803
2023-01-19,-0.022954445662421157
2023-01-20,-0.028454492924311136
2023-01-23,-0.0315780619867678
2023-01-24,-0.03152458121388848
2023-01-25,-0.03156953715154022
2023-01-26,-0.03173966589625344
2023-01-27,-0.030783279702791797
2023-01-30,-0.03071911960927188
2023-01-31,-0.0389647061724138
2023-02-01,-0.03516058407854485
2023-02-02,-0.03530785335495216
2023-02-03,-0.036666579866250784
2023-02-06,-0.03658769549380424
2023-02-07,-0.03994129529417212
2023-02-08,-0.03986497955338943
2023-02-09,-0.03733118671797963
2023-02-10,-0.03725571642637198
2023-02-13,-0.03647255351922378
2023-02-14,-0.036008723996268
2023-02-15,-0.03576911300291137
2023-02-16,-0.03400376902630042
2023-02-17,-0.03323668121769728
2023-02-20,-0.03205672633525883
2023-02-21,-0.03307671663303414
2023-02-22,-0.02701310355588881
2023-02-23,-0.019885697518788627
2023-02-24,-0.01756819851537474
2023-02-27,-0.021212743372146608
2023-02-28,-0.01965539070792437
2023-03-01,-0.02151119336494199
2023-03-02,-0.02063641235776028
2023-03-03,-0.01998642520920363
2023-03-06,-0.013801708020386546
2023-03-07,-0.011649262299462266
2023-03-08,-0.007930042153915021
2023-03-09,-0.006850167537807533
2023-03-10,-0.00551238734004198
2023-03-13,-0.015647253329774104
2023-03-14,-0.011567682444421034
2023-03-15,-0.012570009894207907
2023-03-16,-0.013648001074064588
2023-03-17,-0.015461457694341521
2023-03-20,-0.028235280653570314
2023-03-21,-0.026743715385147776
2023-03-22,-0.026612494403607106
2023-03-23,-0.027038388088127037
2023-03-24,-0.028257652091008688
2023-03-27,-0.026086603074705107
2023-03-28,-0.02461758176213083
2023-03-29,-0.025439672566347805
2023-03-30,-0.026910351735986132
2023-03-31,-0.028563812851820067
2023-04-03,-0.026382096137982057
2023-04-04,-0.023275734486726735
2023-04-05,-0.026820991051477783
2023-04-06,-0.02580168619606042
2023-04-07,-0.025521368059811676
2023-04-10,-0.024533432410938732
2023-04-11,-0.030065861514435313
2023-04-12,-0.028600963836443925
2023-04-13,-0.025375903341799462
2023-04-14,-0.031593202170913534
2023-04-17,-0.032148159706434386
2023-04-18,-0.04231293819920875
2023-04-19,-0.043231382982425404
2023-04-20,-0.04019415694928497
2023-04-21,-0.040764021996678904
2023-04-24,-0.03912647942896309
2023-04-25,-0.05273239363717356
2023-04-26,-0.0645343627977451
2023-04-27,-0.06914003793637669
2023-04-28,-0.07069769461800124
2023-05-01,-0.068703916404932
2023-05-02,-0.06928238501741846
2023-05-03,-0.06932927424779893
2023-05-04,-0.0701153646091949
2023-05-05,-0.07092587040038903
2023-05-08,-0.06988962263168426
2023-05-09,-0.06851655541752427
2023-05-10,-0.06419609126041742
2023-05-11,-0.06654451555702093
2023-05-12,-0.06521511093631138
2023-05-15,-0.06152704783269652
2023-05-16,-0.060886475801299474
2023-05-17,-0.06151850451335151
2023-05-18,-0.06199996306941525
2023-05-19,-0.06222636468674707
2023-05-22,-0.062320863417080145
2023-05-23,-0.06372148426690115
2023-05-24,-0.06349228358707416
2023-05-25,-0.06048985919047311
2023-05-26,-0.06174189004951097
2023-05-29,-0.06948786371107432
2023-05-30,-0.07036575083725496
2023-05-31,-0.07319490067636913
2023-06-01,-0.07432965610446408
2023-06-02,-0.07337074949939419
2023-06-05,-0.07450124456173582
2023-06-06,-0.07127880169555274
2023-06-07,-0.07275891400607373
2023-06-08,-0.07293590458498148
2023-06-09,-0.07647459073197356
2023-06-12,-0.07867253447304386
2023-06-13,-0.08324050087341477
2023-06-14,-0.08299495659119462
2023-06-15,-0.08006077627061996
2023-06-16,-0.08649298644198786
2023-06-19,-0.0870738367339943
2023-06-20,-0.08892047870847718
2023-06-21,-0.0901438892573207
2023-06-22,-0.09006298851440295
2023-06-23,-0.09536313476912138
2023-06-26,-0.09890596123140769
2023-06-27,-0.09895278198005908
2023-06-28,-0.09649649350466105
2023-06-29,-0.09481509922978652
2023-06-30,-0.09289175763031803
2023-07-03,-0.09161236182060216
2023-07-04,-0.10255838498372892
2023-07-05,-0.09117083933163767
2023-07-06,-0.09378711999635635
2023-07-07,-0.0924287716362188
2023-07-10,-0.09439999366184712
2023-07-11,-0.08987931831929857
2023-07-12,-0.09822390867276173
2023-07-13,-0.09951011500881637
2023-07-14,-0.09647480337661717
2023-07-17,-0.09721593931511528
2023-07-18,-0.09671297603687523
2023-07-19,-0.0965845418654289
2023-07-20,-0.08965015367733609
2023-07-21,-0.0889008243295482
2023-07-24,-0.08301420891235488
2023-07-25,-0.08387397493497792
2023-07-26,-0.08129592028926048
2023-07-27,-0.0811522414884609
2023-07-28,-0.08550223956541651
2023-07-31,-0.08600560461170219
2023-08-01,-0.06391054855314539
2023-08-02,-0.06234489954519241
2023-08-03,-0.055205076842247916
2023-08-04,-0.056622097177389724
2023-08-07,-0.05127659410306839
2023-08-08,-0.037593633680892184
2023-08-09,-0.026467858954082216
2023-08-10,-0.03355585692530454
2023-08-11,-0.027824266436636085
2023-08-14,-0.015779588273358704
2023-08-15,-0.017428629241974858
2023-08-16,-0.00847695487113581
2023-08-17,-0.006773842317718541
2023-08-18,-0.00817656273948223
2023-08-21,-0.010224057210803569
2023-08-22,-0.006103311571465578
2023-08-23,0.00955948842257976
2023-08-24,0.02729613773478641
2023-08-25,0.03789692235627395
2023-08-28,0.03526383760455667
2023-08-29,0.038538440876794554
2023-08-30,0.043757645736092136
2023-08-31,0.058818121853695234
2023-09-01,0.057888974078151814
2023-09-04,0.0543596379029423
2023-09-05,0.05443514057260226
2023-09-06,0.05431703780608804
2023-09-07,0.057460638207383716
2023-09-08,0.056919483356633875
2023-09-11,0.05728764645506617
2023-09-12,0.04838962212782619
2023-09-13,0.04604037766893385
2023-09-14,0.060302926249929695
2023-09-15,0.055869489598910325
2023-09-18,0.04560957312295316
2023-09-19,0.04341758511069454
2023-09-20,0.04591002314884152
2023-09-21,0.04571929633966981
2023-09-22,0.049765281740109614
2023-09-25,0.058381686980028526
2023-09-26,0.05616293220109397
2023-09-27,0.05985049504352923
2023-09-28,0.0675649898224386
2023-09-29,0.06815620743670649
2023-10-02,0.070547840271437
2023-10-03,0.06371958685796024
2023-10-04,0.0621752366248195
2023-10-05,0.04567480887057124
2023-10-06,0.05062300586622869
2023-10-09,0.043956830404834585
2023-10-10,0.04115908846495234
2023-10-11,0.06320987410142029
2023-10-12,0.06432798215933362
2023-10-13,0.06629443525764293
2023-10-16,0.0778588059260201
2023-10-17,0.07947007059226306
2023-10-18,0.07571687521631205
2023-10-19,0.10622055678480395
2023-10-20,0.11248136991276526
2023-10-23,0.11773742828860118
2023-10-24,0.1181086598208904
2023-10-25,0.12113838122225046
2023-10-26,0.13633385191785566
2023-10-27,0.15513307400447976
2023-10-30,0.18037322775016176
2023-10-31,0.18929618294378828
2023-11-01,0.1843638205428315
2023-11-02,0.18019451186875682
2023-11-03,0.1998295545871673
2023-11-06,0.21435432884007433
2023-11-07,0.243496663605015
2023-11-08,0.24920957431775553
2023-11-09,0.24508151210001713
2023-11-10,0.2485020014379256
2023-11-13,0.24358049753070452
2023-11-14,0.24625232220892357
2023-11-15,0.24732847584011605
2023-11-16,0.2431605804609243
2023-11-17,0.22799647446793198
2023-11-20,0.22892076878457535
2023-11-21,0.22958080768334152
2023-11-22,0.23441307474062056
2023-11-23,0.23463303209966932
2023-11-24,0.23021685682342052
2023-11-27,0.2300982442142597
2023-11-28,0.2242720243726223
2023-11-29,0.2287493454290343
2023-11-30,0.22631472030292935
2023-12-01,0.22365708434659506
2023-12-04,0.22309785991923017
2023-12-05,0.22307018497053965
2023-12-06,0.22951675548214667
2023-12-07,0.2312256367782887
2023-12-08,0.23246006891457774
2023-12-11,0.23190902294302457
2023-12-12,0.2263961274314029
2023-12-13,0.22863767382996666
2023-12-14,0.22983934020096858
2023-12-15,0.24440377876556357
2023-12-18,0.2612539517299878
2023-12-19,0.26196149737579566
2023-12-20,0.2616821090581744
2023-12-21,0.26288970374553605
2023-12-22,0.25676910768437633
2023-12-25,0.2612479114924841
2023-12-26,0.2637680959330196
2023-12-27,0.2598702856114755
2023-12-28,0.25855874267427603
2023-12-29,0.2578211162462813
2024-01-01,0.25978811336561797
2024-01-02,0.2564946212777117
2024-01-03,0.26527053283369656
2024-01-04,0.26712260237600693
2024-01-05,0.2688787888437889
2024-01-08,0.268566181308629
2024-01-09,0.268056022645475
2024-01-10,0.2665706830719145
2024-01-11,0.26812262367611944
2024-01-12,0.269536605206475
2024-01-15,0.26833179445308175
2024-01-16,0.26762475753544934
2024-01-17,0.26729533147523776
2024-01-18,0.2707772781512678
2024-01-19,0.2671060421299835
2024-01-22,0.2685751328255595
2024-01-23,0.27199765910490825
2024-01-24,0.27229220113702685
2024-01-25,0.2826863574895625
2024-01-26,0.28246868922368945
2024-01-29,0.27962756248784376
2024-01-30,0.2842449662955873
2024-01-31,0.28469343852088025
2024-02-01,0.2762281917661098
2024-02-02,0.2842327827044869
2024-02-05,0.2821713342020305
2024-02-06,0.2772839932807864
2024-02-07,0.27689271656646536
2024-02-08,0.27691859202720365
2024-02-09,0.2721981149301667
2024-02-12,0.27490249005010936
2024-02-13,0.2745908949985086
2024-02-14,0.281240149868245
2024-02-15,0.2805993098711566
2024-02-16,0.2834302641935169
2024-02-19,0.2719283550943453
2024-02-20,0.26958669467310986
2024-02-21,0.267972233570029
2024-02-22,0.266793064266035
2024-02-23,0.2612156316814842
2024-02-26,0.252325251258907
2024-02-27,0.251438066528922
2024-02-28,0.27137347932420175
2024-02-29,0.2853878535951304
2024-03-01,0.28123191435949996
2024-03-04,0.2804617687623223
2024-03-05,0.28191667008156457
2024-03-06,0.2773960401784648
2024-03-07,0.2832734864498592
2024-03-08,0.28552182431967793
2024-03-11,0.27615451651344947
2024-03-12,0.2803963058717813
2024-03-13,0.27780576972814025
2024-03-14,0.28219012522997017
2024-03-15,0.28651059807935925
2024-03-18,0.2891434996784218
2024-03-19,0.2863207143765085
2024-03-20,0.2839124867874419
2024-03-21,0.2770896542393835
2024-03-22,0.27739950528734464
2024-03-25,0.27699748468835195
2024-03-26,0.2771262348939183
2024-03-27,0.2759489317488519
2024-03-28,0.2847656574800523
2024-03-29,0.28297095839425673
2024-04-01,0.2803349856054682
2024-04-02,0.2843301253961872
2024-04-03,0.28726090227417317
2024-04-04,0.2894029138559157
2024-04-05,0.2914951678821825
2024-04-08,0.286966276490133
2024-04-09,0.28923714078906326
2024-04-10,0.28649244241498834
2024-04-11,0.30204131004854146
2024-04-12,0.3094245625684399
2024-04-15,0.3082435968548312
2024-04-16,0.3055595551856812
2024-04-17,0.30959662343038624
2024-04-18,0.3033942042734313
2024-04-19,0.3076704286464604
2024-04-22,0.29967016472867736
2024-04-23,0.30076521952932644
2024-04-24,0.3015943723841181
2024-04-25,0.30139088279111786
2024-04-26,0.3021710575276466
2024-04-29,0.3048528469136714
2024-04-30,0.3054404710016288
2024-05-01,0.302956836279062
2024-05-02,0.30355649593740164
2024-05-03,0.3082478255306429
2024-05-06,0.3002167860608775
2024-05-07,0.29844947395128035
2024-05-08,0.29990132071117104
2024-05-09,0.30193288668342955
2024-05-10,0.3016315777567088
2024-05-13,0.3052491951746694
2024-05-14,0.30403250630877726
2024-05-15,0.3031466919864385
2024-05-16,0.3015695609505784
2024-05-17,0.3010931830144047
2024-05-20,0.3024846898456491
2024-05-21,0.3021915305022083
2024-05-22,0.3002674125587246
2024-05-23,0.2961888642255029
2024-05-24,0.2960472591618225
2024-05-27,0.29631360425499703
2024-05-28,0.29618630428258574
2024-05-29,0.29903119717719373
2024-05-30,0.30515566867033966
2024-05-31,0.30502851600710357
2024-06-03,0.3054715028376073
2024-06-04,0.2957353813863549
2024-06-05,0.29290120943390663
2024-06-06,0.2949199572229041
2024-06-07,0.29561740595704505
2024-06-10,0.2986113091161765
2024-06-11,0.2987275198516712
2024-06-12,0.2986797957227073
2024-06-13,0.29739328332723886
2024-06-14,0.296921177150181
2024-06-17,0.29657246620881966
2024-06-18,0.2904623537533655
2024-06-19,0.2897193868525106
2024-06-20,0.2898624117976106
2024-06-21,0.2942455270479597
2024-06-24,0.29329513073896973
2024-06-25,0.291306344846724
2024-06-26,0.29363353702784106
2024-06-27,0.29167083696513546
2024-06-28,0.3024856421432784
2024-07-01,0.30427020830299906
2024-07-02,0.30307932892704287
2024-07-03,0.30326469625090496
2024-07-04,0.3035277169777977
2024-07-05,0.3038579630086601
2024-07-08,0.3031444129705889
2024-07-09,0.30367228863604867
2024-07-10,0.3078024399313953
2024-07-11,0.3084669524039459
2024-07-12,0.304120647819471
2024-07-15,0.3056205517269694
2024-07-16,0.3054947806725307
2024-07-17,0.3057097100327445
2024-07-18,0.29131148704144827
2024-07-19,0.2913853082082488
2024-07-22,0.2878369444410955
2024-07-23,0.2907652570168514
2024-07-24,0.29239562701830224
2024-07-25,0.29074015590244034
2024-07-26,0.28778068840302373
2024-07-29,0.2893271170337854
2024-07-30,0.2893015812435122
2024-07-31,0.2855246096295844
2024-08-01,0.2845069988145321
2024-08-02,0.2646915933901772
2024-08-05,0.25017229128485735
2024-08-06,0.23504506393144564
2024-08-07,0.23710145678314123
2024-08-08,0.23751578690213768
2024-08-09,0.23759107250015774
2024-08-12,0.23747082316238413
2024-08-13,0.24205458849054248
2024-08-14,0.25286179214939236
2024-08-15,0.25120961981419904
2024-08-16,0.25257302423994604
2024-08-19,0.2514857675059962
2024-08-20,0.25241930882128205
2024-08-21,0.24490226319874567
2024-08-22,0.24458232810377298
2024-08-23,0.24621963664357108
2024-08-26,0.24618759035219934
2024-08-27,0.2462051871743119
2024-08-28,0.24749405787509657
2024-08-29,0.2482823232910425
2024-08-30,0.24977981612038935
2024-09-02,0.2473781117751603
2024-09-03,0.24804558532402018
2024-09-04,0.24669891626999718
2024-09-05,0.2563767225880761
2024-09-06,0.2565252332250651
2024-09-09,0.24646898409831552
2024-09-10,0.24386209670870188
2024-09-11,0.2436192151296227
2024-09-12,0.24523142111672586
2024-09-13,0.24205960188877967
2024-09-16,0.24100284232209665
2024-09-17,0.2456865011216775
2024-09-18,0.2475845880391362
2024-09-19,0.2465473856202973
2024-09-20,0.24788091309644408
2024-09-23,0.24470828371744427
2024-09-24,0.24469257110762027
2024-09-25,0.24358561242454788
2024-09-26,0.2452773923134961
2024-09-27,0.22771684295357686
2024-09-30,0.22447520970350587
2024-10-01,0.2266029476058917
2024-10-02,0.2249140483318055
2024-10-03,0.21741476750414437
2024-10-04,0.21688164730777543
2024-10-07,0.17118539305204375
2024-10-08,0.16526821781099862
2024-10-09,0.15595303594241555
2024-10-10,0.15742325894224207
2024-10-11,0.15584250609628084
2024-10-14,0.14770770348744913
2024-10-15,0.1462372428526678
2024-10-16,0.14283519488456867
2024-10-17,0.13123408146077117
2024-10-18,0.13166710325947747
2024-10-21,0.12868302739091683
2024-10-22,0.11976467337041483
2024-10-23,0.11191580782420378
2024-10-24,0.12070066156444216
2024-10-25,0.117204440112482
2024-10-28,0.10735308640103952
2024-10-29,0.11061309397969706
2024-10-30,0.11246315721438763
2024-10-31,0.11195703401940296
2024-11-01,0.10890873598902091
2024-11-04,0.11215026131703484
2024-11-05,0.12613636057156416
2024-11-06,0.12571528361645107
2024-11-07,0.10606855399709345
2024-11-08,0.1003293398726645
2024-11-11,0.10232556315777158
2024-11-12,0.09934328722725569
2024-11-13,0.11165422787149515
2024-11-14,0.1109090620839801
2024-11-15,0.11304469612492715
2024-11-18,0.11829645698735113
2024-11-19,0.12090330354331214
2024-11-20,0.12078505126639964
2024-11-21,0.12084266390759782
2024-11-22,0.1158030650676608
2024-11-25,0.10978648330943866
2024-11-26,0.11029866461415759
2024-11-27,0.11077664081192166
2024-11-28,0.11941377896334418
2024-11-29,0.11898703297868422
2024-12-02,0.1205888071698486
2024-12-03,0.10180225250480371
2024-12-04,0.10062773914313682
2024-12-05,0.10075630415116167
2024-12-06,0.10089205961316455
2024-12-09,0.10287609886281629
2024-12-10,0.1080640609805386
2024-12-11,0.10961595176440835
2024-12-12,0.1083118943652851
2024-12-13,0.11537587447604566
2024-12-16,0.11548396578973291
2024-12-17,0.11475592007724485
2024-12-18,0.11788235171742958
2024-12-19,0.12119287057625253
2024-12-20,0.12465789948305563
2024-12-23,0.12110068416949252
2024-12-24,0.11728271003839723
2024-12-25,0.11988119492197823
2024-12-26,0.12479365739526582
2024-12-27,0.12442492394842579
2024-12-30,0.12523287053318183
2024-12-31,0.11857917491661585
2025-01-01,0.1193724534612734
2025-01-02,0.11882702251424508
2025-01-03,0.11879479590289417
2025-01-06,0.11254175911729769
2025-01-07,0.10853503954528751
2025-01-08,0.11678375584158743
2025-01-09,0.11746534716887018
2025-01-10,0.1161499891000645
2025-01-13,0.12241336334407216
2025-01-14,0.12231284626741405
2025-01-15,0.12255697267773764
2025-01-16,0.13444752431775397
2025-01-17,0.1423531163448495
2025-01-20,0.15206109759382216
2025-01-21,0.13832624689991052
2025-01-22,0.14766403983219525
2025-01-23,0.1492746723465746
2025-01-24,0.14952388846338266
2025-01-27,0.1478831226740697
2025-01-28,0.1431941032945279
2025-01-29,0.13886605313870293
2025-01-30,0.13701547443488418
2025-01-31,0.1267672016498321
2025-02-03,0.12553717899978534
2025-02-04,0.12336642275637102
2025-02-05,0.12937645129606082
2025-02-06,0.1263521892835829
2025-02-07,0.12726895249767683
2025-02-10,0.12829599599906258
2025-02-11,0.13568056535834003
2025-02-12,0.14552353938007892
2025-02-13,0.16276122931657896
2025-02-14,0.16542301615295477
2025-02-17,0.16250532480022917
2025-02-18,0.1618766729071297
2025-02-19,0.1569012514964133
2025-02-20,0.15620516096767936
2025-02-21,0.15598439961375132
2025-02-24,0.1455136867956979
2025-02-25,0.1424170655786189
2025-02-26,0.1427663444614366
2025-02-27,0.14178522855798398
2025-02-28,0.14457022146847853
2025-03-03,0.13889569725650883
2025-03-04,0.1315392488538453
2025-03-05,0.11511206635252295
2025-03-06,0.12092458096117194
2025-03-07,0.12286175656457399
2025-03-10,0.12694833531631602
2025-03-11,0.11716368296827213
2025-03-12,0.11621981564589295
2025-03-13,0.11786154112321738
2025-03-14,0.1192572377705432
2025-03-17,0.11413051527278584
2025-03-18,0.11412368309388768
2025-03-19,0.11397057466467082
2025-03-20,0.1129171740791064
2025-03-21,0.11449270931348111
2025-03-24,0.11422580922227
2025-03-25,0.10768752658509265
2025-03-26,0.10991913015544817
2025-03-27,0.11176573333957188
2025-03-28,0.10940179055800907
2025-03-31,0.11595105774834645
2025-04-01,0.11945342815305386
2025-04-02,0.12120485831508468
2025-04-03,0.12474200797500955
2025-04-04,0.05419307383796172
2025-04-07,0.03480250659790761
2025-04-08,0.04653364142023336
2025-04-09,0.05339656406058636
2025-04-10,-0.019906263302148963
2025-04-11,-0.018985719873768864
2025-04-14,-0.01077448908477965
2025-04-15,-0.009975638547878685
2025-04-16,-0.011709383237023818
2025-04-17,-0.014210543002738924
2025-04-18,-0.01420686573977215
2025-04-21,-0.015474607984366832
2025-04-22,-0.013820383433325418
2025-04-23,-0.010879792672811637
2025-04-24,-0.010245585097680986
2025-04-25,-0.006031210364918884
2025-04-28,-0.005653051434010391
2025-04-29,-0.002803596106297835
2025-04-30,0.001338302785010376
2025-05-01,0.0017784381274872955
2025-05-02,0.005408486696248312
2025-05-05,0.022715798384423894
2025-05-06,0.023842512454531353
2025-05-07,0.022984749874849456
2025-05-08,0.02519164820518531
2025-05-09,0.031562543741080196
2025-05-12,0.035103070157485323
2025-05-13,0.011947144468255021
2025-05-14,0.010867505244751694
2025-05-15,0.010994473566646791
2025-05-16,0.01268035726589513
2025-05-19,0.011342482349786902
2025-05-20,0.011278658969695921
2025-05-21,0.010964762975609272
2025-05-22,0.016416869780261606
2025-05-23,0.019859553073657474
2025-05-26,0.01610415055690522
2025-05-27,0.015333382836409103
2025-05-28,0.020283202138443264
2025-05-29,0.023364080949105942
2025-05-30,0.02341076412166204
2025-06-02,0.02443909613701657
2025-06-03,0.025008273680345264
2025-06-04,0.02499661823667032
2025-06-05,0.03441568570753784
2025-06-06,0.03707565293596658
2025-06-09,0.03533362499911158
2025-06-10,0.030231419483218523
2025-06-11,0.03059745125716314
2025-06-12,0.03327619430961754
2025-06-13,0.032436108830346096
2025-06-16,0.0362130912466897
2025-06-17,0.0357423192253077
2025-06-18,0.033457692544365265
2025-06-19,0.031640027074362975
2025-06-20,0.03191639430693764
2025-06-23,0.03146588310934091
2025-06-24,0.03615399512527147
2025-06-25,0.03723692947036967
2025-06-26,0.035492136226518214
2025-06-27,0.03604727437254803
2025-06-30,0.03583993553496311
2025-07-01,0.03990681019862153
2025-07-02,0.041302699482330126
2025-07-03,0.04114862646527285
2025-07-04,0.03862372064575511
2025-07-07,0.035213366951840186
2025-07-08,0.03318727942242611
2025-07-09,0.031330764436528
2025-07-10,0.03506892417543791
2025-07-11,0.03556826589810653
2025-07-14,0.03835001844448246
2025-07-15,0.03637428352495507
2025-07-16,0.03192714395401714
2025-07-17,0.034679092876848595
2025-07-18,0.03711602383145316
2025-07-21,0.036517854281595354
2025-07-22,0.04982245885397447
2025-07-23,0.057731953571022364
2025-07-24,0.07063514585443495
2025-07-25,0.06733420870806459
2025-07-28,0.07020936616835038
2025-07-29,0.069932054535668
2025-07-30,0.07233987046217896
2025-07-31,0.07183877600894849
2025-08-01,0.06284375241919639
2025-08-04,0.04376322778197895
2025-08-05,0.04230924941035488
2025-08-06,0.04357638317123842
2025-08-07,0.04437649494507513
2025-08-08,0.05082699779945074
2025-08-11,0.051689793008770135
2025-08-12,0.05120693392160836
2025-08-13,0.050119905184488424
2025-08-14,0.049870932983927814
2025-08-15,0.049686054658731264
2025-08-18,0.047687108778439194
2025-08-19,0.047013769915406324
2025-08-20,0.04783447006356435
2025-08-21,0.048391036747978636
2025-08-22,0.049337173783468975
2025-08-25,0.050245378260307914
2025-08-26,0.04996766164976479
2025-08-27,0.05756747060514237
2025-08-28,0.056475413651589056
2025-08-29,0.05527927237756703
2025-09-01,0.057073630297845866
2025-09-02,0.05778134719523792
2025-09-03,0.059705138034177305
2025-09-04,0.06026937954224252
2025-09-05,0.06115059147210398
2025-09-08,0.06331577749884705
2025-09-09,0.06330653297366597
2025-09-10,0.06640439540734991
2025-09-11,0.06640455600088181
2025-09-12,0.06911166668270273
2025-09-15,0.07252693924497292
2025-09-16,0.07227314101103635
2025-09-17,0.07392149765531712
2025-09-18,0.07405638457606965
2025-09-19,0.07424262255764424
2025-09-22,0.07927757626320742
2025-09-23,0.08149177188207818
2025-09-24,0.09409751867102376
2025-09-25,0.09556213685108027
2025-09-26,0.09861189211606249
2025-09-29,0.09677730506160727
2025-09-30,0.09681157667688377
2025-10-01,0.09727516819193024
2025-10-02,0.09819745086748377
2025-10-03,0.09863711264356215
2025-10-06,0.09228395010724191
2025-10-07,0.09228975461696473
2025-10-08,0.08640975166681583
2025-10-09,0.0852358641330711
2025-10-10,0.07871320665739066
2025-10-13,0.06195925769494904
2025-10-14,0.06610136374497165
2025-10-15,0.06557618673171096
2025-10-16,0.06243948514977626
2025-10-17,0.062102429527444006
2025-10-20,0.06201601899506945
2025-10-21,0.0626114582632738
2025-10-22,0.06221562473749925
2025-10-23,0.06759183983794655
2025-10-24,0.06909878291426685
2025-10-27,0.08585952115925323
2025-10-28,0.09328125143825534
2025-10-29,0.09116411246421689
2025-10-30,0.09648748163381368
2025-10-31,0.08490204606820943
2025-11-03,0.08817288113186365
2025-11-04,0.0863619964962618
2025-11-05,0.08227694133791207
2025-11-06,0.07936901594872069
2025-11-07,0.07866080180955765
2025-11-10,0.07781298837432497
2025-11-11,0.0788738815318548
2025-11-12,0.08330325062121575
2025-11-13,0.08254518127067355
2025-11-14,0.08662736266461278
2025-11-17,0.08332197728303488
2025-11-18,0.07668073367652936
2025-11-19,0.07385667778847807
2025-11-20,0.07407882014197914
2025-11-21,0.07076377636235037
2025-11-24,0.07067415987528662
2025-11-25,0.07093587061103553
2025-11-26,0.07340781266163769
2025-11-27,0.07315962354438045
2025-11-28,0.07153273278054582
2025-12-01,0.0727082567213662
2025-12-02,0.07175191288198862
2025-12-03,0.07305622921994386
2025-12-04,0.07660464114875858
2025-12-05,0.07360172891759784
2025-12-08,0.07148177013672359
2025-12-09,0.0617271615875494
2025-12-10,0.06069970989550582
2025-12-11,0.06307251449151602
2025-12-12,0.06339227377680523
2025-12-15,0.06383366792334773
2025-12-16,0.06571535964573995
2025-12-17,0.06314346959338733
2025-12-18,0.06842496614479845
2025-12-19,0.06841000543999103
2025-12-22,0.06822264050160312
2025-12-23,0.06831638787329276
2025-12-24,0.07114019513458356
2025-12-25,0.07315525554556901
2025-12-26,0.06263565980232634
2025-12-29,0.0631348689412136
2025-12-30,0.06285956698487456
2025-12-31,0.050205190921979746
2026-01-01,0.04911459837385995
2026-01-02,0.05219609759054906
2026-01-05,0.032257469962244496
2026-01-06,0.023008205673979078
2026-01-07,0.020913865638578357
2026-01-08,0.023982466799795363
2026-01-09,0.014332389551773692
2026-01-12,0.016939133783199927
2026-01-13,0.017281177249160038
2026-01-14,0.01842357976679264
2026-01-15,0.02375115180125292
2026-01-16,0.025967981721693126
2026-01-19,0.026389017552220912
2026-01-20,0.026519717049507754
2026-01-21,0.028539323096577352
2026-01-22,0.025907027495327327
2026-01-23,0.02583953646347406
2026-01-26,0.029393959593803497
2026-01-27,0.031024049894714672
2026-01-28,0.026176265916983295
2026-01-29,0.026256907771557193
2026-01-30,0.02449759773627828
2026-02-02,-0.0006947253108761056
2026-02-03,-0.0008543946510928161
2026-02-04,0.000913544544874571
2026-02-05,0.0036379535607136857
2026-02-06,0.0055609003595667224
2026-02-09,0.004459833267840864
2026-02-10,0.008290724379423733
2026-02-11,0.012898233691990658
2026-02-12,0.012025966723256138
2026-02-13,0.01727299150400576
2026-02-16,0.021536476532469435
2026-02-17,0.02109006141840204
2026-02-18,0.018595886857997214
2026-02-19,0.02007413562283627
2026-02-20,0.03522096960041184
2026-02-23,0.030461562907424525
2026-02-24,0.024450058202613544
2026-02-25,0.02320450987023162
2026-02-26,0.034692438594936814
2026-02-27,0.03655704195874193
2026-03-02,0.03618804769747137
2026-03-03,0.04260146689080337
2026-03-04,0.04486886096996257
2026-03-05,0.04565001180468414
2026-03-06,0.04446592238220427
2026-03-09,0.0448677541511652
2026-03-10,0.036014808077585156
2026-03-11,0.03909142271323314
2026-03-12,0.03884256548178708
2026-03-13,0.0451912071056374
2026-03-16,0.042489622565493206
2026-03-17,0.045532115644820126
2026-03-18,0.04121032983645962
2026-03-19,0.04554663986250096
2026-03-20,0.051117900841688324
2026-03-23,0.06298028980788863
2026-03-24,0.14263517486050595
2026-03-25,0.17566414155941074
2026-03-26,0.1541712621960871
2026-03-27,0.15709023238321101
2026-03-30,0.27750153065211197
2026-03-31,0.27670512761116267
2026-04-01,0.27486151520401125
2026-04-02,0.26399687214571466
2026-04-03,0.262004091749119
2026-04-06,0.2647885781253138
2026-04-07,0.2624842594695116
2026-04-08,0.2798310888866851
2026-04-09,0.2737506057595827
2026-04-10,0.2757788144153455
2026-04-13,0.2761865551388832
2026-04-14,0.2733513460730748
2026-04-15,0.2735835012140818
2026-04-16,0.270521219931874
2026-04-17,0.25824644410934383
2026-04-20,0.26009121825275383
2026-04-21,0.25586144278415457
2026-04-22,0.2301389606768516
2026-04-23,0.22735720274097262
2026-04-24,0.2317809342301427
2026-04-27,0.22948051891058646
2026-04-28,0.22237751246550663
2026-04-29,0.22817844465696116
2026-04-30,0.2805436194915389
2026-05-01,0.28281714036283156
2026-05-04,0.27966094388259394
2026-05-05,0.26938786026648764
2026-05-06,0.26973497165702276
2026-05-07,0.2725845272149438
2026-05-08,0.2834318441381104
2026-05-11,0.2840924379893472
2026-05-12,0.27976149529586586
2026-05-13,0.2848618754038287
2026-05-14,0.28179426051270684
2026-05-15,0.2792163274041997
2026-05-18,0.2811665807918504
2026-05-19,0.2853417163746559
2026-05-20,0.29343496427106447
2026-05-21,0.29271070917984393
2026-05-22,0.31108742889251056
2026-05-25,0.3087721405978351
2026-05-26,0.30506881410561437
2026-05-27,0.3025689346528019
2026-05-28,0.30146769347699637
2026-05-29,0.3019762385825504
2026-06-01,0.30124396265953457
2026-06-02,0.30428578975171466
2026-06-03,0.3081773020858094
2026-06-04,0.3083694966579041
2026-06-05,0.31864868772508237
2026-06-08,0.3227712884780618
2026-06-09,0.32075297710233336
2026-06-10,0.32186853163538326
2026-06-11,0.3179049668089219
2026-06-12,0.3271090256425548
2026-06-15,0.33228814259453293
2026-06-16,0.33565023400088095
2026-06-17,0.33256815383497096
2026-06-18,0.33542392926638986
2026-06-19,0.31899250964918724
2026-06-22,0.3175138989171418
2026-06-23,0.3230630222474293
2026-06-24,0.31584942029048335
2026-06-25,0.3203049938828667
2026-06-26,0.32238840018815984
2026-06-29,0.31717952987742976
2026-06-30,0.31664160560100973
2026-07-01,0.30541727340298847
2026-07-02,0.3130584647913606
2026-07-03,0.31519667617840064
2026-07-06,0.3126642188110255
2026-07-07,0.3081088741078386
2026-07-08,0.32372317102522136
2026-07-09,0.32666982816371115
2026-07-10,0.3289629396025618
2026-07-13,0.33178585451111575
2026-07-14,0.3319760327471503
2026-07-15,0.32783387677741477
2026-07-16,0.3283974894334452
2026-07-17,0.320085788620875
2026-07-20,0.3221052016105043
2026-07-21,0.32204996023180515
2026-07-22,0.34795089888622843
2026-07-23,0.3422666282373331
2026-07-24,0.3424410163189266
2026-07-27,0.3389792611377092
2026-07-28,0.33661532704138936
2026-07-29,0.33026217918616013
2026-07-30,0.3303714954103541
2026-07-31,0.329095796722701
2026-08-03,0.3274287557650775
2026-08-04,0.3281975614423847
2026-08-05,0.3363128999135512
2026-08-06,0.33971969229749527
2026-08-07,0.33946160589326557
2026-08-10,0.338823253767512
2026-08-11,0.33848438278616144
2026-08-12,0.32083803182829934
2026-08-13,0.32081812103254687
2026-08-14,0.32230304610286653
2026-08-17,0.3205681666667025
2026-08-18,0.3202201508714423
2026-08-19,0.31914536452761594
2026-08-20,0.31847062342797683
2026-08-21,0.3165253181403068
2026-08-24,0.31709549612514176
2026-08-25,0.3119640479869044
2026-08-26,0.31205827635355304
2026-08-27,0.3111623850844707
2026-08-28,0.304810059971552
2026-08-31,0.3054456655722128
2026-09-01,0.3036989554562361
2026-09-02,0.3007411671797926
2026-09-03,0.304863890153564
2026-09-04,0.30374300173706525
2026-09-07,0.3045206650657084
2026-09-08,0.3037656798814131
2026-09-09,0.2976057166733274
2026-09-10,0.30619563831765173
2026-09-11,0.3073831241079043
2026-09-14,0.30192912601558847
2026-09-15,0.29850573238579786
2026-09-16,0.29711276660586894
2026-09-17,0.2930962553118879
2026-09-18,0.2920432004436845
2026-09-21,0.29215634608776186
2026-09-22,0.29270008819772936
2026-09-23,0.2971845654220376
2026-09-24,0.29178967831937763
2026-09-25,0.2986601081902839
2026-09-28,0.3001422702100031
2026-09-29,0.3074551107826846
2026-09-30,0.32787745031498233
2026-10-01,0.32281228742151485
