fecha,vol_anual_pct
2002-10-01,
2002-10-02,8.7795154893933
2002-10-03,9.795720503808077
2002-10-04,9.65554735367317
2002-10-07,9.35101895631645
2002-10-08,9.041568840833403
2002-10-09,8.832694340909052
2002-10-10,10.039052876219118
2002-10-11,9.613568971324174
2002-10-14,9.71700211860647
2002-10-15,9.362580786655219
2002-10-16,9.906669954123851
2002-10-17,9.625942716691718
2002-10-18,9.598643701870111
2002-10-21,9.462219379133415
2002-10-22,9.348555668476232
2002-10-23,8.961838956386552
2002-10-24,8.604880606769065
2002-10-25,8.658685217684967
2002-10-28,8.442413899774147
2002-10-29,8.12105127267499
2002-10-30,7.848604630666831
2002-10-31,7.5679761097557865
2002-11-01,7.667859022775319
2002-11-04,7.393209993711733
2002-11-05,7.237545122558923
2002-11-06,7.0214252398349535
2002-11-07,7.088789207164615
2002-11-08,6.883339163213851
2002-11-11,6.664376414735838
2002-11-12,7.923395025924194
2002-11-13,7.975945164504497
2002-11-14,8.432517797408188
2002-11-15,8.132015751406614
2002-11-18,7.8327796569888255
2002-11-19,8.057179636200315
2002-11-20,7.768513319049717
2002-11-21,7.768534266627169
2002-11-22,7.778162025686243
2002-11-25,7.5388928611406
2002-11-26,8.362026454039704
2002-11-27,8.143078577333215
2002-11-28,7.9631599460465
2002-11-29,8.636795283797031
2002-12-02,8.426253489081205
2002-12-03,8.133382031771129
2002-12-04,7.8264448506650695
2002-12-05,7.649073677793047
2002-12-06,7.432233659938504
2002-12-09,7.873140460423998
2002-12-10,7.634359607459611
2002-12-11,7.407559048442977
2002-12-12,8.237088972400915
2002-12-13,7.926362471849463
2002-12-16,7.6349329015342295
2002-12-17,7.431439227657619
2002-12-18,7.746002993165227
2002-12-19,7.640688188682302
2002-12-20,7.478342654649559
2002-12-23,7.238295189654292
2002-12-24,6.993911513911947
2002-12-25,7.007805030141145
2002-12-26,6.82568142067508
2002-12-27,6.626385552582135
2002-12-30,6.4333367119846265
2002-12-31,6.25118593486912
2003-01-01,6.453496998984336
2003-01-02,6.268920987734071
2003-01-03,6.213202658510771
2003-01-06,6.080563357817211
2003-01-07,6.135092629451502
2003-01-08,6.023524700397923
2003-01-09,6.3500517910143035
2003-01-10,7.3953551295007145
2003-01-13,7.1645986493275915
2003-01-14,7.279719296877377
2003-01-15,7.0520558864081115
2003-01-16,6.871806528318504
2003-01-17,6.716986375054782
2003-01-20,6.582029106698821
2003-01-21,6.385786963878932
2003-01-22,7.291987071450234
2003-01-23,7.043585271120923
2003-01-24,6.906178001182882
2003-01-27,7.5893337595987385
2003-01-28,7.606210544213619
2003-01-29,8.39929047158158
2003-01-30,9.481693009292595
2003-01-31,9.147557845108759
2003-02-03,8.955635705311492
2003-02-04,8.664421838302289
2003-02-05,8.334346025637508
2003-02-06,8.380293081243709
2003-02-07,8.15396619896843
2003-02-10,7.848943043583739
2003-02-11,8.1690164423538
2003-02-12,7.861767141161753
2003-02-13,7.574485267737577
2003-02-14,7.361120279276968
2003-02-17,7.300506682076632
2003-02-18,7.233908519290169
2003-02-19,7.049885575557136
2003-02-20,6.85497163471853
2003-02-21,7.092570930569825
2003-02-24,7.038821862788733
2003-02-25,6.834489812238223
2003-02-26,6.710022794833608
2003-02-27,6.8413099036213545
2003-02-28,7.074997721698416
2003-03-03,6.87178592793377
2003-03-04,6.686673812325538
2003-03-05,6.579240926585182
2003-03-06,6.4767144680824655
2003-03-07,6.395629360484774
2003-03-10,6.372073348260244
2003-03-11,6.2136195696238765
2003-03-12,6.095987461304221
2003-03-13,8.632965128692119
2003-03-14,8.351598217741609
2003-03-17,8.400971766701192
2003-03-18,8.2337863273791
2003-03-19,7.958424602305442
2003-03-20,7.6634791775864946
2003-03-21,7.628778102303434
2003-03-24,7.442903933401206
2003-03-25,7.489750814109733
2003-03-26,7.523922366714523
2003-03-27,10.155697773807393
2003-03-28,9.781456551526245
2003-03-31,9.384495414441556
2003-04-01,9.40226242144168
2003-04-02,9.038714570460646
2003-04-03,9.827854129140784
2003-04-04,9.46941980850015
2003-04-07,9.634608512520037
2003-04-08,9.233656301156309
2003-04-09,8.858972528153263
2003-04-10,8.787857636481801
2003-04-11,8.48519967940384
2003-04-14,8.186491236387187
2003-04-15,7.9157558717140235
2003-04-16,7.648586097800691
2003-04-17,7.6253875310061945
2003-04-18,7.431917043217145
2003-04-21,7.23117247231205
2003-04-22,7.01435247651965
2003-04-23,6.932270799257018
2003-04-24,6.732739593778474
2003-04-25,6.543384224825423
2003-04-28,6.635249615832044
2003-04-29,6.5238778587808985
2003-04-30,6.964029857528285
2003-05-01,7.227646199965607
2003-05-02,7.076282455581823
2003-05-05,7.485362161335165
2003-05-06,7.245692333316647
2003-05-07,7.3396959495177585
2003-05-08,7.181732974773574
2003-05-09,7.3873572974655195
2003-05-12,7.132382630494753
2003-05-13,6.906378543313943
2003-05-14,7.303549772393958
2003-05-15,7.130964446709868
2003-05-16,6.975334088216388
2003-05-19,6.823540537866651
2003-05-20,6.616274599995154
2003-05-21,7.163571442835261
2003-05-22,6.929789082841042
2003-05-23,8.788748662317918
2003-05-26,8.458370899749301
2003-05-27,8.700730159976155
2003-05-28,8.395061432015213
2003-05-29,8.07065634684371
2003-05-30,8.335355717034625
2003-06-02,8.060807347880333
2003-06-03,7.8173391472282905
2003-06-04,7.532184692276387
2003-06-05,7.527352319910054
2003-06-06,7.432897885173131
2003-06-09,7.941222636176388
2003-06-10,7.711415918809569
2003-06-11,8.000601206329598
2003-06-12,8.11651589311578
2003-06-13,7.8320917530793634
2003-06-16,7.556006315912019
2003-06-17,7.28892139238746
2003-06-18,7.3000989627887725
2003-06-19,7.087035715009389
2003-06-20,6.8535143291667655
2003-06-23,6.889308406462177
2003-06-24,7.679858276111843
2003-06-25,7.449286846820999
2003-06-26,9.803705839220077
2003-06-27,9.390497226422253
2003-06-30,9.031024027971016
2003-07-01,8.786428086236972
2003-07-02,8.611131395700761
2003-07-03,8.273950884620307
2003-07-04,8.1847051351655
2003-07-07,8.155452888716011
2003-07-08,7.897542347947537
2003-07-09,7.615170261298564
2003-07-10,8.059873939279214
2003-07-11,7.940519693540324
2003-07-14,7.732803780368819
2003-07-15,7.876344823522507
2003-07-16,7.701303877366018
2003-07-17,7.438108195526406
2003-07-18,7.265065414535573
2003-07-21,7.491974558340947
2003-07-22,7.296722136035242
2003-07-23,7.08297231000271
2003-07-24,6.875761950196023
2003-07-25,7.369208601535729
2003-07-28,7.141681675954214
2003-07-29,6.984330602767752
2003-07-30,6.827189366713273
2003-07-31,6.709841589963131
2003-08-01,6.610849903020453
2003-08-04,6.4286524646605505
2003-08-05,6.578463222009166
2003-08-06,6.405683497897656
2003-08-07,7.038754398457962
2003-08-08,7.586116939403959
2003-08-11,7.328384625473128
2003-08-12,7.088510714396649
2003-08-13,7.169423345558615
2003-08-14,7.103897408102076
2003-08-15,7.089972438299565
2003-08-18,6.915101166746517
2003-08-19,6.795559128675887
2003-08-20,6.887774291270532
2003-08-21,6.804501525820489
2003-08-22,6.605949309261183
2003-08-25,6.540314122595956
2003-08-26,6.355669811891448
2003-08-27,6.510420468160486
2003-08-28,6.891406637003089
2003-08-29,6.7137752599991005
2003-09-01,6.668907510938245
2003-09-02,6.535238586858961
2003-09-03,6.460116215193446
2003-09-04,6.490999188495454
2003-09-05,6.340421220503516
2003-09-08,6.353285174137749
2003-09-09,6.178097676506013
2003-09-10,6.06676438435437
2003-09-11,6.078025901757699
2003-09-12,6.754908537000342
2003-09-15,7.50767902516593
2003-09-16,7.344380665306191
2003-09-17,7.172170671801356
2003-09-18,7.037428279860234
2003-09-19,6.807270058634515
2003-09-22,6.596788708297104
2003-09-23,6.715684590131127
2003-09-24,6.960113011374717
2003-09-25,7.081853845117248
2003-09-26,7.505343999875938
2003-09-29,7.524670243443152
2003-09-30,7.3789764058954725
2003-10-01,7.1383926280719825
2003-10-02,6.970312015751498
2003-10-03,6.777237384761678
2003-10-06,7.904284899121781
2003-10-07,7.678577146115452
2003-10-08,8.082898329918836
2003-10-09,8.119850190305073
2003-10-10,7.852346629677569
2003-10-13,7.923452039273752
2003-10-14,7.705739445717485
2003-10-15,7.5093938638991915
2003-10-16,7.312675671538115
2003-10-17,7.529878693213436
2003-10-20,7.894393109359628
2003-10-21,7.95251134747658
2003-10-22,8.389036823437078
2003-10-23,8.273733953886914
2003-10-24,8.02641901571832
2003-10-27,10.546243627741507
2003-10-28,10.097224891237119
2003-10-29,9.663862819760183
2003-10-30,9.256787453369123
2003-10-31,8.959164771694011
2003-11-03,9.455940494033346
2003-11-04,9.069395202491807
2003-11-05,8.92567199914836
2003-11-06,8.6102624847494
2003-11-07,8.502418366266818
2003-11-10,8.55315216927459
2003-11-11,9.298621774404431
2003-11-12,8.917971912983084
2003-11-13,8.56789144583315
2003-11-14,8.231882211043366
2003-11-17,8.18888511749096
2003-11-18,7.894895105327098
2003-11-19,7.9901422287720125
2003-11-20,7.700061435231647
2003-11-21,7.9446160039299905
2003-11-24,8.39531244421005
2003-11-25,8.159831600232096
2003-11-26,7.851471330706331
2003-11-27,7.692408297662731
2003-11-28,7.747622824283623
2003-12-01,7.467102501436597
2003-12-02,7.208843779782169
2003-12-03,7.074063036964212
2003-12-04,7.268026197162197
2003-12-05,7.862662416586841
2003-12-08,7.68437131446388
2003-12-09,7.419620767440856
2003-12-10,7.2607144625936915
2003-12-11,7.7478689791934094
2003-12-12,7.481564885021527
2003-12-15,8.29220881197223
2003-12-16,8.346328064704679
2003-12-17,8.028632110222416
2003-12-18,7.761856710128029
2003-12-19,7.946515893553953
2003-12-22,7.6551524147561585
2003-12-23,7.395491218858533
2003-12-24,7.175352140198954
2003-12-25,7.053485351156305
2003-12-26,6.851327540430266
2003-12-29,6.637882718003251
2003-12-30,6.439214081953519
2003-12-31,7.044751955740254
2004-01-01,6.814489598652691
2004-01-02,6.613066323075423
2004-01-05,6.439042685122096
2004-01-06,6.269221318077698
2004-01-07,6.121631235013968
2004-01-08,6.010225606532813
2004-01-09,6.309677268554391
2004-01-12,6.196558210295068
2004-01-13,6.109297733822348
2004-01-14,6.198684640971843
2004-01-15,6.1716877952286895
2004-01-16,6.037119814325175
2004-01-19,7.118381947101227
2004-01-20,7.169180225606826
2004-01-21,8.34698080742471
2004-01-22,8.0508755132488
2004-01-23,7.789839246941276
2004-01-26,7.615646639679283
2004-01-27,7.551149511819999
2004-01-28,7.322518266558963
2004-01-29,7.25215787861274
2004-01-30,7.313002003394388
2004-02-02,7.2511457795305185
2004-02-03,10.82874418716826
2004-02-04,11.424202504714044
2004-02-05,11.979612604107805
2004-02-06,11.430214324640831
2004-02-09,10.918474398848586
2004-02-10,10.449196098937003
2004-02-11,10.600282265088781
2004-02-12,10.524495944503627
2004-02-13,10.109289648265182
2004-02-16,9.731881313115045
2004-02-17,9.402055359108523
2004-02-18,9.140672301675878
2004-02-19,9.20836956437242
2004-02-20,9.603058403827276
2004-02-23,9.72609430959845
2004-02-24,10.509030156474699
2004-02-25,10.053166728709957
2004-02-26,9.705649083381141
2004-02-27,10.678915357291777
2004-03-01,10.715507974027984
2004-03-02,10.445047357791271
2004-03-03,9.999503011128077
2004-03-04,10.034657572201242
2004-03-05,9.918243811419641
2004-03-08,10.052289443703152
2004-03-09,10.17474171260367
2004-03-10,9.77193306630567
2004-03-11,9.434416865329258
2004-03-12,9.154173873980566
2004-03-15,10.882373867261778
2004-03-16,11.312917512975167
2004-03-17,10.930840985563277
2004-03-18,10.955664085378482
2004-03-19,10.605948808879008
2004-03-22,10.140037946572933
2004-03-23,9.813410179234804
2004-03-24,10.16943696785871
2004-03-25,10.046879027308139
2004-03-26,9.615931850263578
2004-03-29,9.359983989153184
2004-03-30,9.510546885495309
2004-03-31,9.140675978713416
2004-04-01,9.183701837858381
2004-04-02,9.131592808024008
2004-04-05,8.812743150577653
2004-04-06,8.675058149437934
2004-04-07,8.362203841495404
2004-04-08,8.141022893665857
2004-04-09,7.861184679351307
2004-04-12,7.591252405268926
2004-04-13,8.885103433670867
2004-04-14,8.55737058857906
2004-04-15,8.332431505188312
2004-04-16,8.056516969684635
2004-04-19,9.42588184058328
2004-04-20,9.662925237960488
2004-04-21,9.267226868951171
2004-04-22,8.894806696214513
2004-04-23,8.631283489926352
2004-04-26,8.323420744446345
2004-04-27,8.003711476621403
2004-04-28,7.7097371844389775
2004-04-29,7.599522189063558
2004-04-30,7.4428271398759245
2004-05-03,8.545692007309459
2004-05-04,9.971391457469776
2004-05-05,9.78230989291381
2004-05-06,9.380505115116215
2004-05-07,9.443008747637194
2004-05-10,9.105607740395124
2004-05-11,10.44534508790345
2004-05-12,11.425363429031231
2004-05-13,15.894349365419886
2004-05-14,15.857163425679227
2004-05-17,15.148395156846284
2004-05-18,14.99210421426035
2004-05-19,14.28998092257453
2004-05-20,15.506353825486164
2004-05-21,15.20625151352815
2004-05-24,14.514860995998633
2004-05-25,14.699777735469816
2004-05-26,14.783068932529702
2004-05-27,14.160006889955019
2004-05-28,13.587977189030838
2004-05-31,12.989166658603244
2004-06-01,12.41119627515819
2004-06-02,11.946303071393103
2004-06-03,11.401174559229267
2004-06-04,11.649203919773848
2004-06-07,11.127672513254959
2004-06-08,10.636512016458417
2004-06-09,10.383239191819076
2004-06-10,10.429629096514192
2004-06-11,10.01751782551953
2004-06-14,9.614123480843851
2004-06-15,9.512501044721787
2004-06-16,9.184468740561282
2004-06-17,9.088503380906774
2004-06-18,8.787783980928761
2004-06-21,8.466860764382352
2004-06-22,8.172987878489392
2004-06-23,7.867520179409907
2004-06-24,8.117772861814924
2004-06-25,7.816105184486447
2004-06-28,7.58392145083861
2004-06-29,7.3540595117429195
2004-06-30,7.438278182840403
2004-07-01,7.187214769265035
2004-07-02,6.960673402155091
2004-07-05,6.7363451767165925
2004-07-06,6.549560865893095
2004-07-07,6.444034786675182
2004-07-08,6.262054480259622
2004-07-09,6.186219651804465
2004-07-12,6.022284125938924
2004-07-13,5.884565677385465
2004-07-14,5.883494303725764
2004-07-15,5.801276607718952
2004-07-16,6.027031197230633
2004-07-19,6.061487664511458
2004-07-20,6.090902588149569
2004-07-21,6.194078590929763
2004-07-22,6.232672895730805
2004-07-23,6.148164022822966
2004-07-26,6.931659557076178
2004-07-27,6.761291112490452
2004-07-28,6.576569388260401
2004-07-29,6.593710094801931
2004-07-30,6.469463723665678
2004-08-02,6.371589391213255
2004-08-03,6.68735790865464
2004-08-04,6.50326076327229
2004-08-05,6.677211891105575
2004-08-06,6.497408437650295
2004-08-09,6.565703915411913
2004-08-10,6.434794498045952
2004-08-11,6.560607962570223
2004-08-12,6.3657932448801215
2004-08-13,6.488020543733588
2004-08-16,6.387604172668008
2004-08-17,6.3068521706268434
2004-08-18,6.241780083963597
2004-08-19,6.212783072097647
2004-08-20,6.516342709178084
2004-08-23,6.326216347051932
2004-08-24,6.276226110147334
2004-08-25,6.278829248493188
2004-08-26,6.342547501287416
2004-08-27,6.530344844848659
2004-08-30,6.409841429532136
2004-08-31,6.360400732072984
2004-09-01,6.6686325783404
2004-09-02,7.247111004443779
2004-09-03,7.289429826862641
2004-09-06,7.041085649073347
2004-09-07,6.824167925523735
2004-09-08,6.667685321948137
2004-09-09,6.4979142402049055
2004-09-10,6.4717057982650505
2004-09-13,6.524770368501257
2004-09-14,6.386069975172868
2004-09-15,6.20440398556143
2004-09-16,6.258279225373013
2004-09-17,6.105862530978199
2004-09-20,5.971688664927216
2004-09-21,6.1234021926352336
2004-09-22,6.189055554663145
2004-09-23,6.238515386062902
2004-09-24,6.077770664267023
2004-09-27,6.481526847384441
2004-09-28,6.292831030926106
2004-09-29,6.127013771270688
2004-09-30,7.129422779619365
2004-10-01,7.38346227455167
2004-10-04,7.344120896562569
2004-10-05,7.121941749196938
2004-10-06,7.35120610629253
2004-10-07,7.170512997439537
2004-10-08,6.950602691133704
2004-10-11,6.759997408401911
2004-10-12,6.571786604226256
2004-10-13,7.825654149442397
2004-10-14,7.542171594702122
2004-10-15,7.276019608840757
2004-10-18,7.132482142445062
2004-10-19,7.135338071656827
2004-10-20,6.905129913602379
2004-10-21,7.032698544201969
2004-10-22,6.928574731720058
2004-10-25,9.00778217619743
2004-10-26,8.820425030777407
2004-10-27,8.807857353096573
2004-10-28,9.728965302084838
2004-10-29,9.341640609435904
2004-11-01,9.747901833332778
2004-11-02,9.459065665570709
2004-11-03,9.091250277784132
2004-11-04,8.911032390185499
2004-11-05,8.782520451548502
2004-11-08,8.439521526863576
2004-11-09,8.280061663539083
2004-11-10,7.966086959877127
2004-11-11,7.67264626600305
2004-11-12,7.847408825511575
2004-11-15,7.606355553841372
2004-11-16,7.384018923983114
2004-11-17,7.133224374421182
2004-11-18,7.052736862127539
2004-11-19,7.151311648365014
2004-11-22,6.913061185632432
2004-11-23,6.888600251155825
2004-11-24,6.679963825866642
2004-11-25,7.666421298912962
2004-11-26,7.594741259744359
2004-11-29,7.449784043375365
2004-11-30,7.219225067604335
2004-12-01,7.049689845392606
2004-12-02,6.818590210732007
2004-12-03,6.648946422692244
2004-12-06,6.513724945279676
2004-12-07,6.419044978357701
2004-12-08,6.398571083297726
2004-12-09,6.216154956839059
2004-12-10,6.05005819353487
2004-12-13,5.924818781474634
2004-12-14,7.03689080236761
2004-12-15,7.5783637188121995
2004-12-16,7.348972072942995
2004-12-17,8.207468581798901
2004-12-20,8.088351172146869
2004-12-21,7.807918186477515
2004-12-22,9.503388811016533
2004-12-23,9.674925224002083
2004-12-24,9.300595921020005
2004-12-27,8.928236984158255
2004-12-28,8.604838830070292
2004-12-29,8.314848935587202
2004-12-30,8.118977825809514
2004-12-31,7.9387656985931105
2005-01-03,7.659899282308996
2005-01-04,7.385538756369323
2005-01-05,7.259496281078932
2005-01-06,7.013573449649542
2005-01-07,8.502970754427693
2005-01-10,9.966324975021198
2005-01-11,9.557279605799156
2005-01-12,9.209405475703294
2005-01-13,8.833826177703761
2005-01-14,8.486297498679695
2005-01-17,8.31818825443902
2005-01-18,8.42330430871139
2005-01-19,8.156553285118825
2005-01-20,7.929375468933412
2005-01-21,8.182859032389587
2005-01-24,8.028743065116046
2005-01-25,9.099998568707893
2005-01-26,8.729507555398763
2005-01-27,8.77829116133581
2005-01-28,8.447782658719918
2005-01-31,8.378533270769283
2005-02-01,8.057702771119475
2005-02-02,7.777504703734671
2005-02-03,7.602739163199212
2005-02-04,7.333255927638165
2005-02-07,7.2772617253318135
2005-02-08,7.080798006290467
2005-02-09,7.096693116876669
2005-02-10,6.9968000872986575
2005-02-11,6.79731861096532
2005-02-14,7.406626659670868
2005-02-15,7.154730705827184
2005-02-16,7.030029944601981
2005-02-17,6.868049746044353
2005-02-18,6.713937716748477
2005-02-21,6.917285629853786
2005-02-22,6.748862643602452
2005-02-23,6.546300567558779
2005-02-24,6.353842953969575
2005-02-25,6.291701672329187
2005-02-28,6.117431142921269
2005-03-01,7.236279108710961
2005-03-02,7.318110637112937
2005-03-03,7.782940515036673
2005-03-04,7.640004523348837
2005-03-07,8.413471022541646
2005-03-08,8.276022973822977
2005-03-09,7.963517010931839
2005-03-10,7.867412080442513
2005-03-11,7.668396484208763
2005-03-14,8.263134403658174
2005-03-15,8.519570107376316
2005-03-16,8.27630076028253
2005-03-17,8.642411476203387
2005-03-18,8.301509276804648
2005-03-21,8.510227643513613
2005-03-22,8.359928160005158
2005-03-23,8.321787029135606
2005-03-24,8.979126257192108
2005-03-25,8.621672312380056
2005-03-28,8.283296996000207
2005-03-29,9.395447389425067
2005-03-30,9.17810492375188
2005-03-31,8.896425144212142
2005-04-01,8.885772207456132
2005-04-04,8.645998243768773
2005-04-05,8.344235524520911
2005-04-06,8.056698746983232
2005-04-07,8.22235866883849
2005-04-08,7.9516430742505415
2005-04-11,7.689561571909359
2005-04-12,7.618292828327482
2005-04-13,7.441033176108135
2005-04-14,7.237297951364403
2005-04-15,7.2451899291047575
2005-04-18,7.010458415609988
2005-04-19,8.542901041085859
2005-04-20,8.314467869182344
2005-04-21,9.685855925482073
2005-04-22,9.906850456826662
2005-04-25,9.585270505278
2005-04-26,9.186208301663074
2005-04-27,8.816585484183753
2005-04-28,8.583152629920853
2005-04-29,8.762851734772036
2005-05-02,8.496758471675498
2005-05-03,9.103954475493213
2005-05-04,8.780380526385116
2005-05-05,8.43628057175643
2005-05-06,8.112724663240895
2005-05-09,8.049675461936843
2005-05-10,7.834814595742356
2005-05-11,7.865596709529709
2005-05-12,7.6132898721102436
2005-05-13,7.688494674719441
2005-05-16,7.9042104473204695
2005-05-17,8.018163507035606
2005-05-18,7.7231677863843995
2005-05-19,7.494115787338329
2005-05-20,7.363558044051413
2005-05-23,7.122454608227808
2005-05-24,6.943699352205938
2005-05-25,7.226176926302797
2005-05-26,7.82427816136179
2005-05-27,7.569822915972963
2005-05-30,7.307440782530079
2005-05-31,7.05869557561714
2005-06-01,6.876762732019247
2005-06-02,6.69193418108525
2005-06-03,6.492361295722821
2005-06-06,6.339878819253676
2005-06-07,6.314788057060301
2005-06-08,6.467286823627705
2005-06-09,7.331044195449891
2005-06-10,7.080927648596576
2005-06-13,6.9138530842271715
2005-06-14,6.8046683910730605
2005-06-15,6.602495300036241
2005-06-16,6.548257255648208
2005-06-17,6.525658614655339
2005-06-20,6.334674616136042
2005-06-21,6.254433373605311
2005-06-22,6.227619252690717
2005-06-23,6.65841092518698
2005-06-24,6.54874420019092
2005-06-27,6.3924222771145836
2005-06-28,6.244160543411867
2005-06-29,6.567600334402299
2005-06-30,6.7082071772413245
2005-07-01,6.593196025072139
2005-07-04,6.396023094021581
2005-07-05,6.667192588547957
2005-07-06,6.717943983844552
2005-07-07,6.6506800235378405
2005-07-08,6.478271161683373
2005-07-11,6.294477942893129
2005-07-12,6.671344475267353
2005-07-13,6.857314861224184
2005-07-14,6.71025705710101
2005-07-15,6.5717686545108185
2005-07-18,6.377379589441656
2005-07-19,6.213606034496984
2005-07-20,6.414396542883028
2005-07-21,6.2402305127040645
2005-07-22,6.727892499959024
2005-07-25,6.9721336192073675
2005-07-26,6.762328817699408
2005-07-27,6.689271761516744
2005-07-28,7.145860666110155
2005-07-29,6.935472327868056
2005-08-01,6.893765003064234
2005-08-02,6.702988236663029
2005-08-03,6.516340936794776
2005-08-04,6.4402246275620385
2005-08-05,6.4527790841672354
2005-08-08,7.475071012198217
2005-08-09,8.489010297254794
2005-08-10,8.22393663864671
2005-08-11,7.982345886638387
2005-08-12,7.7588291169995625
2005-08-15,7.486257476661121
2005-08-16,7.2492797515063625
2005-08-17,7.027982718981288
2005-08-18,7.518112626060762
2005-08-19,7.254896772590263
2005-08-22,7.188534215794857
2005-08-23,7.013374821201738
2005-08-24,7.9557158858859145
2005-08-25,8.288666729810734
2005-08-26,7.995868950060695
2005-08-29,9.595616030124765
2005-08-30,9.319465189578326
2005-08-31,8.937638743674738
2005-09-01,9.268401903651462
2005-09-02,8.886593244036558
2005-09-05,8.906566499969195
2005-09-06,8.600156441938895
2005-09-07,8.365383000887622
2005-09-08,8.049377176764233
2005-09-09,7.998994639812715
2005-09-12,8.70449164825236
2005-09-13,8.585306440274213
2005-09-14,8.345597660917392
2005-09-15,8.039439226301933
2005-09-16,8.37443196246275
2005-09-19,8.076628303309038
2005-09-20,7.786552722594088
2005-09-21,7.503367853034591
2005-09-22,7.577431044574005
2005-09-23,7.314578903163765
2005-09-26,7.088556083825724
2005-09-27,7.0676816774212705
2005-09-28,6.83940700117092
2005-09-29,6.658536296242351
2005-09-30,6.48712962610244
2005-10-03,6.333070835483739
2005-10-04,6.160101298667223
2005-10-05,6.0555818760653874
2005-10-06,5.97229627363629
2005-10-07,5.823891088258083
2005-10-10,7.296925354124471
2005-10-11,7.05416092053059
2005-10-12,8.482506746010614
2005-10-13,8.186264457993568
2005-10-14,8.069701184675427
2005-10-17,8.033270924354023
2005-10-18,8.952239696975418
2005-10-19,9.120609614236033
2005-10-20,8.78438649960144
2005-10-21,8.625706329495694
2005-10-24,9.9396053872576
2005-10-25,9.561746906034543
2005-10-26,9.203151103352125
2005-10-27,8.87861229942186
2005-10-28,8.547094885670049
2005-10-31,8.391206940027216
2005-11-01,10.700511934250835
2005-11-02,10.255326127383805
2005-11-03,9.821466408312661
2005-11-04,10.62015671122298
2005-11-07,10.155681489765163
2005-11-08,10.066672921877126
2005-11-09,10.053999932907303
2005-11-10,9.632803637748687
2005-11-11,9.820279374648878
2005-11-14,9.615855191026425
2005-11-15,9.625700710131218
2005-11-16,9.589075984110087
2005-11-17,9.879002638482332
2005-11-18,9.468210694781487
2005-11-21,9.173394759405047
2005-11-22,9.537824178540925
2005-11-23,9.340184519631254
2005-11-24,9.007310141210787
2005-11-25,8.942736199668532
2005-11-28,8.821724900908261
2005-11-29,8.741187131032794
2005-11-30,8.40275778728023
2005-12-01,8.368647852021697
2005-12-02,8.045874954891156
2005-12-05,8.060403439850443
2005-12-06,7.955549694451652
2005-12-07,8.15602334807169
2005-12-08,8.364884258974978
2005-12-09,8.04258368137685
2005-12-12,7.743996265218583
2005-12-13,7.64261879657026
2005-12-14,8.47053451515314
2005-12-15,8.216454894769825
2005-12-16,8.261269579916899
2005-12-19,8.171419755122567
2005-12-20,7.9008800787152955
2005-12-21,7.614179033518589
2005-12-22,8.420472775981796
2005-12-23,8.196274107574025
2005-12-26,8.686579063063617
2005-12-27,8.343202867306013
2005-12-28,8.034578481234043
2005-12-29,7.736153225024766
2005-12-30,7.519874695311351
2006-01-02,7.25634225760797
2006-01-03,7.060293988068184
2006-01-04,6.844956360963549
2006-01-05,6.710924391447347
2006-01-06,7.425376017127988
2006-01-09,7.7546089815154895
2006-01-10,7.727595372634341
2006-01-11,7.512278178749071
2006-01-12,7.338291761640973
2006-01-13,7.240567691061517
2006-01-16,7.079482299865585
2006-01-17,6.98397555923594
2006-01-18,6.848617549572785
2006-01-19,6.638801795354458
2006-01-20,6.914531451639654
2006-01-23,7.480994219765698
2006-01-24,7.952874884132681
2006-01-25,7.788415997669493
2006-01-26,7.987777374454117
2006-01-27,7.936730117987635
2006-01-30,7.91012317586836
2006-01-31,7.679323753766371
2006-02-01,7.58969888525824
2006-02-02,7.337229766523476
2006-02-03,7.08611450262697
2006-02-06,6.8538413241507445
2006-02-07,7.076362899845686
2006-02-08,7.578046451147843
2006-02-09,7.574337082040243
2006-02-10,7.503112721532364
2006-02-13,7.6030096857566285
2006-02-14,7.450662899364741
2006-02-15,7.1988790604854795
2006-02-16,7.725124431349892
2006-02-17,7.458280853384826
2006-02-20,7.231479369189672
2006-02-21,6.994398304576014
2006-02-22,6.835997918207322
2006-02-23,6.709860166927679
2006-02-24,6.581154858951473
2006-02-27,6.392464360758197
2006-02-28,6.2715325270147995
2006-03-01,6.192536897191861
2006-03-02,6.2234940578092095
2006-03-03,7.54087342037165
2006-03-06,7.452198438215055
2006-03-07,7.197250368884083
2006-03-08,6.961805699881638
2006-03-09,6.8585631497060735
2006-03-10,7.5245142657346245
2006-03-13,8.769082639770861
2006-03-14,8.469107304359673
2006-03-15,8.245620016305196
2006-03-16,8.068830861337826
2006-03-17,7.781434089565011
2006-03-20,7.7328043020520765
2006-03-21,7.476198723400022
2006-03-22,7.315150077911539
2006-03-23,7.0653430499111165
2006-03-24,7.3644254866676295
2006-03-27,7.201611332778789
2006-03-28,7.083157886945127
2006-03-29,6.872070757742651
2006-03-30,6.693456470071168
2006-03-31,6.859010583480865
2006-04-03,6.82265153916967
2006-04-04,6.60987627496992
2006-04-05,6.447892909440776
2006-04-06,6.3781807944872115
2006-04-07,6.245047001809321
2006-04-10,6.076469185931343
2006-04-11,5.923998564268953
2006-04-12,6.146447978848956
2006-04-13,6.060447861644484
2006-04-14,6.859619400706349
2006-04-17,6.649340505600349
2006-04-18,6.449936610442013
2006-04-19,6.271148632103593
2006-04-20,6.189192765059167
2006-04-21,6.854662804422335
2006-04-24,6.785192394755093
2006-04-25,6.573767723853666
2006-04-26,6.408337448485137
2006-04-27,6.310527071076836
2006-04-28,6.134894508614437
2006-05-01,6.090120753695156
2006-05-02,6.00104977857609
2006-05-03,6.268852984380201
2006-05-04,6.230941278814373
2006-05-05,6.229420642699607
2006-05-08,6.060390378385633
2006-05-09,5.944485346345927
2006-05-10,6.068146314810317
2006-05-11,6.140016637409437
2006-05-12,6.126866117671101
2006-05-15,6.053639376922818
2006-05-16,6.650719099904686
2006-05-17,7.457411168905846
2006-05-18,11.2395209761796
2006-05-19,10.763452800947874
2006-05-22,10.953237885551964
2006-05-23,12.277019895530184
2006-05-24,11.7119168426226
2006-05-25,13.780250793683162
2006-05-26,13.167600329371506
2006-05-29,12.919488398055577
2006-05-30,12.369481103730164
2006-05-31,12.321765789933742
2006-06-01,11.759163094145814
2006-06-02,12.988028529783191
2006-06-05,12.388079696275055
2006-06-06,11.91082852755285
2006-06-07,11.508252840705158
2006-06-08,11.643965118846468
2006-06-09,12.21014459730717
2006-06-12,13.001581573770284
2006-06-13,12.413219506537006
2006-06-14,13.497815916176592
2006-06-15,13.85283801583138
2006-06-16,15.775575066873015
2006-06-19,15.188737570330975
2006-06-20,15.58689524612366
2006-06-21,14.835182254785488
2006-06-22,14.238265746086945
2006-06-23,13.575115476580995
2006-06-26,13.064377074109752
2006-06-27,12.481641989665265
2006-06-28,11.918287085168787
2006-06-29,11.37734343183986
2006-06-30,10.951704273113672
2006-07-03,10.630586685575222
2006-07-04,11.02353245856629
2006-07-05,10.630202332598259
2006-07-06,10.333909646823463
2006-07-07,9.885289797479098
2006-07-10,10.339754183337583
2006-07-11,9.91168222812065
2006-07-12,9.492278746791813
2006-07-13,9.10416649274322
2006-07-14,8.851052358585127
2006-07-17,8.706446713415552
2006-07-18,10.143073436693628
2006-07-19,10.12182508559357
2006-07-20,10.164600109092671
2006-07-21,9.727459878947686
2006-07-24,9.71100536170215
2006-07-25,9.376240494222133
2006-07-26,9.485745096288959
2006-07-27,9.356475955717636
2006-07-28,9.117984324455783
2006-07-31,8.761584967553912
2006-08-01,8.51759871469007
2006-08-02,8.269282614130866
2006-08-03,7.9533412385239854
2006-08-04,8.047500312604374
2006-08-07,7.875872752024732
2006-08-08,7.587824265288694
2006-08-09,7.352374960784374
2006-08-10,7.138129062879543
2006-08-11,6.912488319709579
2006-08-14,6.69404007256306
2006-08-15,6.802061239163032
2006-08-16,6.589477037676549
2006-08-17,6.446747913156017
2006-08-18,6.629034525867021
2006-08-21,6.4298376774034525
2006-08-22,6.253908254554523
2006-08-23,6.325496693997417
2006-08-24,6.232703241018638
2006-08-25,6.0901598306382265
2006-08-28,6.4187773343639485
2006-08-29,6.250079710496726
2006-08-30,6.079918067305897
2006-08-31,5.9783621626334025
2006-09-01,5.9235913546423795
2006-09-04,5.815728708691466
2006-09-05,5.684962373992624
2006-09-06,5.66174808816399
2006-09-07,5.559713865906736
2006-09-08,5.444977367971537
2006-09-11,6.884387998469146
2006-09-12,6.87292736593387
2006-09-13,6.654759027531113
2006-09-14,7.5956857275909435
2006-09-15,7.459321556025454
2006-09-18,7.433412449963954
2006-09-19,7.248455175109908
2006-09-20,7.005525878753656
2006-09-21,6.777968937870293
2006-09-22,6.622046419237104
2006-09-25,6.456491208730628
2006-09-26,6.6921757792198715
2006-09-27,7.001859448660534
2006-09-28,6.7932448368177285
2006-09-29,7.066763693441838
2006-10-02,6.853614878698497
2006-10-03,6.637070942354284
2006-10-04,6.448925931423798
2006-10-05,6.271272895425062
2006-10-06,6.146949264957961
2006-10-09,6.3694770389312705
2006-10-10,6.276273973881156
2006-10-11,6.225224249922681
2006-10-12,6.133891278687923
2006-10-13,6.02447699005303
2006-10-16,5.8948530627163604
2006-10-17,5.891623595516719
2006-10-18,5.79541529832224
2006-10-19,5.668825886469559
2006-10-20,5.907775053211479
2006-10-23,5.903872887540778
2006-10-24,5.773295132618116
2006-10-25,5.647292559475092
2006-10-26,5.555682717025395
2006-10-27,5.461740312995689
2006-10-30,5.46185441078581
2006-10-31,5.388208816423157
2006-11-01,5.496519569377157
2006-11-02,5.3864011966908985
2006-11-03,5.724938234099719
2006-11-06,5.770610174774803
2006-11-07,5.717804347301256
2006-11-08,5.59104510646696
2006-11-09,5.891342033488971
2006-11-10,5.835297577610631
2006-11-13,5.6980683051942815
2006-11-14,5.594362441073795
2006-11-15,5.5251722378622565
2006-11-16,5.4153577859738435
2006-11-17,5.6248341339088315
2006-11-20,5.50877447080328
2006-11-21,5.410859594612805
2006-11-22,5.87042185806108
2006-11-23,5.731240038603353
2006-11-24,5.92041250561435
2006-11-27,5.910571393926666
2006-11-28,5.811384269748355
2006-11-29,5.8351363750302685
2006-11-30,5.971291195728079
2006-12-01,5.880677670402901
2006-12-04,6.656942458897351
2006-12-05,6.466367630225526
2006-12-06,6.308063022744362
2006-12-07,6.194488688262219
2006-12-08,6.334762163343993
2006-12-11,6.215278630531008
2006-12-12,6.048512313119641
2006-12-13,5.93059971155192
2006-12-14,5.799765263353243
2006-12-15,5.69049764903795
2006-12-18,5.647541142118569
2006-12-19,5.6801811197304115
2006-12-20,5.70544668012611
2006-12-21,5.645677905605312
2006-12-22,5.929858555909365
2006-12-25,6.099482909244777
2006-12-26,5.9745869075144515
2006-12-27,5.835565291487617
2006-12-28,5.69960830281469
2006-12-29,5.6153060449379435
2007-01-01,5.732233327824162
2007-01-02,5.644474059388207
2007-01-03,5.53880966563879
2007-01-04,5.526519728104802
2007-01-05,5.457544525924015
2007-01-08,5.362285343662459
2007-01-09,5.724168704483456
2007-01-10,6.068535853057956
2007-01-11,5.9333215245598625
2007-01-12,6.264673169883467
2007-01-15,7.226655096812828
2007-01-16,7.748123790489715
2007-01-17,7.620952156005246
2007-01-18,7.4935319492651065
2007-01-19,7.261679543006304
2007-01-22,7.021357402145682
2007-01-23,6.844529624916714
2007-01-24,6.633185468448122
2007-01-25,6.523782700969591
2007-01-26,6.95154949685023
2007-01-29,7.262689879702282
2007-01-30,7.26367654841919
2007-01-31,7.123487925446022
2007-02-01,6.924652080839961
2007-02-02,6.756705304469203
2007-02-05,6.642966111753727
2007-02-06,7.181219349276383
2007-02-07,6.942501140708675
2007-02-08,6.738949352085777
2007-02-09,6.713174744917441
2007-02-12,6.5068865430954
2007-02-13,6.59895827514995
2007-02-14,6.4127396127473615
2007-02-15,6.71039540076487
2007-02-16,6.719057491790102
2007-02-19,6.850222352648679
2007-02-20,6.634033116893169
2007-02-21,6.438841431695192
2007-02-22,6.4875201347722085
2007-02-23,6.891820097865812
2007-02-26,6.757705038672756
2007-02-27,6.755292211816188
2007-02-28,7.232850732687324
2007-03-01,7.163675849579269
2007-03-02,11.575442794451043
2007-03-05,11.233315020623598
2007-03-06,10.793990722478382
2007-03-07,10.707586779592816
2007-03-08,12.469612227485976
2007-03-09,12.875372274553785
2007-03-12,12.273042066657265
2007-03-13,12.077030984564217
2007-03-14,11.567972889921895
2007-03-15,11.053624218730283
2007-03-16,12.28087363782224
2007-03-19,11.765064038411229
2007-03-20,11.547069837244845
2007-03-21,11.027121356599418
2007-03-22,10.762865781593263
2007-03-23,10.324263554893792
2007-03-26,10.075014088020176
2007-03-27,9.725539373838568
2007-03-28,9.323090233103205
2007-03-29,8.952494140574345
2007-03-30,8.866255450185532
2007-04-02,8.535017306813788
2007-04-03,8.418387914426017
2007-04-04,8.092320332869797
2007-04-05,7.811079231079256
2007-04-06,7.891972807911329
2007-04-09,7.666391856220338
2007-04-10,7.510975861862311
2007-04-11,7.2593028548991585
2007-04-12,7.202622380193297
2007-04-13,6.966500382577681
2007-04-16,6.890104251771348
2007-04-17,6.729303283612822
2007-04-18,6.687948701087568
2007-04-19,6.512851265213311
2007-04-20,6.427309874443177
2007-04-23,6.255898596576601
2007-04-24,6.166389202859376
2007-04-25,6.120022007662224
2007-04-26,6.327852308383125
2007-04-27,6.1506693465255395
2007-04-30,6.101479433032726
2007-05-01,6.060179566167646
2007-05-02,5.904914315138037
2007-05-03,5.79330058130814
2007-05-04,5.737037242892276
2007-05-07,5.715417263104935
2007-05-08,5.704805078440785
2007-05-09,5.6026513447404644
2007-05-10,5.500535141619301
2007-05-11,5.5543441345291615
2007-05-14,5.497244373138404
2007-05-15,6.0205298023663145
2007-05-16,5.988207369629644
2007-05-17,6.340010903359325
2007-05-18,6.219283424443648
2007-05-21,6.19499035642564
2007-05-22,6.093983385597497
2007-05-23,6.028800036277412
2007-05-24,5.897205102508329
2007-05-25,6.013310205701571
2007-05-28,5.886255868838048
2007-05-29,6.740098569070876
2007-05-30,6.748262556095312
2007-05-31,6.647173919564745
2007-06-01,6.695556361205451
2007-06-04,6.736870071166573
2007-06-05,6.66885623877761
2007-06-06,6.71393436922552
2007-06-07,6.524061117372843
2007-06-08,6.443506064842386
2007-06-11,6.960263362086344
2007-06-12,8.159590681844216
2007-06-13,8.066358613129172
2007-06-14,7.792386019665242
2007-06-15,7.589975542725064
2007-06-18,7.531369917657573
2007-06-19,7.652733085383226
2007-06-20,7.528983550327204
2007-06-21,7.274184012369501
2007-06-22,7.103349913754715
2007-06-25,7.182977783710922
2007-06-26,6.991140899762703
2007-06-27,6.81786395587076
2007-06-28,6.711677445611302
2007-06-29,6.705171027509432
2007-07-02,6.499903228931201
2007-07-03,6.327162468930002
2007-07-04,6.563797804341975
2007-07-05,6.845748585361788
2007-07-06,6.633660678638596
2007-07-09,6.435605191328678
2007-07-10,6.308711080904281
2007-07-11,6.149396181147072
2007-07-12,6.035234648997953
2007-07-13,6.54641670895601
2007-07-16,6.3548004460422485
2007-07-17,6.197549245167394
2007-07-18,6.233648767460041
2007-07-19,6.08705121117434
2007-07-20,5.980490070847495
2007-07-23,6.003392983763477
2007-07-24,6.01498149337607
2007-07-25,5.978963774186055
2007-07-26,6.123627338532089
2007-07-27,7.220546072411497
2007-07-30,7.806452020187769
2007-07-31,10.83312743189675
2007-08-01,10.393062174229097
2007-08-02,10.396120222475858
2007-08-03,10.092334616309339
2007-08-06,10.82142456455884
2007-08-07,10.48222607595514
2007-08-08,11.219862029656786
2007-08-09,11.052482138789104
2007-08-10,10.597104045072424
2007-08-13,10.527771273425115
2007-08-14,13.177574757181345
2007-08-15,13.201726146358173
2007-08-16,12.590039778541117
2007-08-17,12.028746507218957
2007-08-20,18.33648045052704
2007-08-21,20.089771977479042
2007-08-22,19.581486844469538
2007-08-23,18.855132601451288
2007-08-24,17.98763624934197
2007-08-27,17.59057875830531
2007-08-28,16.752301655770133
2007-08-29,16.033383135729444
2007-08-30,15.248731200339128
2007-08-31,15.310634006029488
2007-09-03,14.839631648686694
2007-09-04,14.172679117691647
2007-09-05,13.850166354624493
2007-09-06,13.20689194819892
2007-09-07,12.585596502195378
2007-09-10,12.311155129120912
2007-09-11,11.743109877774213
2007-09-12,12.49504643321618
2007-09-13,12.102023309659762
2007-09-14,11.719968321158328
2007-09-17,11.207098875594658
2007-09-18,10.730837627372734
2007-09-19,10.259906734372246
2007-09-20,9.820547632549385
2007-09-21,9.487555652240463
2007-09-24,11.565467489068965
2007-09-25,11.271676552650227
2007-09-26,10.799954142345491
2007-09-27,10.361121819642133
2007-09-28,10.04427186278597
2007-10-01,9.907636756587824
2007-10-02,9.674291993507534
2007-10-03,9.270147895399672
2007-10-04,9.375553743701017
2007-10-05,8.987766268121506
2007-10-08,9.26358666013625
2007-10-09,8.882175396612313
2007-10-10,8.871093678322815
2007-10-11,8.538673373000822
2007-10-12,8.2118869695463
2007-10-15,8.101769685809593
2007-10-16,7.918490483035219
2007-10-17,7.669551828148829
2007-10-18,7.404813581387869
2007-10-19,7.7651149825529
2007-10-22,7.776784073733932
2007-10-23,7.623316985439086
2007-10-24,9.09421318915332
2007-10-25,8.756083234200332
2007-10-26,9.080197300059217
2007-10-29,8.833257722515821
2007-10-30,8.525984663497649
2007-10-31,8.701739460703948
2007-11-01,8.528220297376144
2007-11-02,8.27684956760324
2007-11-05,8.126087345910623
2007-11-06,7.904898938554727
2007-11-07,11.068595597114808
2007-11-08,10.713620526712878
2007-11-09,10.243571561238587
2007-11-12,10.802557340637323
2007-11-13,10.654631819614803
2007-11-14,12.152157039473627
2007-11-15,11.607081311304059
2007-11-16,11.61253177821502
2007-11-19,11.50745676494276
2007-11-20,11.199628212577366
2007-11-21,11.990207628716488
2007-11-22,11.483677612615
2007-11-23,13.202189820071478
2007-11-26,12.66602542209037
2007-11-27,12.194931372303868
2007-11-28,11.658723440243431
2007-11-29,11.764069047126002
2007-11-30,11.75499615814766
2007-12-03,11.572308194475676
2007-12-04,11.135454038070183
2007-12-05,10.637499294971851
2007-12-06,10.309610087638717
2007-12-07,10.067340941006002
2007-12-10,9.697875494889036
2007-12-11,9.324173763216157
2007-12-12,8.938933739632292
2007-12-13,9.209061416878846
2007-12-14,8.93233301784128
2007-12-17,11.892729419028665
2007-12-18,12.502260451802224
2007-12-19,13.319007905742705
2007-12-20,12.90719541132668
2007-12-21,12.321412412468968
2007-12-24,11.762545452482836
2007-12-25,11.554179536907204
2007-12-26,11.103517327636647
2007-12-27,10.794760388435881
2007-12-28,10.327951871855534
2007-12-31,10.051544343473788
2008-01-01,9.665756754137139
2008-01-02,9.262731637307107
2008-01-03,8.884888248757841
2008-01-04,8.624449707105354
2008-01-07,9.295590757547116
2008-01-08,9.640944107835606
2008-01-09,10.134303236551858
2008-01-10,9.816974977648554
2008-01-11,9.667967894984184
2008-01-14,9.281500158196128
2008-01-15,9.187666663531576
2008-01-16,9.291021484894271
2008-01-17,10.967534186950749
2008-01-18,13.929364623341318
2008-01-21,13.479543606410099
2008-01-22,13.296038851525552
2008-01-23,17.23886548760289
2008-01-24,17.145433903271314
2008-01-25,16.30588193637045
2008-01-28,16.468542450407583
2008-01-29,16.077849488218963
2008-01-30,16.329574677320092
2008-01-31,15.789161706160165
2008-02-01,15.023301645384787
2008-02-04,14.297364390316687
2008-02-05,14.159944602411398
2008-02-06,13.623493372410476
2008-02-07,14.384451140776935
2008-02-08,14.285850295435994
2008-02-11,13.793485282194293
2008-02-12,13.144395375881302
2008-02-13,12.645677964222799
2008-02-14,12.744898759530999
2008-02-15,12.230174784389842
2008-02-18,11.762492158940283
2008-02-19,11.430502190431506
2008-02-20,10.977855665497488
2008-02-21,10.80283204145203
2008-02-22,10.513652415284003
2008-02-25,10.348654401405728
2008-02-26,10.025614450684547
2008-02-27,9.789274417743357
2008-02-28,9.540252262769796
2008-02-29,9.21225794427243
2008-03-03,9.105032943040307
2008-03-04,11.067122338146586
2008-03-05,11.58925941991234
2008-03-06,11.560774430832915
2008-03-07,11.043952764864407
2008-03-10,10.685595637152275
2008-03-11,11.674937847028755
2008-03-12,12.449893883678689
2008-03-13,12.133207836820487
2008-03-14,11.861740185473069
2008-03-17,12.560145654918282
2008-03-18,11.982451744111659
2008-03-19,13.884983673711659
2008-03-20,13.405382609089644
2008-03-21,12.807520995664232
2008-03-24,12.209960692333292
2008-03-25,11.668850837322056
2008-03-26,11.338942009053481
2008-03-27,11.625069446240595
2008-03-28,11.161216184355045
2008-03-31,10.69178904502604
2008-04-01,10.228585693532183
2008-04-02,9.862610077432793
2008-04-03,9.813063228738274
2008-04-04,9.5304282635254
2008-04-07,9.187014850481933
2008-04-08,8.810489604496862
2008-04-09,8.583461238808168
2008-04-10,8.429417876379501
2008-04-11,8.214879124431961
2008-04-14,7.902890838433856
2008-04-15,8.018257126675335
2008-04-16,8.439337767012322
2008-04-17,8.38093373833725
2008-04-18,8.825196850730944
2008-04-21,8.484983239491509
2008-04-22,8.259906086613164
2008-04-23,7.990883045957604
2008-04-24,7.829528027055053
2008-04-25,8.370082340113093
2008-04-28,8.048044200253758
2008-04-29,7.816607934617917
2008-04-30,7.541826706976234
2008-05-01,7.694701842637546
2008-05-02,7.41832541443501
2008-05-05,7.316747596588116
2008-05-06,7.731395431493073
2008-05-07,7.452077716316682
2008-05-08,7.197935020133261
2008-05-09,7.59435495346456
2008-05-12,7.450739339683387
2008-05-13,7.265325994057055
2008-05-14,7.018957922650307
2008-05-15,6.790434706766107
2008-05-16,6.7230320268505235
2008-05-19,6.573549606245087
2008-05-20,6.930447581630815
2008-05-21,6.834910677673682
2008-05-22,6.6812986488838275
2008-05-23,6.792001668589471
2008-05-26,6.58501817254489
2008-05-27,6.796237567744918
2008-05-28,6.583699764021365
2008-05-29,6.406100970702688
2008-05-30,6.2259937464553365
2008-06-02,6.324735926834682
2008-06-03,6.1619257955636515
2008-06-04,6.013688617727663
2008-06-05,6.295880353928103
2008-06-06,6.605430888471177
2008-06-09,6.41406782688763
2008-06-10,6.48611376588365
2008-06-11,7.482616019750291
2008-06-12,8.89915187637678
2008-06-13,8.760319160304466
2008-06-16,8.7044698715828
2008-06-17,8.359964680278342
2008-06-18,8.051721678550424
2008-06-19,7.798234295887904
2008-06-20,7.714692006969767
2008-06-23,7.54737470120996
2008-06-24,7.479852751415408
2008-06-25,7.2928442056620195
2008-06-26,7.319387601964377
2008-06-27,7.499140662040803
2008-06-30,7.595043960391215
2008-07-01,7.803748682912076
2008-07-02,7.650771871744586
2008-07-03,8.794652800025265
2008-07-04,10.73461429000889
2008-07-07,14.156297132922537
2008-07-08,13.479078903244478
2008-07-09,12.8821683438606
2008-07-10,12.961179939622403
2008-07-11,12.402962873150072
2008-07-14,11.893071005621008
2008-07-15,11.359212664554471
2008-07-16,11.05749780859822
2008-07-17,10.56377323495962
2008-07-18,11.67847390646378
2008-07-21,11.493092749473364
2008-07-22,10.984102104685242
2008-07-23,10.734541819564235
2008-07-24,10.68080161387263
2008-07-25,10.599196195734825
2008-07-28,10.78762324208561
2008-07-29,11.153250270202099
2008-07-30,10.655288235051643
2008-07-31,10.20936697257633
2008-08-01,10.991792924720448
2008-08-04,10.529241957134719
2008-08-05,10.862357628085597
2008-08-06,11.127517162156055
2008-08-07,10.708102255937368
2008-08-08,10.280505044487683
2008-08-11,10.026718653027192
2008-08-12,9.8723078057574
2008-08-13,9.680497214441392
2008-08-14,9.445082046929576
2008-08-15,9.797384877485129
2008-08-18,9.38706062108228
2008-08-19,8.998336928434354
2008-08-20,9.129440740538364
2008-08-21,10.377473699801431
2008-08-22,10.062928775842318
2008-08-25,9.632704025299319
2008-08-26,9.253946086379381
2008-08-27,9.049854113876188
2008-08-28,9.227791772350571
2008-08-29,8.90291360346805
2008-09-01,8.583051323993951
2008-09-02,8.375465733131762
2008-09-03,8.378853871190838
2008-09-04,8.465287543498988
2008-09-05,9.306640634683292
2008-09-08,12.879966851261928
2008-09-09,13.824475691225771
2008-09-10,14.151959333357746
2008-09-11,16.20061531182467
2008-09-12,16.120992144857375
2008-09-15,15.445912067051836
2008-09-16,15.100494545442967
2008-09-17,16.700231223797534
2008-09-18,18.210516887025335
2008-09-19,17.34268510510965
2008-09-22,16.486515646805728
2008-09-23,16.296213213211328
2008-09-24,15.785332026322138
2008-09-25,17.44906972069541
2008-09-26,16.592656408349807
2008-09-29,15.90261389282158
2008-09-30,15.39608227047004
2008-10-01,23.707395093079494
2008-10-02,22.584724180341475
2008-10-03,21.665872096489668
2008-10-06,22.82625365816139
2008-10-07,22.334515858129446
2008-10-08,38.135281941612874
2008-10-09,36.909615523436
2008-10-10,39.57454438654352
2008-10-13,37.636124751881106
2008-10-14,42.934443106266976
2008-10-15,46.2509698761106
2008-10-16,45.142438947570405
2008-10-17,48.10577624710598
2008-10-20,47.32612900612554
2008-10-21,44.903482113366685
2008-10-22,43.45943804672575
2008-10-23,41.28265440415943
2008-10-24,45.811471725078405
2008-10-27,44.104506015955835
2008-10-28,45.32785732787009
2008-10-29,43.79361961952924
2008-10-30,42.7667893475252
2008-10-31,41.24883751666547
2008-11-03,39.24700997980178
2008-11-04,41.68969949416476
2008-11-05,39.52050365669666
2008-11-06,37.73566900802738
2008-11-07,36.00213649387304
2008-11-10,39.818467052267685
2008-11-11,37.98027702994034
2008-11-12,36.19412805191025
2008-11-13,36.64074547972102
2008-11-14,36.22035658407134
2008-11-17,34.33609894279658
2008-11-18,32.599285933828014
2008-11-19,31.677070619303183
2008-11-20,30.63645123566552
2008-11-21,30.494244789861092
2008-11-24,32.77834263406714
2008-11-25,31.324493650062788
2008-11-26,30.263162665182687
2008-11-27,29.17199385394597
2008-11-28,27.672818972727313
2008-12-01,26.46556954405562
2008-12-02,25.113477803608646
2008-12-03,27.023193584871304
2008-12-04,25.79132906279121
2008-12-05,24.489203319838523
2008-12-08,23.344250978713347
2008-12-09,22.154598100820724
2008-12-10,22.179714167162505
2008-12-11,21.18418207323936
2008-12-12,20.44957365616184
2008-12-15,19.423204208349837
2008-12-16,19.552560328379474
2008-12-17,18.663221720474755
2008-12-18,17.911661103247834
2008-12-19,17.36804673770227
2008-12-22,16.668803886461912
2008-12-23,16.15831712396489
2008-12-24,15.768305700253247
2008-12-25,16.237250266741974
2008-12-26,15.463118553737914
2008-12-29,14.711681814376044
2008-12-30,14.030201745602604
2008-12-31,13.408242191493082
2009-01-01,12.911952764132707
2009-01-02,12.33970925474919
2009-01-05,12.006167184638073
2009-01-06,11.930009829472278
2009-01-07,12.330665793401524
2009-01-08,11.934638807099821
2009-01-09,12.514091815868612
2009-01-12,13.835280659965425
2009-01-13,13.371998155049766
2009-01-14,14.466118171330852
2009-01-15,13.944161185321446
2009-01-16,13.719356205893929
2009-01-19,13.729505917161356
2009-01-20,13.648460040427855
2009-01-21,13.001532211752725
2009-01-22,15.061124228885673
2009-01-23,14.337191219931759
2009-01-26,13.651588315781156
2009-01-27,13.093990095283754
2009-01-28,12.842710876819833
2009-01-29,12.438228820521605
2009-01-30,12.592078046014574
2009-02-02,12.437496464648056
2009-02-03,11.99283419913606
2009-02-04,11.848355546450984
2009-02-05,11.597959921082516
2009-02-06,11.260105855998688
2009-02-09,10.814567429941663
2009-02-10,11.870938879135432
2009-02-11,11.343664807818826
2009-02-12,13.17252877222234
2009-02-13,12.641595668506346
2009-02-16,12.841312241633917
2009-02-17,12.353366988502932
2009-02-18,11.793400750598199
2009-02-19,14.969273465060885
2009-02-20,14.2952736336064
2009-02-23,13.807525633625994
2009-02-24,14.064217606243322
2009-02-25,13.64507069194516
2009-02-26,13.392605454256655
2009-02-27,12.773958359497517
2009-03-02,12.178456491980718
2009-03-03,12.580799114079756
2009-03-04,15.949681003229173
2009-03-05,15.193144618250368
2009-03-06,15.493017334549402
2009-03-09,15.731568630531171
2009-03-10,14.988157139176677
2009-03-11,14.403031758335732
2009-03-12,15.222824418672397
2009-03-13,14.613186031636529
2009-03-16,13.923855455290935
2009-03-17,13.7668681986316
2009-03-18,13.167210779684861
2009-03-19,12.562957164195863
2009-03-20,12.540346517560062
2009-03-23,11.980612909849812
2009-03-24,11.826998922176099
2009-03-25,14.022593148179032
2009-03-26,13.685761293142969
2009-03-27,13.077073082921844
2009-03-30,12.741679364073072
2009-03-31,13.050891838629761
2009-04-01,16.169898359970738
2009-04-02,15.567050539293291
2009-04-03,14.986856523353802
2009-04-06,16.263126712016867
2009-04-07,15.519114495090768
2009-04-08,14.765451003481214
2009-04-09,14.883909359557913
2009-04-10,14.186345865374346
2009-04-13,13.51132103142928
2009-04-14,13.731357905563497
2009-04-15,13.161595819736787
2009-04-16,12.740994733533539
2009-04-17,12.17521023326106
2009-04-20,11.737556756523317
2009-04-21,11.202664181247968
2009-04-22,12.596190721618639
2009-04-23,12.033751896639865
2009-04-24,11.521611631157713
2009-04-27,11.123965393537512
2009-04-28,10.972967143477605
2009-04-29,11.24991227437096
2009-04-30,11.11332099117913
2009-05-01,11.807476285690939
2009-05-04,11.412914673660733
2009-05-05,11.27238345322191
2009-05-06,12.0262483821196
2009-05-07,11.584308097630826
2009-05-08,11.462551365909086
2009-05-11,10.99189344014561
2009-05-12,11.093554580157338
2009-05-13,10.622299181680809
2009-05-14,10.164876999427403
2009-05-15,10.832429891034927
2009-05-18,10.950991634277344
2009-05-19,10.549688178962983
2009-05-20,11.382403404905924
2009-05-21,11.465548590524719
2009-05-22,11.083337759306502
2009-05-25,10.592253780561963
2009-05-26,10.170274136608427
2009-05-27,9.819437661835575
2009-05-28,9.44719474102414
2009-05-29,9.176914214508301
2009-06-01,8.803152266099717
2009-06-02,9.13331562222237
2009-06-03,9.349818206489893
2009-06-04,9.524432089368505
2009-06-05,10.333019343457845
2009-06-08,9.884515059903332
2009-06-09,9.549900783657094
2009-06-10,9.983609925893944
2009-06-11,9.578442987380994
2009-06-12,9.595874019631205
2009-06-15,9.27271190199672
2009-06-16,9.030621181875242
2009-06-17,10.943395491418418
2009-06-18,11.451553416296552
2009-06-19,12.473514536369601
2009-06-22,12.094966715063913
2009-06-23,11.770198541399896
2009-06-24,13.823883310792048
2009-06-25,13.330179824201581
2009-06-26,12.865159144915582
2009-06-29,12.458585843939762
2009-06-30,11.912646759005943
2009-07-01,11.81320627404024
2009-07-02,11.352913620182497
2009-07-03,11.120880635809572
2009-07-06,11.204927024351795
2009-07-07,10.710822646087763
2009-07-08,10.712883689374548
2009-07-09,10.401796308048306
2009-07-10,10.402345227575594
2009-07-13,10.077574133277658
2009-07-14,9.919506156627193
2009-07-15,9.503010254095816
2009-07-16,9.80744024816295
2009-07-17,9.503019426685876
2009-07-20,11.96335869464175
2009-07-21,11.53606191756077
2009-07-22,11.898514848631716
2009-07-23,11.356055456724444
2009-07-24,10.938445359136884
2009-07-27,11.002895420085919
2009-07-28,10.583183018254552
2009-07-29,10.246728957325026
2009-07-30,9.806133168322743
2009-07-31,10.477297509559039
2009-08-03,10.513694024360092
2009-08-04,10.133197198945993
2009-08-05,10.288114537522977
2009-08-06,9.846925970571242
2009-08-07,9.522430792163782
2009-08-10,9.257364492686499
2009-08-11,8.876791856150543
2009-08-12,8.568104226556871
2009-08-13,8.708908892159341
2009-08-14,8.378162278005673
2009-08-17,8.496326977405335
2009-08-18,8.205998621891968
2009-08-19,12.454558070646613
2009-08-20,12.064374185525859
2009-08-21,11.557892766223185
2009-08-24,11.214255719365456
2009-08-25,10.804844883616997
2009-08-26,10.549765575987184
2009-08-27,10.131597643918973
2009-08-28,9.790644219683177
2009-08-31,9.440476716723085
2009-09-01,9.06739984715697
2009-09-02,9.442373155074502
2009-09-03,9.495766852627778
2009-09-04,9.218224185551362
2009-09-07,9.129965167973122
2009-09-08,9.306900657585558
2009-09-09,8.985253288576896
2009-09-10,9.054068596912469
2009-09-11,8.723628395495092
2009-09-14,8.566648202275044
2009-09-15,8.241609957514687
2009-09-16,8.027765950474928
2009-09-17,7.973622558263324
2009-09-18,8.094116746903941
2009-09-21,7.866895297030642
2009-09-22,7.694922379401753
2009-09-23,7.994967124504515
2009-09-24,7.894757190264115
2009-09-25,7.655256789359946
2009-09-28,8.176981635558175
2009-09-29,7.867157549600839
2009-09-30,7.745209179141956
2009-10-01,7.55748136572791
2009-10-02,7.374605734587003
2009-10-05,7.908542481912292
2009-10-06,7.890854682138008
2009-10-07,8.153282373204522
2009-10-08,8.595253429410526
2009-10-09,8.260365803196413
2009-10-12,8.169520071812203
2009-10-13,7.986099573508623
2009-10-14,8.292203604053823
2009-10-15,7.974604107549483
2009-10-16,8.585974805061518
2009-10-19,8.427502718607995
2009-10-20,8.88975556622387
2009-10-21,8.792176458897092
2009-10-22,9.341110074932065
2009-10-23,9.024471399171674
2009-10-26,9.114368664565736
2009-10-27,8.75052181781783
2009-10-28,8.636973055980668
2009-10-29,10.17927300463554
2009-10-30,14.539023062030502
2009-11-02,14.167275769682027
2009-11-03,14.13370888723358
2009-11-04,13.624302144711418
2009-11-05,13.100868968589927
2009-11-06,13.170553172488821
2009-11-09,12.559799203640871
2009-11-10,11.984735326838768
2009-11-11,12.039769098459404
2009-11-12,11.696009906579327
2009-11-13,11.164318464246373
2009-11-16,11.258066173791434
2009-11-17,10.76031705136265
2009-11-18,10.578949550491885
2009-11-19,10.52546802587185
2009-11-20,10.19539301272403
2009-11-23,10.015064054901556
2009-11-24,9.60353378232297
2009-11-25,9.226481261255163
2009-11-26,9.363897235447093
2009-11-27,9.180999002246077
2009-11-30,9.978540510432587
2009-12-01,10.91151601727005
2009-12-02,10.705656622053155
2009-12-03,11.299018465366695
2009-12-04,11.002877322181643
2009-12-07,10.535026804698292
2009-12-08,10.146228818696022
2009-12-09,9.708882285240163
2009-12-10,10.433931263535305
2009-12-11,10.180409199212775
2009-12-14,9.764813186390713
2009-12-15,9.594011076104014
2009-12-16,9.361625454427646
2009-12-17,9.075830854517086
2009-12-18,8.71286175424528
2009-12-21,10.252875677848001
2009-12-22,9.80968729423032
2009-12-23,9.4513681204807
2009-12-24,9.138096960971048
2009-12-25,8.98115569249524
2009-12-28,8.660548385940759
2009-12-29,8.347365103588649
2009-12-30,8.194244526053884
2009-12-31,7.9003959847073375
2010-01-01,7.615492086800985
2010-01-04,7.3497175428699375
2010-01-05,7.158060266842291
2010-01-06,7.681902817802368
2010-01-07,7.714249827383518
2010-01-08,7.549058077608606
2010-01-11,7.575107783583445
2010-01-12,7.3952408985336255
2010-01-13,7.204295777302776
2010-01-14,7.667181420504723
2010-01-15,7.426191047962597
2010-01-18,7.323132080132094
2010-01-19,7.828390847912664
2010-01-20,7.545821154117839
2010-01-21,7.377807160494799
2010-01-22,8.035983021786894
2010-01-25,9.144345690003322
2010-01-26,9.713802911374827
2010-01-27,9.334429015988936
2010-01-28,9.831327939401364
2010-01-29,9.43197808637872
2010-02-01,9.29183450106086
2010-02-02,10.475802315846042
2010-02-03,10.506638305703607
2010-02-04,10.342660122224949
2010-02-05,10.187497110820313
2010-02-08,12.941864091493292
2010-02-09,16.06641523814212
2010-02-10,15.280094987754778
2010-02-11,15.102247329111245
2010-02-12,14.493183161473151
2010-02-15,13.890312001454218
2010-02-16,13.481895751553182
2010-02-17,12.866050464115725
2010-02-18,12.761741724146317
2010-02-19,12.380970479373923
2010-02-22,11.836529906339202
2010-02-23,11.458961489978872
2010-02-24,10.943225812531436
2010-02-25,11.302271002700353
2010-02-26,10.800643478555855
2010-03-01,11.14128557514871
2010-03-02,10.89215749916599
2010-03-03,10.444606393180962
2010-03-04,10.10839031647572
2010-03-05,9.78055337896992
2010-03-08,9.477405884711969
2010-03-09,9.343653754662363
2010-03-10,8.98711405355134
2010-03-11,8.667378648211624
2010-03-12,8.542280077694562
2010-03-15,8.285140118574954
2010-03-16,8.19679354526473
2010-03-17,8.385846242908803
2010-03-18,8.712914454049892
2010-03-19,8.874981135568241
2010-03-22,9.205004754817066
2010-03-23,8.976923623424593
2010-03-24,8.63385746535676
2010-03-25,8.382451227970131
2010-03-26,8.37365388058843
2010-03-29,8.091396934037196
2010-03-30,7.790586805045801
2010-03-31,7.779454010910739
2010-04-01,7.5845727426673255
2010-04-02,7.359877016263168
2010-04-05,7.106893330931157
2010-04-06,7.253878538954834
2010-04-07,7.011107122897951
2010-04-08,7.0625900890973226
2010-04-09,7.155472576262058
2010-04-12,7.205642075964517
2010-04-13,7.138323346907568
2010-04-14,6.970348403999542
2010-04-15,6.863663888692661
2010-04-16,7.231938853350297
2010-04-19,7.035573756323223
2010-04-20,8.77183522440073
2010-04-21,8.974239478766735
2010-04-22,9.290068669607246
2010-04-23,9.141223131115947
2010-04-26,9.216785640421651
2010-04-27,9.007399684316692
2010-04-28,8.65292566628841
2010-04-29,10.894392936106108
2010-04-30,10.412860850488904
2010-05-03,10.147043962501627
2010-05-04,10.029045939685393
2010-05-05,9.610123999657189
2010-05-06,11.565641386668046
2010-05-07,11.932093494967818
2010-05-10,14.866502813869053
2010-05-11,14.56644126016455
2010-05-12,16.787734348187232
2010-05-13,16.137501088119425
2010-05-14,15.43762687149124
2010-05-17,14.689042684458597
2010-05-18,14.94614746528886
2010-05-19,14.455454198738002
2010-05-20,13.76747287750751
2010-05-21,14.333731121133304
2010-05-24,13.658893721373461
2010-05-25,18.87008969314388
2010-05-26,17.954801857367404
2010-05-27,18.095908284960778
2010-05-28,17.6129929720596
2010-05-31,17.351924899784535
2010-06-01,16.49835183671462
2010-06-02,15.760710918300033
2010-06-03,15.693476415107757
2010-06-04,15.231835756944912
2010-06-07,14.646746920922542
2010-06-08,15.364416872030901
2010-06-09,14.927309520047132
2010-06-10,14.279904174002954
2010-06-11,13.598281637954951
2010-06-14,13.307826445146615
2010-06-15,12.723779815708053
2010-06-16,12.222132450547969
2010-06-17,11.959240506457338
2010-06-18,11.483398856699976
2010-06-21,10.99499023086289
2010-06-22,10.697562475013656
2010-06-23,10.504210232872031
2010-06-24,10.69839332802546
2010-06-25,10.237189409091975
2010-06-28,9.991439926613884
2010-06-29,9.563689148705464
2010-06-30,9.163010075218809
2010-07-01,12.306314191755492
2010-07-02,11.748344399755124
2010-07-05,11.82831579609076
2010-07-06,11.39930502552471
2010-07-07,10.884846510790526
2010-07-08,10.679879928139277
2010-07-09,10.569513279057704
2010-07-12,10.308295971833891
2010-07-13,10.064861980140208
2010-07-14,9.635682083770586
2010-07-15,9.275413502999195
2010-07-16,8.90565566514248
2010-07-19,8.558287645576792
2010-07-20,11.000611525203915
2010-07-21,10.560020454581132
2010-07-22,10.227379164827452
2010-07-23,9.802798582638472
2010-07-26,9.635901670334677
2010-07-27,9.387417255752698
2010-07-28,9.099728637310623
2010-07-29,8.75627639205218
2010-07-30,8.414512372273217
2010-08-02,8.094112247834868
2010-08-03,7.790014704924367
2010-08-04,8.094338012093209
2010-08-05,7.857871276271468
2010-08-06,7.570591719592315
2010-08-09,7.3032819535201945
2010-08-10,7.0896695307569475
2010-08-11,6.879701973544064
2010-08-12,7.70496625051455
2010-08-13,10.99681207809237
2010-08-16,10.86418905691957
2010-08-17,10.516201650238125
2010-08-18,10.0727220718494
2010-08-19,9.717569416096474
2010-08-20,9.367569704990679
2010-08-23,9.003363829008089
2010-08-24,8.664176402708181
2010-08-25,8.73889914733565
2010-08-26,8.884478090129384
2010-08-27,8.811113891564585
2010-08-30,8.54446609259676
2010-08-31,8.244241065095563
2010-09-01,7.994490553197034
2010-09-02,7.8070013145824255
2010-09-03,8.193090104023621
2010-09-06,7.927676199085789
2010-09-07,7.7208522304711975
2010-09-08,7.473582739740421
2010-09-09,7.783642269759264
2010-09-10,7.625707003779078
2010-09-13,7.3694469128231495
2010-09-14,7.183153407604342
2010-09-15,7.571304712978085
2010-09-16,7.334811775251031
2010-09-17,7.1259602822009285
2010-09-20,6.904898721458339
2010-09-21,6.685394237595536
2010-09-22,6.917177788942763
2010-09-23,6.704198626821727
2010-09-24,6.990570039723946
2010-09-27,7.643284138964105
2010-09-28,7.498501946713317
2010-09-29,7.256215575967038
2010-09-30,7.017115435910276
2010-10-01,6.844491812680777
2010-10-04,6.629126341422714
2010-10-05,6.556877436827181
2010-10-06,6.519918464196831
2010-10-07,6.380311593820534
2010-10-08,6.222595118683025
2010-10-11,6.4289974482273164
2010-10-12,6.244202332746586
2010-10-13,6.218432760846449
2010-10-14,7.0202867664894075
2010-10-15,7.400535785870904
2010-10-18,7.244936704719695
2010-10-19,7.241829995652849
2010-10-20,7.015652847296063
2010-10-21,7.3097936798173135
2010-10-22,7.163627514080538
2010-10-25,6.938621009764785
2010-10-26,6.7256636343210605
2010-10-27,6.635118555332177
2010-10-28,6.534173815128528
2010-10-29,6.524244775416071
2010-11-01,6.3346354183428355
2010-11-02,6.17174529795877
2010-11-03,6.084798008820562
2010-11-04,6.32189300933585
2010-11-05,6.256477828160636
2010-11-08,6.197023493473474
2010-11-09,6.250926950774594
2010-11-10,6.103541805853939
2010-11-11,6.396161350236658
2010-11-12,6.213732132805443
2010-11-15,6.435161375282404
2010-11-16,7.835456031387094
2010-11-17,7.549962846391446
2010-11-18,9.50568372839374
2010-11-19,9.108750593117305
2010-11-22,9.120211017977203
2010-11-23,8.752494866791043
2010-11-24,8.41990038245153
2010-11-25,10.415820481589858
2010-11-26,10.489725909538832
2010-11-29,10.032098744248719
2010-11-30,10.654537392149635
2010-12-01,10.227953885596108
2010-12-02,9.785476671582455
2010-12-03,9.915042060649771
2010-12-06,9.669764189520782
2010-12-07,9.284528231762897
2010-12-08,9.03659739493422
2010-12-09,8.669963431245415
2010-12-10,8.743427129999727
2010-12-13,8.465376608273937
2010-12-14,8.172362893086877
2010-12-15,7.922319547465506
2010-12-16,7.653575972293409
2010-12-17,7.752858226034147
2010-12-20,7.531812653048026
2010-12-21,7.269299923272073
2010-12-22,7.134140486150839
2010-12-23,6.918430550828344
2010-12-24,6.69861974270006
2010-12-27,6.505206775414525
2010-12-28,6.314639820504746
2010-12-29,6.143557257791987
2010-12-30,6.121878844328524
2010-12-31,6.203581755293379
2011-01-03,6.141835403530057
2011-01-04,5.979610872895111
2011-01-05,6.032602885034107
2011-01-06,9.87948322513643
2011-01-07,9.464028014212817
2011-01-10,9.159764411136768
2011-01-11,9.08729560450441
2011-01-12,9.170897478954974
2011-01-13,8.801726730188635
2011-01-14,8.763796121723857
2011-01-17,8.560042126930222
2011-01-18,8.241991865284827
2011-01-19,8.160403367943935
2011-01-20,7.8979839701961545
2011-01-21,7.686732682886697
2011-01-24,8.07694866232513
2011-01-25,7.893216259645135
2011-01-26,7.6029066142175825
2011-01-27,7.399265443084779
2011-01-28,7.195320284809822
2011-01-31,8.17772702547749
2011-02-01,10.977623472609825
2011-02-02,10.502900306383587
2011-02-03,10.289990230885312
2011-02-04,9.880784347427406
2011-02-07,9.761257419649901
2011-02-08,9.512287948989371
2011-02-09,9.122504716579316
2011-02-10,8.769690554689276
2011-02-11,10.817513404682014
2011-02-14,11.032523459652545
2011-02-15,10.67515247967874
2011-02-16,10.276416615021283
2011-02-17,9.832354970119479
2011-02-18,9.519292487661003
2011-02-21,9.170015735503279
2011-02-22,8.974998794116345
2011-02-23,8.647143786274771
2011-02-24,10.439675775141845
2011-02-25,10.037581420074321
2011-02-28,9.612482689259968
2011-03-01,9.485707097965573
2011-03-02,9.268577565089096
2011-03-03,9.009552029967082
2011-03-04,8.65804465173305
2011-03-07,8.631309621939396
2011-03-08,8.294486019344127
2011-03-09,8.467495041841097
2011-03-10,8.379559829577799
2011-03-11,8.120088902194132
2011-03-14,8.642039655044096
2011-03-15,8.5583072325076
2011-03-16,8.22319773619809
2011-03-17,8.662554050798333
2011-03-18,8.514632422437009
2011-03-21,8.290876256885102
2011-03-22,8.034099450775376
2011-03-23,8.373271212686245
2011-03-24,8.164402951724327
2011-03-25,8.11351346692048
2011-03-28,7.903308143354239
2011-03-29,7.615059907168473
2011-03-30,7.41276438045799
2011-03-31,7.1938753049102475
2011-04-01,7.496095579770257
2011-04-04,7.2380681090486565
2011-04-05,7.340136615764379
2011-04-06,7.092944952546137
2011-04-07,6.875801585267882
2011-04-08,6.697850515347637
2011-04-11,6.610028262018506
2011-04-12,6.568281187616791
2011-04-13,6.511387720478317
2011-04-14,7.738699904953366
2011-04-15,7.478542342224076
2011-04-18,7.231133405046419
2011-04-19,7.01460894882334
2011-04-20,8.098053274979568
2011-04-21,7.912667243480912
2011-04-22,8.25137735335451
2011-04-25,8.065142446291985
2011-04-26,7.801871786730167
2011-04-27,7.537504724671311
2011-04-28,7.276232523838348
2011-04-29,7.172842390517917
2011-05-02,7.342614043948673
2011-05-03,7.1870187579009155
2011-05-04,6.978545816310941
2011-05-05,7.923690931726499
2011-05-06,8.967436214959369
2011-05-09,8.605149304683678
2011-05-10,8.305834614986695
2011-05-11,8.026300038321418
2011-05-12,7.761207944119089
2011-05-13,7.637976590138157
2011-05-16,7.763757546910793
2011-05-17,8.331055796869615
2011-05-18,8.056819414382058
2011-05-19,7.806876914861407
2011-05-20,7.56062385093033
2011-05-23,7.540734044027958
2011-05-24,7.670416665443566
2011-05-25,8.349078625608813
2011-05-26,8.111666317502479
2011-05-27,7.81003526188068
2011-05-30,7.755639480013157
2011-05-31,7.544567373326783
2011-06-01,7.28722410962176
2011-06-02,7.314082437126928
2011-06-03,7.6637120126575535
2011-06-06,7.389054847841752
2011-06-07,7.170668309919031
2011-06-08,7.853837502945305
2011-06-09,7.565981885086312
2011-06-10,7.650861163856205
2011-06-13,7.377941493939527
2011-06-14,8.518687260616522
2011-06-15,8.260761271617216
2011-06-16,8.030457873579964
2011-06-17,9.521654944166519
2011-06-20,9.26348238361281
2011-06-21,8.889333182288265
2011-06-22,8.552273691254577
2011-06-23,8.46360029415385
2011-06-24,8.135681669900842
2011-06-27,8.010189225690885
2011-06-28,7.712184257443052
2011-06-29,7.434627559255464
2011-06-30,7.568229287684943
2011-07-01,7.431244735048953
2011-07-04,7.209460983151077
2011-07-05,7.0618402170687995
2011-07-06,6.893597554287978
2011-07-07,6.720328580075922
2011-07-08,6.705923979297672
2011-07-11,6.529189699911438
2011-07-12,6.755266725644811
2011-07-13,7.763780027441299
2011-07-14,7.767107621429731
2011-07-15,7.537815164892061
2011-07-18,7.792279795357709
2011-07-19,7.528211681102279
2011-07-20,7.848734810188823
2011-07-21,7.6210317153594715
2011-07-22,7.356073089227089
2011-07-25,7.209433503217391
2011-07-26,7.029169690313895
2011-07-27,6.902672122898172
2011-07-28,7.131002886340431
2011-07-29,8.954832443395869
2011-08-01,8.620534116896549
2011-08-02,8.310565791710674
2011-08-03,8.18001444661891
2011-08-04,11.144311435343887
2011-08-05,11.420383102942623
2011-08-08,17.3526584189696
2011-08-09,17.18670438889281
2011-08-10,23.015043837415806
2011-08-11,22.349801577105676
2011-08-12,22.323504113806845
2011-08-15,22.39364153251305
2011-08-16,21.3841887445559
2011-08-17,20.89989758888315
2011-08-18,19.85274673559649
2011-08-19,18.858425781387943
2011-08-22,20.891162424325685
2011-08-23,20.20328761867333
2011-08-24,19.189243367066283
2011-08-25,18.541969478064427
2011-08-26,17.616368464183505
2011-08-29,17.381480287037856
2011-08-30,16.574777239263973
2011-08-31,16.405001676949862
2011-09-01,15.77406819722551
2011-09-02,15.195118447144756
2011-09-05,14.586926948777558
2011-09-06,14.913599875909119
2011-09-07,15.86801921184373
2011-09-08,15.097772854351598
2011-09-09,15.143311733152109
2011-09-12,14.588152001254059
2011-09-13,15.305082221824577
2011-09-14,14.850501041235868
2011-09-15,14.16342758084221
2011-09-16,13.498235278927808
2011-09-19,13.182421632791307
2011-09-20,12.622875294245063
2011-09-21,12.886253313819482
2011-09-22,12.492003464721634
2011-09-23,12.086465510965573
2011-09-26,16.900478608897625
2011-09-27,16.198427893419314
2011-09-28,15.892197421996077
2011-09-29,16.307413892940726
2011-09-30,16.063896540207995
2011-10-03,15.494733689992813
2011-10-04,16.01382637119525
2011-10-05,17.28580399988993
2011-10-06,16.57094988657882
2011-10-07,16.177939054068922
2011-10-10,15.897596441440601
2011-10-11,15.237052536945928
2011-10-12,14.996049112354198
2011-10-13,14.336978433039892
2011-10-14,13.669987710099386
2011-10-17,13.05338815485103
2011-10-18,12.506156470760843
2011-10-19,12.123095675570807
2011-10-20,11.812367476318164
2011-10-21,11.306315075192693
2011-10-24,10.934259402376961
2011-10-25,10.761919475051764
2011-10-26,10.991773584177515
2011-10-27,11.801828071002838
2011-10-28,11.37946841075612
2011-10-31,12.535927232912224
2011-11-01,12.227354515071836
2011-11-02,11.664856348381829
2011-11-03,14.685958804204422
2011-11-04,14.825065393203403
2011-11-07,14.171537233283038
2011-11-08,13.652594201564533
2011-11-09,13.352081051088353
2011-11-10,12.760346580706582
2011-11-11,15.152870176143939
2011-11-14,14.430491728188928
2011-11-15,14.026880174606681
2011-11-16,13.363715223862064
2011-11-17,12.744995682355237
2011-11-18,12.261151310492805
2011-11-21,12.73445993629091
2011-11-22,12.695883328924978
2011-11-23,13.39993006790725
2011-11-24,12.768788632315564
2011-11-25,13.915525606491826
2011-11-28,13.274088110294702
2011-11-29,12.74716580315471
2011-11-30,13.111178979693122
2011-12-01,12.625070845059318
2011-12-02,13.115669027003458
2011-12-05,12.5066522444887
2011-12-06,11.93701864878089
2011-12-07,11.476800875475156
2011-12-08,11.696742158774976
2011-12-09,11.168203616594504
2011-12-12,12.006947231492699
2011-12-13,11.538955714831062
2011-12-14,12.14681380185115
2011-12-15,11.598433753174334
2011-12-16,11.859464102734101
2011-12-19,11.321512337143979
2011-12-20,10.819880905500714
2011-12-21,10.815896442989779
2011-12-22,10.931056871138171
2011-12-23,10.577997371208141
2011-12-26,10.11695337247486
2011-12-27,9.714238874153224
2011-12-28,9.327999329629902
2011-12-29,8.942518205061534
2011-12-30,9.6453664334019
2012-01-02,9.343397414299991
2012-01-03,9.00067447632142
2012-01-04,8.642255283735594
2012-01-05,8.830767147536926
2012-01-06,8.556508801261169
2012-01-09,8.388906930163953
2012-01-10,8.38807237780664
2012-01-11,8.311001546011564
2012-01-12,8.293056247714956
2012-01-13,8.20181237045556
2012-01-16,7.934568315874811
2012-01-17,7.676754263934387
2012-01-18,7.499430188789207
2012-01-19,7.537879623172231
2012-01-20,7.529496946023048
2012-01-23,7.2858537123892315
2012-01-24,7.043870991134386
2012-01-25,6.854508454328066
2012-01-26,6.73615318436702
2012-01-27,6.5700361297704815
2012-01-30,6.603972677048484
2012-01-31,6.412420745059673
2012-02-01,6.513646458730088
2012-02-02,6.573629661111225
2012-02-03,6.691776284245682
2012-02-06,6.522212288323479
2012-02-07,6.363141301736509
2012-02-08,6.191120280298628
2012-02-09,6.063104294570267
2012-02-10,5.919476696330198
2012-02-13,5.833474698806729
2012-02-14,6.13756079400099
2012-02-15,6.534321935732888
2012-02-16,6.3613882823840004
2012-02-17,6.246229665700683
2012-02-20,6.21604656171753
2012-02-21,6.123253816141875
2012-02-22,6.001758341244301
2012-02-23,6.018941849596954
2012-02-24,5.888520949006746
2012-02-27,5.961815773411056
2012-02-28,5.8140973220100785
2012-02-29,5.746164514937908
2012-03-01,5.642940733618781
2012-03-02,5.540418099374994
2012-03-05,5.716658702930424
2012-03-06,5.661639497098992
2012-03-07,6.715744285739656
2012-03-08,8.563256496451839
2012-03-09,8.454605750029232
2012-03-12,8.17335112445408
2012-03-13,7.86389644555102
2012-03-14,7.738616966697991
2012-03-15,7.981416315750292
2012-03-16,7.716240719168473
2012-03-19,7.441087610048954
2012-03-20,7.441093935423685
2012-03-21,7.268701265950535
2012-03-22,7.512440849867256
2012-03-23,7.266756208244478
2012-03-26,7.376525639010908
2012-03-27,7.232307958144391
2012-03-28,7.076474012293955
2012-03-29,6.880266935148963
2012-03-30,7.16979964518835
2012-04-02,7.404117145517966
2012-04-03,7.200951399327024
2012-04-04,6.999774051993309
2012-04-05,6.878757024800143
2012-04-06,7.959257354886138
2012-04-09,7.676303917459242
2012-04-10,7.4048122212645024
2012-04-11,7.482175370438911
2012-04-12,8.643214583103143
2012-04-13,8.335741043726463
2012-04-16,8.060383516483506
2012-04-17,8.009072559073676
2012-04-18,7.711695664135669
2012-04-19,7.4902695217121105
2012-04-20,7.276792048408775
2012-04-23,7.045036573537525
2012-04-24,6.815734354598889
2012-04-25,7.528028235651033
2012-04-26,7.272063621612395
2012-04-27,7.080615846476708
2012-04-30,6.881522901409194
2012-05-01,6.711790831386822
2012-05-02,6.524137113344427
2012-05-03,6.399022235997222
2012-05-04,6.249277924200358
2012-05-07,7.320903159381601
2012-05-08,8.040360644593264
2012-05-09,7.741147599987608
2012-05-10,7.701157132654389
2012-05-11,7.88648781760391
2012-05-14,7.663938922539109
2012-05-15,7.442951654847704
2012-05-16,9.095564839653841
2012-05-17,8.727701115396165
2012-05-18,8.81713732926775
2012-05-21,8.940850671327704
2012-05-22,8.585498237890627
2012-05-23,8.411552392804442
2012-05-24,8.089980547077394
2012-05-25,8.598806135380805
2012-05-28,8.323599684898209
2012-05-29,8.05071005177898
2012-05-30,7.83394158000866
2012-05-31,8.184471216144232
2012-06-01,8.864752577145131
2012-06-04,8.535580804526278
2012-06-05,10.157155351986328
2012-06-06,10.673272835790163
2012-06-07,10.20900856342349
2012-06-08,10.326384824226913
2012-06-11,10.084727887930889
2012-06-12,9.728935305450172
2012-06-13,9.55065618732947
2012-06-14,9.279289158838841
2012-06-15,9.268986091592804
2012-06-18,8.907788348425848
2012-06-19,8.776192042916371
2012-06-20,8.50647321174096
2012-06-21,8.19616864590515
2012-06-22,7.900347425320009
2012-06-25,9.198984911269674
2012-06-26,8.853714214304604
2012-06-27,8.946329340711303
2012-06-28,8.697637343658227
2012-06-29,8.353216132086226
2012-07-02,8.044776037881807
2012-07-03,7.753189043758259
2012-07-04,9.301673227682823
2012-07-05,8.928973455873555
2012-07-06,8.601501693431299
2012-07-09,8.331505853660461
2012-07-10,8.202599343561646
2012-07-11,8.403593168524186
2012-07-12,8.602353623899198
2012-07-13,8.286052381356875
2012-07-16,8.259818900745893
2012-07-17,7.949753518542303
2012-07-18,7.851167534676419
2012-07-19,7.566716597626383
2012-07-20,7.313563329120139
2012-07-23,7.063515325094782
2012-07-24,7.163196530146653
2012-07-25,8.061944225832494
2012-07-26,7.848251840847307
2012-07-27,7.563193324143111
2012-07-30,7.3588771734850855
2012-07-31,7.6121986341523895
2012-08-01,7.354812418241046
2012-08-02,7.223310730105291
2012-08-03,7.009150144538029
2012-08-06,7.407436382820829
2012-08-07,7.895830123571053
2012-08-08,7.610943583419766
2012-08-09,7.369863867863916
2012-08-10,7.129876273065648
2012-08-13,6.939601386144083
2012-08-14,6.845139456158999
2012-08-15,6.655560645162136
2012-08-16,6.471919594349803
2012-08-17,6.284649596852434
2012-08-20,6.338819754323409
2012-08-21,6.194176009009183
2012-08-22,6.0421905496180255
2012-08-23,6.143253154266134
2012-08-24,6.228652754134972
2012-08-27,6.751964420885316
2012-08-28,6.6167234498346215
2012-08-29,6.69290774039477
2012-08-30,6.54631290423575
2012-08-31,6.570938242242403
2012-09-03,6.750907409374597
2012-09-04,6.705247265155321
2012-09-05,6.503424520009452
2012-09-06,6.531166885423151
2012-09-07,6.483693190561813
2012-09-10,6.607755070164714
2012-09-11,6.671311529840152
2012-09-12,6.498047942302727
2012-09-13,6.349448384104844
2012-09-14,6.197527990089124
2012-09-17,6.128851857773506
2012-09-18,6.0107454724493214
2012-09-19,5.861170879158814
2012-09-20,5.72414259569988
2012-09-21,6.011707031038991
2012-09-24,6.103530545042183
2012-09-25,6.062500370195748
2012-09-26,5.906501600463789
2012-09-27,7.259100707655296
2012-09-28,7.431761069481993
2012-10-01,7.485415539374847
2012-10-02,7.25089391714366
2012-10-03,7.016658706143933
2012-10-04,6.790330492932579
2012-10-05,6.584793554804139
2012-10-08,6.406512464893397
2012-10-09,6.308917816200457
2012-10-10,6.349191539495952
2012-10-11,6.535341222046302
2012-10-12,6.574719073658322
2012-10-15,6.381745048091057
2012-10-16,6.228050137317979
2012-10-17,6.091355769156255
2012-10-18,6.064827582703651
2012-10-19,6.022939290235774
2012-10-22,5.869843178908344
2012-10-23,6.902073774665397
2012-10-24,6.70375735750957
2012-10-25,6.591024203881736
2012-10-26,6.400133671175757
2012-10-29,6.3385997518006345
2012-10-30,6.239945798819905
2012-10-31,6.079480996842986
2012-11-01,5.997783927386071
2012-11-02,5.848669333508018
2012-11-05,5.715952396822146
2012-11-06,5.824759891281384
2012-11-07,5.692426986357243
2012-11-08,5.570902253661043
2012-11-09,7.061990604089969
2012-11-12,7.558259613938627
2012-11-13,7.290922255245764
2012-11-14,7.081829529604704
2012-11-15,6.874779851180681
2012-11-16,7.085762878735717
2012-11-19,7.014667770551557
2012-11-20,6.795035809337867
2012-11-21,6.710066008686574
2012-11-22,6.635124360199579
2012-11-23,6.477559259430242
2012-11-26,6.296198084754558
2012-11-27,6.589240734934685
2012-11-28,6.392362870767628
2012-11-29,6.2967042680612115
2012-11-30,6.141136267904967
2012-12-03,6.045173902575993
2012-12-04,5.902400018342389
2012-12-05,5.7587697357934795
2012-12-06,5.639796735302391
2012-12-07,5.60914543026333
2012-12-10,5.498325300358878
2012-12-11,5.387987228626651
2012-12-12,5.308505253437215
2012-12-13,5.303343329398765
2012-12-14,5.393806476448882
2012-12-17,5.540638295716804
2012-12-18,5.452275141529906
2012-12-19,5.384610304426872
2012-12-20,5.508477604025271
2012-12-21,5.397435423553206
2012-12-24,5.3747686551001
2012-12-25,5.8936916012595955
2012-12-26,5.755250340456441
2012-12-27,5.705758540688176
2012-12-28,5.592410603850948
2012-12-31,5.517480055507517
2013-01-01,5.445614056159657
2013-01-02,5.339847713154459
2013-01-03,5.647581771914354
2013-01-04,6.049315604870892
2013-01-07,5.943324785613485
2013-01-08,5.849902457157352
2013-01-09,5.841957375698481
2013-01-10,5.868905578528719
2013-01-11,5.813149415421144
2013-01-14,5.801475880355688
2013-01-15,5.704728017942608
2013-01-16,5.645177641955692
2013-01-17,5.529885673298724
2013-01-18,5.4199776040411365
2013-01-21,5.332407886193554
2013-01-22,5.259496774913757
2013-01-23,5.169672603753723
2013-01-24,5.087752352137636
2013-01-25,5.017712211078791
2013-01-28,5.083734820125782
2013-01-29,5.046679274507071
2013-01-30,4.982226669252249
2013-01-31,5.055064497233939
2013-02-01,5.161573191780318
2013-02-04,5.089739782534972
2013-02-05,5.374646696506278
2013-02-06,5.910707164083983
2013-02-07,5.804537802056793
2013-02-08,5.669379051525757
2013-02-11,5.7971188106709075
2013-02-12,5.701692612321598
2013-02-13,5.602546041554437
2013-02-14,5.483971234671982
2013-02-15,5.388162011470533
2013-02-18,5.287894637787663
2013-02-19,5.2012956402905015
2013-02-20,5.118342219045413
2013-02-21,5.102376309511858
2013-02-22,5.524898591081049
2013-02-25,6.915868815737594
2013-02-26,6.85620238272107
2013-02-27,7.1830262321939085
2013-02-28,7.067626381827173
2013-03-01,7.073747554768884
2013-03-04,6.884306622597972
2013-03-05,6.666099633527856
2013-03-06,6.566271978886623
2013-03-07,6.552530869965806
2013-03-08,6.363416774625358
2013-03-11,6.196678246250095
2013-03-12,6.146574177071931
2013-03-13,5.989991782583928
2013-03-14,6.188143555021896
2013-03-15,6.248275285688996
2013-03-18,6.0773243668333325
2013-03-19,6.097372566444542
2013-03-20,6.572996586944333
2013-03-21,6.383094843220562
2013-03-22,6.352450318245849
2013-03-25,6.5407190925282945
2013-03-26,6.357871330437467
2013-03-27,6.211472177171263
2013-03-28,6.159717770966522
2013-03-29,5.997696584928342
2013-04-01,5.852569790619659
2013-04-02,5.715215223125796
2013-04-03,5.662246079951197
2013-04-04,5.538181155345191
2013-04-05,6.617301502091973
2013-04-08,6.439160270934034
2013-04-09,7.851292122941397
2013-04-10,7.6063962457141
2013-04-11,7.422665172702698
2013-04-12,7.769236193083463
2013-04-15,7.490029328748018
2013-04-16,7.67858501507816
2013-04-17,9.142381912854509
2013-04-18,8.998679805416932
2013-04-19,9.436935862875414
2013-04-22,9.091821494835894
2013-04-23,9.127779827373184
2013-04-24,8.758501207274609
2013-04-25,8.410600192824134
2013-04-26,8.090134447642516
2013-04-29,7.791302639596624
2013-04-30,7.681024002364331
2013-05-01,7.407881221707981
2013-05-02,7.156685504382086
2013-05-03,6.924680339050507
2013-05-06,6.8081242828401605
2013-05-07,6.605639098178329
2013-05-08,6.4117364771903
2013-05-09,6.407004414205421
2013-05-10,6.3648699337881025
2013-05-13,6.243745620142089
2013-05-14,6.076164481257272
2013-05-15,5.975397833816402
2013-05-16,5.9970834630326815
2013-05-17,5.859255307790483
2013-05-20,5.888817391534811
2013-05-21,5.828513087786387
2013-05-22,5.70424085544133
2013-05-23,5.92786460768195
2013-05-24,6.001655748438183
2013-05-27,5.98405184825439
2013-05-28,5.878638272063395
2013-05-29,5.742168493244803
2013-05-30,5.645551453104078
2013-05-31,7.262104068784694
2013-06-03,7.088523133783138
2013-06-04,6.868526721068873
2013-06-05,6.692564708252604
2013-06-06,6.914336921954124
2013-06-07,7.173338925666091
2013-06-10,6.999280975103463
2013-06-11,7.207680656010831
2013-06-12,7.094486268942209
2013-06-13,9.551987427530888
2013-06-14,10.426283078147971
2013-06-17,10.088495029849476
2013-06-18,9.947624371767997
2013-06-19,9.591653297821596
2013-06-20,9.453047456692525
2013-06-21,10.453581718954899
2013-06-24,11.152883137207404
2013-06-25,10.655128684801035
2013-06-26,12.589342050018157
2013-06-27,12.125291339944663
2013-06-28,11.728712264191364
2013-07-01,11.427890047072527
2013-07-02,11.178433474409436
2013-07-03,10.795736194284821
2013-07-04,11.630857583949672
2013-07-05,11.335767964661002
2013-07-08,10.835967212021439
2013-07-09,10.511832975807476
2013-07-10,10.137276753004622
2013-07-11,9.726016602382174
2013-07-12,9.326977407432624
2013-07-15,9.225319158980337
2013-07-16,9.111511338127928
2013-07-17,8.73985526584463
2013-07-18,8.399287334901246
2013-07-19,8.078306212605439
2013-07-22,8.04280610419877
2013-07-23,7.760953031733424
2013-07-24,7.507482053679378
2013-07-25,7.422466127549144
2013-07-26,7.507746712675208
2013-07-29,7.243987411240484
2013-07-30,7.151990054484994
2013-07-31,6.924801098929686
2013-08-01,6.737354416830664
2013-08-02,6.564753417803394
2013-08-05,6.661037919735544
2013-08-06,6.464978495890582
2013-08-07,6.993731343967384
2013-08-08,7.03714406956297
2013-08-09,7.087653728204639
2013-08-12,6.857197934250413
2013-08-13,6.647670859947408
2013-08-14,6.516680053482365
2013-08-15,6.5705465916973615
2013-08-16,6.4383058127380774
2013-08-19,7.723180357140086
2013-08-20,7.601100813632102
2013-08-21,7.335019964015688
2013-08-22,7.4957051967181405
2013-08-23,8.677841455763405
2013-08-26,8.348704201214781
2013-08-27,8.029217740986766
2013-08-28,7.736998475825197
2013-08-29,9.107153404462204
2013-08-30,8.75706303322854
2013-09-02,8.409931233951067
2013-09-03,8.1125985565238
2013-09-04,7.909233283725726
2013-09-05,7.617693408097371
2013-09-06,7.353445226027307
2013-09-09,7.287126943613207
2013-09-10,7.091603287519346
2013-09-11,8.08527063685539
2013-09-12,7.932096723993373
2013-09-13,8.009577632038567
2013-09-16,7.980863672461898
2013-09-17,7.694482866126857
2013-09-18,7.6221438994603945
2013-09-19,7.396161509220608
2013-09-20,7.142895879832125
2013-09-23,6.907811205722139
2013-09-24,7.731852664306865
2013-09-25,9.202951543112212
2013-09-26,8.825850172208197
2013-09-27,8.4826091475665
2013-09-30,8.153479069192937
2013-10-01,7.845958295497404
2013-10-02,8.131396572538911
2013-10-03,7.96584245938703
2013-10-04,7.693860761352482
2013-10-07,7.7323825303146805
2013-10-08,7.455256717041679
2013-10-09,7.468228668664439
2013-10-10,7.280024705478954
2013-10-11,7.050746776707724
2013-10-14,7.154028474027816
2013-10-15,6.952767948883584
2013-10-16,6.771057648267619
2013-10-17,6.575533817053107
2013-10-18,6.4005504515370975
2013-10-21,6.4290379876615
2013-10-22,6.778214886240237
2013-10-23,6.799550109091808
2013-10-24,6.59344158156056
2013-10-25,6.440892307800353
2013-10-28,6.2656117593429155
2013-10-29,6.108122060280595
2013-10-30,6.012984333857824
2013-10-31,5.909512358501928
2013-11-01,5.796453359470034
2013-11-04,5.666218507251742
2013-11-05,5.759774702130845
2013-11-06,5.8189243009615685
2013-11-07,5.700523300807367
2013-11-08,5.58906918753298
2013-11-11,6.111060625163257
2013-11-12,5.957615354046309
2013-11-13,5.812242652724924
2013-11-14,5.737091203388722
2013-11-15,5.648744993339023
2013-11-18,5.63154098389214
2013-11-19,5.809244406305235
2013-11-20,5.68979863567303
2013-11-21,5.56347048093067
2013-11-22,5.462798078116752
2013-11-25,5.569364840833919
2013-11-26,5.492508520750957
2013-11-27,5.383257242848206
2013-11-28,5.381414100023429
2013-11-29,5.481063646174968
2013-12-02,5.606834820081799
2013-12-03,5.559879872081813
2013-12-04,5.4538362655853545
2013-12-05,6.04476503396396
2013-12-06,5.974003733963392
2013-12-09,6.250458041245951
2013-12-10,6.100488066073175
2013-12-11,5.952926742797802
2013-12-12,5.871342764835911
2013-12-13,6.592685092066527
2013-12-16,6.688641826077562
2013-12-17,6.911722142521527
2013-12-18,6.7083722466738385
2013-12-19,6.60929358464545
2013-12-20,6.759557094960263
2013-12-23,6.588514417267379
2013-12-24,6.409918545868301
2013-12-25,6.270109216444319
2013-12-26,6.099419924646134
2013-12-27,5.9405422514835085
2013-12-30,6.016644469332428
2013-12-31,5.872083992507307
2014-01-01,5.763753737002587
2014-01-02,5.652281994458122
2014-01-03,5.629654091025477
2014-01-06,5.5857068598958195
2014-01-07,6.036879209628435
2014-01-08,5.8858451851886615
2014-01-09,5.7645894453383315
2014-01-10,5.636325243836596
2014-01-13,5.57237581952531
2014-01-14,5.72229745736221
2014-01-15,6.150511069603751
2014-01-16,6.075541894711791
2014-01-17,6.07795466797511
2014-01-20,5.923907556346934
2014-01-21,6.068028078489098
2014-01-22,5.983842428249726
2014-01-23,5.866616593008012
2014-01-24,5.733765661737981
2014-01-27,5.818047181611674
2014-01-28,8.500777264999918
2014-01-29,9.78497562049029
2014-01-30,9.380807126451145
2014-01-31,9.16459998570027
2014-02-03,8.80018898965288
2014-02-04,8.523691435290997
2014-02-05,8.768396053963432
2014-02-06,8.452865475092086
2014-02-07,8.15725383638397
2014-02-10,7.958068851201514
2014-02-11,7.790611877596076
2014-02-12,7.516737123237073
2014-02-13,7.526331081721698
2014-02-14,7.281770181528325
2014-02-17,7.587621091220306
2014-02-18,7.4976286803193455
2014-02-19,7.247870598327321
2014-02-20,7.01722422765555
2014-02-21,6.790226632200568
2014-02-24,6.62845758238229
2014-02-25,6.440517395486826
2014-02-26,6.272765635570278
2014-02-27,6.0999435485188895
2014-02-28,6.004626084027037
2014-03-03,6.268225637227541
2014-03-04,6.255543798741432
2014-03-05,7.875621156282127
2014-03-06,7.994558236446536
2014-03-07,7.846982164844567
2014-03-10,7.559755624841301
2014-03-11,7.292951691577005
2014-03-12,7.065645676820237
2014-03-13,6.933722798885748
2014-03-14,6.797800992146647
2014-03-17,7.927250870101604
2014-03-18,7.652655432906405
2014-03-19,7.453875932534265
2014-03-20,7.4933372319974625
2014-03-21,7.589056885260796
2014-03-24,7.638015258417016
2014-03-25,7.807182863037878
2014-03-26,7.555156471883522
2014-03-27,7.295359139147283
2014-03-28,7.216482433483026
2014-03-31,7.126298009653355
2014-04-01,7.207673952696553
2014-04-02,7.160112046293963
2014-04-03,7.020764728416694
2014-04-04,7.000797630227162
2014-04-07,6.780732563352623
2014-04-08,7.035357136179577
2014-04-09,7.324476625291577
2014-04-10,7.224289759921769
2014-04-11,7.392449957068174
2014-04-14,8.648290437805981
2014-04-15,8.30765937573362
2014-04-16,8.049819219135124
2014-04-17,7.803477044662466
2014-04-18,7.752578266417901
2014-04-21,7.543867702738209
2014-04-22,7.3515836922058995
2014-04-23,7.149278662927643
2014-04-24,7.327399684324855
2014-04-25,7.108032759626321
2014-04-28,7.484763030800671
2014-04-29,7.730740974207389
2014-04-30,7.471342325703822
2014-05-01,7.384661900271057
2014-05-02,7.17615987575809
2014-05-05,7.327192976837042
2014-05-06,7.084591235188128
2014-05-07,6.851974693039635
2014-05-08,6.656673957442298
2014-05-09,6.4545655007513005
2014-05-12,8.860549172407246
2014-05-13,8.523605517213333
2014-05-14,8.194612226990886
2014-05-15,7.888599585694475
2014-05-16,7.6478376437387725
2014-05-19,7.381285866004844
2014-05-20,7.298422803533141
2014-05-21,7.076660210645238
2014-05-22,6.844566441425968
2014-05-23,6.672248022429237
2014-05-26,6.520726832895066
2014-05-27,6.632176197878171
2014-05-28,6.445325334382756
2014-05-29,6.275205532102232
2014-05-30,6.561490259439878
2014-06-02,6.556438128314668
2014-06-03,6.393549973873718
2014-06-04,6.228880665212902
2014-06-05,6.0659131032203435
2014-06-06,5.927745313049386
2014-06-09,5.840213757659539
2014-06-10,5.732962204100952
2014-06-11,5.660757501419359
2014-06-12,5.726584557440044
2014-06-13,5.654795818507274
2014-06-16,5.813251039870803
2014-06-17,5.684392187332761
2014-06-18,5.56089915659166
2014-06-19,5.452986769773612
2014-06-20,5.454660374801094
2014-06-23,5.361625356243974
2014-06-24,5.2698581601973675
2014-06-25,5.983559853546045
2014-06-26,6.0024751360079955
2014-06-27,5.852711417469018
2014-06-30,5.713796607666974
2014-07-01,5.590641636332665
2014-07-02,5.573333117304856
2014-07-03,5.476184202913293
2014-07-04,5.410890371624483
2014-07-07,5.308547929228895
2014-07-08,5.479482658554231
2014-07-09,5.376600864941626
2014-07-10,5.276769197254044
2014-07-11,5.293629826511677
2014-07-14,5.458096300892143
2014-07-15,5.367442430660292
2014-07-16,5.339964933735137
2014-07-17,5.269724942521032
2014-07-18,5.362831511892899
2014-07-21,5.2641154440729245
2014-07-22,5.708739023197372
2014-07-23,5.980895681400859
2014-07-24,5.902646371214081
2014-07-25,5.770149081036557
2014-07-28,5.648943110417523
2014-07-29,5.670696990187493
2014-07-30,5.549510142889592
2014-07-31,5.476376628064459
2014-08-01,5.526251534460012
2014-08-04,7.189992823169411
2014-08-05,7.055495174671132
2014-08-06,7.011313994494748
2014-08-07,6.793552488930478
2014-08-08,6.746887742338657
2014-08-11,7.139930080520508
2014-08-12,6.9574891434679165
2014-08-13,6.830312287729937
2014-08-14,6.655905593392627
2014-08-15,6.571631957638667
2014-08-18,6.4159175524124645
2014-08-19,6.350261134238738
2014-08-20,6.2166828415753885
2014-08-21,6.37913070894118
2014-08-22,6.377370336090075
2014-08-25,6.197827425133057
2014-08-26,6.101796113021165
2014-08-27,5.958692533319798
2014-08-28,5.888770385080557
2014-08-29,5.988224137744213
2014-09-01,5.8817050693455215
2014-09-02,5.964101321750055
2014-09-03,5.837311071786668
2014-09-04,5.979450576487996
2014-09-05,5.8343991898440795
2014-09-08,5.703621238967639
2014-09-09,6.629442400362018
2014-09-10,6.532551423086695
2014-09-11,6.489305882050851
2014-09-12,7.131626317633949
2014-09-15,6.93171863874411
2014-09-16,7.014727422008596
2014-09-17,6.786197907051292
2014-09-18,6.574397608909599
2014-09-19,6.383073880841748
2014-09-22,6.205159589667374
2014-09-23,6.081494321997453
2014-09-24,5.943946893187048
2014-09-25,6.692092809100612
2014-09-26,6.4983385216357865
2014-09-29,7.170247201955383
2014-09-30,6.9366427756447715
2014-10-01,7.224581634845913
2014-10-02,7.590899364685294
2014-10-03,8.479519577518479
2014-10-06,8.482297004140223
2014-10-07,8.702401620593243
2014-10-08,8.441725017375813
2014-10-09,9.00351910811836
2014-10-10,8.64031538859149
2014-10-13,9.596264709873328
2014-10-14,10.083203072632447
2014-10-15,10.262415062696128
2014-10-16,9.817781412499528
2014-10-17,9.908550089596192
2014-10-20,9.539214691191109
2014-10-21,9.152276212811216
2014-10-22,8.839568242022814
2014-10-23,8.50090126408352
2014-10-24,8.169645259278704
2014-10-27,7.888489706908342
2014-10-28,7.603043438552473
2014-10-29,7.681097809887701
2014-10-30,7.5877506678627915
2014-10-31,7.5054399543548485
2014-11-03,7.242397271943244
2014-11-04,8.032386188047312
2014-11-05,7.753086587674324
2014-11-06,7.547642972176919
2014-11-07,7.28817768779866
2014-11-10,7.084328235235612
2014-11-11,7.039963666810051
2014-11-12,6.8184767365721335
2014-11-13,6.771291908495252
2014-11-14,6.592428989825399
2014-11-17,6.403861745729506
2014-11-18,6.229896118502652
2014-11-19,6.40649681637486
2014-11-20,6.35169022283725
2014-11-21,6.262515157575935
2014-11-24,6.090641974575394
2014-11-25,5.934578326941378
2014-11-26,5.835257821668469
2014-11-27,5.747627895862109
2014-11-28,5.797345309258751
2014-12-01,5.879005541971771
2014-12-02,5.848143246737973
2014-12-03,5.874606086150188
2014-12-04,5.978500854637826
2014-12-05,6.186395748979165
2014-12-08,6.027719645052648
2014-12-09,5.905313741094136
2014-12-10,6.286058851971946
2014-12-11,6.334427971532715
2014-12-12,6.732934936534193
2014-12-15,6.670398743612925
2014-12-16,7.1112038733013465
2014-12-17,8.112937234861798
2014-12-18,8.283975905801595
2014-12-19,8.2999685206392
2014-12-22,8.346159977327805
2014-12-23,8.031298338458662
2014-12-24,7.7349093221422365
2014-12-25,7.606352812429662
2014-12-26,7.335807468566506
2014-12-29,7.090033934731831
2014-12-30,6.857393615465084
2014-12-31,6.658629327217192
2015-01-01,6.608183467882661
2015-01-02,6.409729529007504
2015-01-05,6.288595772202308
2015-01-06,6.462163881355093
2015-01-07,7.426029960405788
2015-01-08,8.382463793028572
2015-01-09,8.228619549590253
2015-01-12,8.40988960893563
2015-01-13,8.132967149600187
2015-01-14,7.826766376052363
2015-01-15,7.599253970729214
2015-01-16,7.455308984729748
2015-01-19,7.481856348063869
2015-01-20,7.592489243949869
2015-01-21,7.327722744302921
2015-01-22,7.078459357384541
2015-01-23,7.269510401465045
2015-01-26,7.179328306067596
2015-01-27,6.972812402756216
2015-01-28,6.805437663619264
2015-01-29,6.996847906372029
2015-01-30,7.152760233923812
2015-02-02,7.105701637879337
2015-02-03,6.980948437966916
2015-02-04,6.934410035568174
2015-02-05,6.734941290452549
2015-02-06,6.528134498447491
2015-02-09,6.335739139305566
2015-02-10,6.549099053553412
2015-02-11,6.373792648158018
2015-02-12,6.247569745339547
2015-02-13,6.076634893393165
2015-02-16,6.153359396622047
2015-02-17,6.333547577730374
2015-02-18,6.1671198440952795
2015-02-19,6.015108927601743
2015-02-20,5.910705753732287
2015-02-23,5.766799640034276
2015-02-24,5.834770291475547
2015-02-25,5.974318784427283
2015-02-26,5.8700999046456666
2015-02-27,6.1685671069897205
2015-03-02,6.077250260482567
2015-03-03,5.943872137580079
2015-03-04,5.815266190846873
2015-03-05,5.771454546906845
2015-03-06,5.7261782495531905
2015-03-09,5.657554067243256
2015-03-10,5.551232560618689
2015-03-11,5.44469644254254
2015-03-12,5.8640048846544826
2015-03-13,5.940071136219064
2015-03-16,5.7974778276137435
2015-03-17,5.662624154600359
2015-03-18,5.738045664893658
2015-03-19,5.610345176946846
2015-03-20,6.119566048067509
2015-03-23,6.679459359809361
2015-03-24,6.508110237335398
2015-03-25,8.14157136090335
2015-03-26,7.946727229186493
2015-03-27,8.804726464634173
2015-03-30,8.57841274505108
2015-03-31,8.372863034235245
2015-04-01,8.77234939032513
2015-04-02,8.759788088047884
2015-04-03,9.266910306623076
2015-04-06,8.893151535954175
2015-04-07,8.542565729187784
2015-04-08,8.210853750448841
2015-04-09,7.909023365129638
2015-04-10,8.108192993148137
2015-04-13,8.050727169795298
2015-04-14,8.225636894492583
2015-04-15,7.917514391954561
2015-04-16,9.686240243770746
2015-04-17,9.572188038422604
2015-04-20,9.488767509394089
2015-04-21,10.072201358253901
2015-04-22,9.761371853610996
2015-04-23,9.40832001615626
2015-04-24,9.119109685089686
2015-04-27,8.756602280415986
2015-04-28,8.516623339110835
2015-04-29,8.189667255629422
2015-04-30,8.372999707471884
2015-05-01,8.364115031406602
2015-05-04,8.043740688409462
2015-05-05,7.743237499021566
2015-05-06,7.651581724548412
2015-05-07,8.80575893293311
2015-05-08,8.973577856599137
2015-05-11,8.612553183972041
2015-05-12,8.313193021368201
2015-05-13,7.997442803331659
2015-05-14,7.957314575448874
2015-05-15,8.470732140414649
2015-05-18,8.155719472943343
2015-05-19,7.866238226705578
2015-05-20,7.631815538373018
2015-05-21,7.5198283136798745
2015-05-22,7.308990816556836
2015-05-25,7.0820984486760015
2015-05-26,6.898831130365692
2015-05-27,6.709064009466663
2015-05-28,6.779854207927668
2015-05-29,6.853483608561546
2015-06-01,6.890860642360144
2015-06-02,6.868926516912556
2015-06-03,6.905739641290248
2015-06-04,6.988620848725394
2015-06-05,6.974902843900275
2015-06-08,7.1043267771860386
2015-06-09,7.0965710886020705
2015-06-10,7.902613626288224
2015-06-11,9.985191392410037
2015-06-12,9.79513826955262
2015-06-15,9.86154175046174
2015-06-16,9.77423346809609
2015-06-17,9.47562782595707
2015-06-18,9.085669679170074
2015-06-19,8.958314664058651
2015-06-22,9.382097606920027
2015-06-23,9.02767251985901
2015-06-24,8.736743223218925
2015-06-25,8.727966647746333
2015-06-26,8.95084195289068
2015-06-29,8.971781024309944
2015-06-30,8.611687723143502
2015-07-01,11.404754885999099
2015-07-02,11.580361921443249
2015-07-03,11.058752292390764
2015-07-06,10.795733592191361
2015-07-07,10.431254467935496
2015-07-08,10.18139763600005
2015-07-09,9.792276078214973
2015-07-10,11.083090159937047
2015-07-13,10.71443265594565
2015-07-14,10.701040269399474
2015-07-15,10.606445295694945
2015-07-16,10.463307970113389
2015-07-17,10.006101429067494
2015-07-20,9.61614061737419
2015-07-21,9.238636118912856
2015-07-22,8.945615034522088
2015-07-23,8.602294931745842
2015-07-24,8.270907689217326
2015-07-27,8.147642311891031
2015-07-28,7.842206133095023
2015-07-29,8.452035241868428
2015-07-30,8.195773627737264
2015-07-31,8.019663361098942
2015-08-03,7.929726601478485
2015-08-04,7.638350017906115
2015-08-05,7.501117989696326
2015-08-06,7.360003112031073
2015-08-07,7.692099917445932
2015-08-10,7.757599006720866
2015-08-11,8.478030544169146
2015-08-12,8.302725259703363
2015-08-13,8.64555203240595
2015-08-14,8.927599224759378
2015-08-17,8.742065790073584
2015-08-18,8.485530318171048
2015-08-19,8.367543505481985
2015-08-20,8.068393445967894
2015-08-21,9.41500702594884
2015-08-24,11.210458179630368
2015-08-25,13.536479289383239
2015-08-26,16.65506559629295
2015-08-27,15.855451046394686
2015-08-28,16.1649362592954
2015-08-31,15.659024824552704
2015-09-01,15.709973690437225
2015-09-02,14.994639554995564
2015-09-03,18.57859364133011
2015-09-04,17.678537490815835
2015-09-07,16.860294002505384
2015-09-08,16.785156857883393
2015-09-09,15.9603626835368
2015-09-10,15.385049106837835
2015-09-11,14.638036902059884
2015-09-14,13.935270163595305
2015-09-15,13.871928433651957
2015-09-16,13.271068188632897
2015-09-17,12.645520463961489
2015-09-18,12.06546193468436
2015-09-21,11.521443650059696
2015-09-22,12.245962464351182
2015-09-23,11.960016106533748
2015-09-24,11.417855620880742
2015-09-25,10.935793805463309
2015-09-28,10.450333536250655
2015-09-29,10.54777004856938
2015-09-30,10.313171202131482
2015-10-01,10.067153124825245
2015-10-02,9.802694036930157
2015-10-05,9.438540786627932
2015-10-06,9.297416462866389
2015-10-07,8.94069719598166
2015-10-08,8.762001055011842
2015-10-09,8.711580735121801
2015-10-12,8.490209571290006
2015-10-13,8.230237415703813
2015-10-14,7.953967291016926
2015-10-15,7.713494373568646
2015-10-16,8.217014572776783
2015-10-19,8.072668583715396
2015-10-20,7.776427910045961
2015-10-21,7.702699174772603
2015-10-22,7.501467052161315
2015-10-23,7.535401300962496
2015-10-26,7.366304210598298
2015-10-27,7.131629212803838
2015-10-28,7.043980722068654
2015-10-29,6.924744728598329
2015-10-30,6.7948172564943
2015-11-02,6.654738235832737
2015-11-03,6.568272181369585
2015-11-04,6.6138010574465085
2015-11-05,6.42250127925242
2015-11-06,6.259603610631208
2015-11-09,6.1765305412156595
2015-11-10,6.011096697403564
2015-11-11,5.907200994437587
2015-11-12,5.93111131380528
2015-11-13,6.025224694001033
2015-11-16,5.8718622516424235
2015-11-17,6.5617621988999755
2015-11-18,6.940829922914291
2015-11-19,6.725660488423697
2015-11-20,6.93646889035088
2015-11-23,6.723958038967529
2015-11-24,6.531162760560315
2015-11-25,6.553927523062959
2015-11-26,7.543018504907323
2015-11-27,7.344083597224451
2015-11-30,7.170460201388105
2015-12-01,7.157896668624529
2015-12-02,7.410864573001523
2015-12-03,7.171044606953111
2015-12-04,8.380359847698141
2015-12-07,8.528300985620808
2015-12-08,8.195751426136315
2015-12-09,7.8861383696826675
2015-12-10,7.838948611664042
2015-12-11,8.187134313370974
2015-12-14,7.915602983779694
2015-12-15,8.731841913888275
2015-12-16,8.447015822028622
2015-12-17,8.239741955789636
2015-12-18,8.34608340652457
2015-12-21,8.065670476828835
2015-12-22,10.98130968477867
2015-12-23,10.720753589598988
2015-12-24,10.29220444452815
2015-12-25,10.358637038903709
2015-12-28,9.9913323465242
2015-12-29,9.66865075550412
2015-12-30,9.270737848321007
2015-12-31,9.201244984534183
2016-01-01,9.1686112458756
2016-01-04,8.793679808954684
2016-01-05,8.445089741087447
2016-01-06,9.409974541087971
2016-01-07,9.023817018347662
2016-01-08,9.37495054626986
2016-01-11,10.50497803954348
2016-01-12,10.054134069808528
2016-01-13,9.681121599688433
2016-01-14,9.285253081278736
2016-01-15,10.054211201904337
2016-01-18,9.624002443146006
2016-01-19,10.360580895463116
2016-01-20,10.015887386554668
2016-01-21,9.589671705547106
2016-01-22,11.495293776917187
2016-01-25,10.986681320049284
2016-01-26,10.867992585274836
2016-01-27,10.475628161916738
2016-01-28,10.140296654609875
2016-01-29,10.097417929575007
2016-02-01,9.684053234301691
2016-02-02,10.371854740071893
2016-02-03,10.026175003341784
2016-02-04,12.108742666497301
2016-02-05,12.078673019408727
2016-02-08,11.856796417046484
2016-02-09,11.38593547614264
2016-02-10,10.872820269057435
2016-02-11,10.390384394440536
2016-02-12,10.279105614239807
2016-02-15,11.14564616100423
2016-02-16,10.647409370005123
2016-02-17,10.244867397322718
2016-02-18,10.297087774552276
2016-02-19,10.163123303758539
2016-02-22,9.862474280903882
2016-02-23,9.444488922337293
2016-02-24,9.061807137980896
2016-02-25,9.720624943030726
2016-02-26,9.3245839284369
2016-02-29,9.120420941157747
2016-03-01,8.75961924571621
2016-03-02,8.437759787527723
2016-03-03,9.337398027899763
2016-03-04,8.954645314641551
2016-03-07,8.674765650107107
2016-03-08,8.333953179827635
2016-03-09,8.013831383579717
2016-03-10,8.583978985716737
2016-03-11,8.258870425372075
2016-03-14,7.9610535516504175
2016-03-15,9.11286948595849
2016-03-16,8.746229576353306
2016-03-17,8.68507947995652
2016-03-18,8.451326879817511
2016-03-21,9.627226547818042
2016-03-22,9.486492295783256
2016-03-23,9.4039901415889
2016-03-24,9.149638354362352
2016-03-25,9.237960702859352
2016-03-28,8.86130559255955
2016-03-29,8.521163327901329
2016-03-30,8.292827526079027
2016-03-31,8.40289072670815
2016-04-01,8.269889911072724
2016-04-04,8.850746202620483
2016-04-05,8.497983033156956
2016-04-06,8.203119270219135
2016-04-07,8.100339599012994
2016-04-08,7.969426531037349
2016-04-11,7.679848892675517
2016-04-12,7.758923760871129
2016-04-13,7.4840815329813255
2016-04-14,7.465423375659533
2016-04-15,7.713663428052138
2016-04-18,7.555869593495004
2016-04-19,7.64589570071864
2016-04-20,7.413569581490414
2016-04-21,7.2500640684492375
2016-04-22,7.059298196806179
2016-04-25,6.872741077073067
2016-04-26,6.821515217993129
2016-04-27,6.791463259743818
2016-04-28,6.621499766088118
2016-04-29,6.422183518992472
2016-05-02,7.710162957065778
2016-05-03,7.979964806719698
2016-05-04,7.755303966583829
2016-05-05,7.479541336068272
2016-05-06,7.285051267765127
2016-05-09,7.33351419982207
2016-05-10,7.1010833473858055
2016-05-11,7.0152309772017425
2016-05-12,7.789056947177042
2016-05-13,7.655684569339688
2016-05-16,7.4638161405732975
2016-05-17,7.207167983599437
2016-05-18,7.241585501967431
2016-05-19,7.127604120529613
2016-05-20,7.420613692370481
2016-05-23,7.170471138452216
2016-05-24,6.988992108986952
2016-05-25,6.766723144137973
2016-05-26,6.658001030721283
2016-05-27,6.693154084633496
2016-05-30,7.0476519804754325
2016-05-31,6.923365498272879
2016-06-01,6.761447737961339
2016-06-02,6.645449901318448
2016-06-03,6.557324497120916
2016-06-06,6.463935789564527
2016-06-07,6.933126371917176
2016-06-08,6.740926697227711
2016-06-09,6.678411407137588
2016-06-10,7.146577125354218
2016-06-13,6.921644162298518
2016-06-14,7.2105434350083994
2016-06-15,7.733886054440574
2016-06-16,7.455414099761041
2016-06-17,7.19746107953444
2016-06-20,6.9750747581142365
2016-06-21,6.843781241411379
2016-06-22,6.69330711512423
2016-06-23,6.6861356179766
2016-06-24,6.5441384017055855
2016-06-27,6.37432851789504
2016-06-28,6.2095232169084404
2016-06-29,12.953716236283261
2016-06-30,12.398821048842935
2016-07-01,11.875391008949249
2016-07-04,11.598053677191775
2016-07-05,11.09096637055348
2016-07-06,10.59568970862534
2016-07-07,10.586856000327536
2016-07-08,10.157169815661968
2016-07-11,9.721431035169187
2016-07-12,9.373673102819629
2016-07-13,9.024458032846452
2016-07-14,9.010750150504997
2016-07-15,8.758654387198701
2016-07-18,8.677923593089885
2016-07-19,8.344912339699121
2016-07-20,8.093859965406326
2016-07-21,7.7914398908398095
2016-07-22,7.5636103937198325
2016-07-25,7.5163943122653665
2016-07-26,7.301844146120926
2016-07-27,7.229588300739895
2016-07-28,7.231791103661051
2016-07-29,7.065504591744598
2016-08-01,6.849707003092109
2016-08-02,7.747474766810945
2016-08-03,7.483864274929411
2016-08-04,8.467867304771188
2016-08-05,8.18113763954081
2016-08-08,7.896312295126346
2016-08-09,7.732272586935414
2016-08-10,7.4804426098791525
2016-08-11,7.21953977658805
2016-08-12,7.281372638747276
2016-08-15,7.096560192906255
2016-08-16,6.862112858754708
2016-08-17,6.985733460049476
2016-08-18,6.835081907813904
2016-08-19,6.825050688131279
2016-08-22,6.618668027952463
2016-08-23,6.506212116918348
2016-08-24,6.527657011911287
2016-08-25,6.419145847209602
2016-08-26,6.235151189496197
2016-08-29,7.349608366274294
2016-08-30,7.46599729774576
2016-08-31,8.232526417905147
2016-09-01,7.918958331757259
2016-09-02,7.746615787521246
2016-09-05,7.468189969020413
2016-09-06,7.300009393176326
2016-09-07,7.051097618511503
2016-09-08,6.821557682173337
2016-09-09,8.12932299996838
2016-09-12,7.853572410203902
2016-09-13,7.725598259724339
2016-09-14,7.44972394883216
2016-09-15,8.30990122806804
2016-09-16,8.03925806038405
2016-09-19,7.753664702965167
2016-09-20,7.473896611568678
2016-09-21,7.287518705372199
2016-09-22,7.121480382139746
2016-09-23,6.909482467615492
2016-09-26,7.025665017467794
2016-09-27,6.803018533352758
2016-09-28,6.896395188587104
2016-09-29,6.696134368465733
2016-09-30,6.565482703122818
2016-10-03,7.7738180145615505
2016-10-04,7.530983483021491
2016-10-05,7.335033186311978
2016-10-06,7.263903117068005
2016-10-07,7.1303216103335165
2016-10-10,6.8966076284554685
2016-10-11,6.690189358062853
2016-10-12,6.4935289158976035
2016-10-13,7.081039425085439
2016-10-14,6.855566963302859
2016-10-17,6.647980485318467
2016-10-18,6.475669464801989
2016-10-19,6.324771895133744
2016-10-20,6.281306225524774
2016-10-21,6.1424975250819704
2016-10-24,6.007644964720271
2016-10-25,5.890676810973133
2016-10-26,5.997347151980783
2016-10-27,6.795014019612302
2016-10-28,6.712485985703778
2016-10-31,7.0272826420551
2016-11-01,6.801180291401054
2016-11-02,6.590725843549103
2016-11-03,6.933229748128252
2016-11-04,6.871251485202805
2016-11-07,7.421845437219332
2016-11-08,7.180825358393165
2016-11-09,7.644064370987119
2016-11-10,7.4487317604456305
2016-11-11,7.656247339612656
2016-11-14,7.547353995901768
2016-11-15,7.956197599717692
2016-11-16,7.66188644723742
2016-11-17,7.407309310323163
2016-11-18,7.672560549261364
2016-11-21,7.504281275577722
2016-11-22,7.2644116949590005
2016-11-23,7.026439948835857
2016-11-24,6.8129914948226205
2016-11-25,6.661154216255982
2016-11-28,6.792649845926996
2016-11-29,6.629357485665679
2016-11-30,6.585343476737352
2016-12-01,6.4021323658656835
2016-12-02,6.225011648031189
2016-12-05,6.129375358626687
2016-12-06,6.51869480544103
2016-12-07,6.328293978573572
2016-12-08,6.609616463281982
2016-12-09,6.413433566655121
2016-12-12,6.34519370522548
2016-12-13,6.299356647866264
2016-12-14,7.2584571295863425
2016-12-15,7.2649258419996166
2016-12-16,7.020784835655341
2016-12-19,6.930144243574758
2016-12-20,6.983836247134234
2016-12-21,6.953519394949291
2016-12-22,6.909686102358031
2016-12-23,7.369677647795226
2016-12-26,7.1215570728387965
2016-12-27,7.202528919812782
2016-12-28,6.983926849129553
2016-12-29,6.804056594112096
2016-12-30,6.593018180956724
2017-01-02,6.589939788108015
2017-01-03,6.392933451797604
2017-01-04,6.357950305777884
2017-01-05,6.478717883289637
2017-01-06,6.298935378093274
2017-01-09,6.363309546420108
2017-01-10,6.205236217008087
2017-01-11,6.1837555885239395
2017-01-12,6.033953402328093
2017-01-13,6.0664603141332325
2017-01-16,7.579447756265722
2017-01-17,7.317472713706265
2017-01-18,7.067886412146553
2017-01-19,7.1550793336566425
2017-01-20,7.020237337423831
2017-01-23,6.849773530024625
2017-01-24,6.634441343643351
2017-01-25,7.281631627743891
2017-01-26,7.31623249823293
2017-01-27,7.0976162070486915
2017-01-30,6.912577123519053
2017-01-31,6.699758361656805
2017-02-01,7.2676707050429705
2017-02-02,7.277268196770727
2017-02-03,7.120698191070995
2017-02-06,7.116547931352872
2017-02-07,6.958851184242635
2017-02-08,6.938363442907987
2017-02-09,7.118308473529799
2017-02-10,6.891114863733992
2017-02-13,6.72498277907773
2017-02-14,6.665159601945302
2017-02-15,6.557930207380816
2017-02-16,6.4035281122816
2017-02-17,6.220699761361572
2017-02-20,6.075744453622449
2017-02-21,6.130175058102861
2017-02-22,6.063062482128931
2017-02-23,6.085518719847598
2017-02-24,6.02152371789848
2017-02-27,5.872255387688227
2017-02-28,5.767873900151016
2017-03-01,5.71585155394733
2017-03-02,5.666856458622288
2017-03-03,6.213011452998493
2017-03-06,6.098488553666599
2017-03-07,5.952684144657685
2017-03-08,5.968727328067826
2017-03-09,5.81976413306451
2017-03-10,5.715350089661559
2017-03-13,5.591751502828412
2017-03-14,5.509603940241014
2017-03-15,5.7089034619603245
2017-03-16,5.635659410907551
2017-03-17,5.771670412732212
2017-03-20,5.7745283388540845
2017-03-21,5.656687608910341
2017-03-22,5.568174578461081
2017-03-23,7.150334455387489
2017-03-24,7.08694516291694
2017-03-27,6.861378834068049
2017-03-28,6.691151793262076
2017-03-29,6.494246862980386
2017-03-30,7.000581216237775
2017-03-31,6.933791287350996
2017-04-03,6.784809368700467
2017-04-04,6.630606746284646
2017-04-05,7.10035701753556
2017-04-06,7.080602115818312
2017-04-07,7.073464843795582
2017-04-10,6.843561747161358
2017-04-11,6.6284130310486535
2017-04-12,6.591369886220105
2017-04-13,6.5237574460017855
2017-04-14,6.33351815136561
2017-04-17,6.1584984626324735
2017-04-18,6.84411252479568
2017-04-19,6.657950291635296
2017-04-20,6.464647582816186
2017-04-21,6.562628051671176
2017-04-24,6.499223081988299
2017-04-25,6.3092774089841335
2017-04-26,7.385114813244818
2017-04-27,7.694724916070069
2017-04-28,7.4573312502468845
2017-05-01,7.462657708644608
2017-05-02,7.202969373294955
2017-05-03,6.970883414222496
2017-05-04,7.003952840526015
2017-05-05,6.776736942620555
2017-05-08,6.723442136440585
2017-05-09,6.518451821827524
2017-05-10,6.330396001291535
2017-05-11,6.173057664322469
2017-05-12,6.400332401638997
2017-05-15,6.226077345513618
2017-05-16,6.061942206880363
2017-05-17,5.934718814319402
2017-05-18,5.82488073842004
2017-05-19,6.2214915655724035
2017-05-22,6.307067545069042
2017-05-23,6.143132930718625
2017-05-24,6.0235594439624025
2017-05-25,6.163374193639061
2017-05-26,6.0440440653377845
2017-05-29,6.302611754001738
2017-05-30,6.23052253721658
2017-05-31,6.15894455940155
2017-06-01,5.996207815711477
2017-06-02,6.368890459360774
2017-06-05,6.4065245476798784
2017-06-06,6.234177030055805
2017-06-07,6.162821863143214
2017-06-08,5.999464635052225
2017-06-09,5.85316226637442
2017-06-12,5.994691787541672
2017-06-13,5.943275460136103
2017-06-14,6.616852835116428
2017-06-15,6.610318421407481
2017-06-16,6.570101912725912
2017-06-19,6.385397460159553
2017-06-20,6.29062081715944
2017-06-21,6.189008775162517
2017-06-22,6.2884182699757805
2017-06-23,6.297816787205742
2017-06-26,6.129751523096877
2017-06-27,5.974469668886969
2017-06-28,5.838661430846898
2017-06-29,5.989755167870665
2017-06-30,5.861990658678478
2017-07-03,5.949184713870889
2017-07-04,5.817821937408464
2017-07-05,5.758479284807803
2017-07-06,5.646192424774701
2017-07-07,5.705425796946342
2017-07-10,5.935569690740285
2017-07-11,5.811211641312006
2017-07-12,5.807320087137998
2017-07-13,5.692027275081072
2017-07-14,5.614323577014848
2017-07-17,5.499121761159165
2017-07-18,5.412145210694524
2017-07-19,5.309384177069309
2017-07-20,5.226796921816199
2017-07-21,5.1461877521942645
2017-07-24,5.144213343850424
2017-07-25,5.07028984057247
2017-07-26,5.183034073380563
2017-07-27,5.101646796054312
2017-07-28,5.04735003310937
2017-07-31,4.977841129428701
2017-08-01,5.016462685722965
2017-08-02,4.97792072109754
2017-08-03,4.92854665684367
2017-08-04,4.910623489149523
2017-08-07,5.894161863647213
2017-08-08,5.788714305034249
2017-08-09,5.719341259294776
2017-08-10,5.6774065886858285
2017-08-11,6.118547140310714
2017-08-14,7.795812212756356
2017-08-15,7.52406172154041
2017-08-16,7.259339140199847
2017-08-17,7.29926225669013
2017-08-18,7.0509303792113975
2017-08-21,7.168753665659145
2017-08-22,6.936959307870003
2017-08-23,7.053335501258691
2017-08-24,6.89225304173722
2017-08-25,6.673316986433477
2017-08-28,6.632247532535636
2017-08-29,6.431937322233134
2017-08-30,7.066714696267449
2017-08-31,7.567357515351982
2017-09-01,7.515647785151504
2017-09-04,7.28295362683717
2017-09-05,7.31180940024301
2017-09-06,7.082249141433476
2017-09-07,7.443532163698395
2017-09-08,7.189911319220543
2017-09-11,7.2679253924118585
2017-09-12,7.19301092332186
2017-09-13,7.528376687143152
2017-09-14,7.354272380460546
2017-09-15,7.101589961063382
2017-09-18,6.868440896341998
2017-09-19,6.662415125544491
2017-09-20,6.462340838026059
2017-09-21,6.354321444426313
2017-09-22,6.467061526385811
2017-09-25,6.308743241077209
2017-09-26,6.144125129772049
2017-09-27,5.98140876914179
2017-09-28,5.887846227260735
2017-09-29,5.923957101022041
2017-10-02,5.819357763355735
2017-10-03,5.9677000480978055
2017-10-04,5.96386359144905
2017-10-05,5.855540776853334
2017-10-06,6.011831777508622
2017-10-09,5.868977695786486
2017-10-10,5.730358391896355
2017-10-11,5.724845780831193
2017-10-12,5.667655985924687
2017-10-13,5.642996701417095
2017-10-16,5.565974105803219
2017-10-17,5.511305963609817
2017-10-18,5.402667839956806
2017-10-19,5.3263449866423604
2017-10-20,5.3976355059011105
2017-10-23,5.499936996100588
2017-10-24,5.702259312715016
2017-10-25,5.575755075327754
2017-10-26,5.458895286558276
2017-10-27,5.482335050374443
2017-10-30,5.373503262389666
2017-10-31,5.27627198439482
2017-11-01,6.097260766543556
2017-11-02,6.0604003055310605
2017-11-03,5.994832243637402
2017-11-06,6.625471515478229
2017-11-07,6.481580439569964
2017-11-08,6.561745285430571
2017-11-09,6.43231417571395
2017-11-10,6.416620993775819
2017-11-13,6.35220068681903
2017-11-14,6.561056708028001
2017-11-15,6.426182881105679
2017-11-16,6.703424272616427
2017-11-17,6.857258918055028
2017-11-20,7.037166453328073
2017-11-21,6.818292090389164
2017-11-22,6.6117451473652435
2017-11-23,6.543667589580847
2017-11-24,6.374175070904406
2017-11-27,6.93815638191742
2017-11-28,6.728729417389935
2017-11-29,6.531193831839544
2017-11-30,6.8167468569686305
2017-12-01,6.708294901680945
2017-12-04,6.61889833764452
2017-12-05,6.435509207162574
2017-12-06,6.2504472102497965
2017-12-07,6.079251496930488
2017-12-08,6.784265139181542
2017-12-11,6.576962108120032
2017-12-12,6.800368151503105
2017-12-13,6.707812284051984
2017-12-14,6.502639839743767
2017-12-15,6.661450791422796
2017-12-18,7.880738951626585
2017-12-19,7.604093122960939
2017-12-20,7.3413567611820625
2017-12-21,7.235248648034734
2017-12-22,7.002233027496123
2017-12-25,6.783233247627101
2017-12-26,6.573628177437769
2017-12-27,6.473168665892114
2017-12-28,6.591647067322274
2017-12-29,6.50523328043068
2018-01-01,6.382294502683493
2018-01-02,6.220828542798219
2018-01-03,6.058137038503582
2018-01-04,5.902121224447235
2018-01-05,5.764111786478113
2018-01-08,5.883623864420469
2018-01-09,6.139997837461238
2018-01-10,5.981640725093202
2018-01-11,5.835973023692494
2018-01-12,5.6991986953487945
2018-01-15,5.584026772876673
2018-01-16,5.472372132498525
2018-01-17,5.3679510856238615
2018-01-18,5.275632831359234
2018-01-19,5.65377788339535
2018-01-22,5.530839064848391
2018-01-23,5.667564618402978
2018-01-24,5.553508961405489
2018-01-25,5.583076786162732
2018-01-26,5.632197548212534
2018-01-29,5.997839758429971
2018-01-30,6.105227490376932
2018-01-31,5.981392357127006
2018-02-01,7.305625144018927
2018-02-02,7.068982196745918
2018-02-05,7.182370824132536
2018-02-06,8.662150363854183
2018-02-07,10.862861062500873
2018-02-08,11.200261630650614
2018-02-09,11.115532451169758
2018-02-12,10.924298431715904
2018-02-13,10.913317425009865
2018-02-14,10.556303817711076
2018-02-15,10.407087687224708
2018-02-16,10.275656007289887
2018-02-19,9.915714644661872
2018-02-20,9.495921298853135
2018-02-21,9.114808500944708
2018-02-22,8.842612871342977
2018-02-23,8.489156908631104
2018-02-26,8.158526403188771
2018-02-27,7.868810322156608
2018-02-28,7.583909714091206
2018-03-01,7.923959417757557
2018-03-02,7.67544795186481
2018-03-05,7.521824155597585
2018-03-06,7.400229653429427
2018-03-07,7.256212426429118
2018-03-08,7.010240568096013
2018-03-09,6.877924665702513
2018-03-12,6.866731150533108
2018-03-13,6.878849932877387
2018-03-14,6.784556975911438
2018-03-15,6.871761009533609
2018-03-16,6.972867380544225
2018-03-19,6.767116520142596
2018-03-20,6.614220758677386
2018-03-21,6.914748095116355
2018-03-22,6.6941820786094235
2018-03-23,6.582345068730819
2018-03-26,7.882776336154532
2018-03-27,9.033655019947528
2018-03-28,8.991790553874498
2018-03-29,8.718865709946115
2018-03-30,9.126609012405384
2018-04-02,8.761871264868923
2018-04-03,8.638226201627647
2018-04-04,8.596100451747256
2018-04-05,8.295273632200923
2018-04-06,8.040944082944076
2018-04-09,7.969568081208205
2018-04-10,7.812851602207108
2018-04-11,7.544143219393182
2018-04-12,7.374495363819659
2018-04-13,7.515093597896975
2018-04-16,7.250808880972966
2018-04-17,7.166254370655523
2018-04-18,6.955252793884183
2018-04-19,6.757830549738643
2018-04-20,6.659100664722851
2018-04-23,6.502234177101899
2018-04-24,6.584362879881832
2018-04-25,6.439657507393489
2018-04-26,6.4331208177959445
2018-04-27,6.369682028488867
2018-04-30,6.241548502927316
2018-05-01,6.316217738472248
2018-05-02,6.199065296654003
2018-05-03,6.3720469712355685
2018-05-04,6.2128206386086
2018-05-07,6.459271945970047
2018-05-08,6.343585173412382
2018-05-09,6.443955181938719
2018-05-10,6.907235976480644
2018-05-11,6.997589438748063
2018-05-14,6.7965702326552195
2018-05-15,7.265871570769723
2018-05-16,7.237522405079754
2018-05-17,7.046313360852306
2018-05-18,6.838927843927854
2018-05-21,6.696265161589
2018-05-22,6.492888041582804
2018-05-23,6.421436222233103
2018-05-24,8.32984750136022
2018-05-25,8.626813280506422
2018-05-28,8.327193153107924
2018-05-29,8.01515232112209
2018-05-30,7.8130205467997405
2018-05-31,8.92655113896302
2018-06-01,8.629694649732395
2018-06-04,8.382108391277095
2018-06-05,8.092007980438188
2018-06-06,7.882244590007944
2018-06-07,7.6305537175044025
2018-06-08,7.9363314692388665
2018-06-11,7.652151515888691
2018-06-12,7.398789603268043
2018-06-13,7.35931515815611
2018-06-14,7.106408361574553
2018-06-15,6.925739328350567
2018-06-18,7.195442329294297
2018-06-19,6.958794015966628
2018-06-20,7.078531601418178
2018-06-21,7.0011822370592265
2018-06-22,6.775317890609688
2018-06-25,6.959634159417017
2018-06-26,6.805953036379459
2018-06-27,7.390860019545917
2018-06-28,7.198036127583084
2018-06-29,7.048774608601649
2018-07-02,6.834491995647229
2018-07-03,6.635098625305988
2018-07-04,6.5872498613958115
2018-07-05,6.393422883645933
2018-07-06,6.259110396681799
2018-07-09,6.177187386244724
2018-07-10,6.43208834225056
2018-07-11,6.248589037888188
2018-07-12,6.078555451510528
2018-07-13,6.826330940263248
2018-07-16,6.6117528473904015
2018-07-17,6.4143633550026316
2018-07-18,6.297372578284177
2018-07-19,6.58152265505209
2018-07-20,6.4070761732078845
2018-07-23,6.282434429942966
2018-07-24,6.139631809817615
2018-07-25,5.9866341829154734
2018-07-26,5.846403083110734
2018-07-27,5.796232832566423
2018-07-30,5.690642328817468
2018-07-31,6.338972997057839
2018-08-01,6.853938829168146
2018-08-02,6.642378344411307
2018-08-03,6.449302915140708
2018-08-06,6.706334694929243
2018-08-07,6.680087534285991
2018-08-08,6.478937177454582
2018-08-09,6.483733297611526
2018-08-10,6.296376874421636
2018-08-13,6.249256682215568
2018-08-14,6.167992628165648
2018-08-15,6.305137860502473
2018-08-16,6.130799830210365
2018-08-17,5.969064142984169
2018-08-20,5.834467945186764
2018-08-21,5.7465622724636
2018-08-22,5.793291478440967
2018-08-23,5.852316188569938
2018-08-24,5.86072684657013
2018-08-27,5.752402976549731
2018-08-28,5.681835804474717
2018-08-29,5.570173873126752
2018-08-30,5.556749509472227
2018-08-31,6.273830522043515
2018-09-03,6.129559770160971
2018-09-04,6.068068647349611
2018-09-05,5.912457028752384
2018-09-06,5.781217933306339
2018-09-07,7.70617324356419
2018-09-10,8.146354505573774
2018-09-11,7.928961836674231
2018-09-12,7.643463949468215
2018-09-13,7.377667209208801
2018-09-14,7.357161165194908
2018-09-17,7.1046624058906795
2018-09-18,6.873183094019333
2018-09-19,6.657408286686922
2018-09-20,6.458140812746066
2018-09-21,7.091601600981145
2018-09-24,7.482477698261799
2018-09-25,7.422557099887949
2018-09-26,7.523812577198684
2018-09-27,7.378711815866802
2018-09-28,7.891574922375086
2018-10-01,7.63503723412973
2018-10-02,7.584125306597732
2018-10-03,7.642436408658667
2018-10-04,7.395210828832964
2018-10-05,7.155425882619361
2018-10-08,6.922793573817575
2018-10-09,7.012273695311172
2018-10-10,7.309713652607729
2018-10-11,7.120546603679259
2018-10-12,9.123579797395715
2018-10-15,11.422579724486344
2018-10-16,10.945395962908995
2018-10-17,10.458534567895857
2018-10-18,10.010849419985753
2018-10-19,9.583154397961309
2018-10-22,9.672441640643637
2018-10-23,9.2816562477831
2018-10-24,9.091989582612305
2018-10-25,9.527136799178686
2018-10-26,9.569216239720234
2018-10-29,9.171395548105771
2018-10-30,8.949666975487926
2018-10-31,8.954705131644337
2018-11-01,8.717742754260913
2018-11-02,8.394245530499816
2018-11-05,8.072419810796557
2018-11-06,13.39958754406319
2018-11-07,16.38005000510335
2018-11-08,15.576482446047152
2018-11-09,14.847938187569024
2018-11-12,14.312910341592914
2018-11-13,13.83921095796662
2018-11-14,13.257133270557155
2018-11-15,12.654433781067176
2018-11-16,12.172093614869391
2018-11-19,11.670020258958258
2018-11-20,11.269206200387439
2018-11-21,10.967753418080994
2018-11-22,12.298605835897497
2018-11-23,11.765177955880665
2018-11-26,11.245105681669278
2018-11-27,10.774487229667379
2018-11-28,10.469107548507889
2018-11-29,10.026995372570507
2018-11-30,9.666736653838917
2018-12-03,9.259576933936083
2018-12-04,8.878365058001057
2018-12-05,8.80646293616128
2018-12-06,9.476409405700712
2018-12-07,9.083219580103064
2018-12-10,9.304973465032187
2018-12-11,9.329961857502896
2018-12-12,9.892095709953088
2018-12-13,9.761231407638661
2018-12-14,9.660806607329906
2018-12-17,9.331254543815746
2018-12-18,9.200507612976544
2018-12-19,9.51362440281119
2018-12-20,9.151635337152602
2018-12-21,8.864954080693215
2018-12-24,9.289282309066605
2018-12-25,8.990940466729223
2018-12-26,8.62824034778242
2018-12-27,8.53851027654268
2018-12-28,8.505171755856464
2018-12-31,8.27081510704968
2019-01-01,8.101060041426338
2019-01-02,7.839718568712463
2019-01-03,7.5727185570578825
2019-01-04,7.314719636924376
2019-01-07,7.380894686095629
2019-01-08,7.316868082443672
2019-01-09,7.105013667443101
2019-01-10,7.008768811377502
2019-01-11,7.304432839667968
2019-01-14,7.06506822728993
2019-01-15,6.840013303414702
2019-01-16,6.99595838542919
2019-01-17,6.934406915133234
2019-01-18,6.737951518819508
2019-01-21,6.53002831794423
2019-01-22,6.574661166584192
2019-01-23,6.391921887161943
2019-01-24,7.675990586242995
2019-01-25,7.440710874902386
2019-01-28,7.220222783720627
2019-01-29,7.0072553060559635
2019-01-30,6.78013824822879
2019-01-31,6.623722458208966
2019-02-01,6.424033356572925
2019-02-04,6.269446995119199
2019-02-05,6.131269880497964
2019-02-06,5.9704603839655075
2019-02-07,5.8391187506154285
2019-02-08,5.823390492151467
2019-02-11,6.175768714110157
2019-02-12,6.193593517559556
2019-02-13,6.267041811122458
2019-02-14,6.25733359262602
2019-02-15,6.11541785757129
2019-02-18,6.099676316340311
2019-02-19,6.09919006614051
2019-02-20,5.977711005831455
2019-02-21,5.850366432598206
2019-02-22,5.711811732255911
2019-02-25,5.616347362728905
2019-02-26,5.5594807371090695
2019-02-27,5.467415818947236
2019-02-28,5.489137975862121
2019-03-01,5.69349773011677
2019-03-04,5.761321702609171
2019-03-05,6.130066968778535
2019-03-06,5.968272599768612
2019-03-07,6.05964411235693
2019-03-08,5.911613676423364
2019-03-11,5.976811278953839
2019-03-12,5.966116473554284
2019-03-13,6.4164985773862835
2019-03-14,6.233878337848192
2019-03-15,6.066331023300268
2019-03-18,6.032582625320164
2019-03-19,5.94929147921253
2019-03-20,5.829610865906187
2019-03-21,5.7529112160425235
2019-03-22,5.714844061303981
2019-03-25,5.641312196508406
2019-03-26,5.546018895907751
2019-03-27,5.927634029421773
2019-03-28,6.038178540424851
2019-03-29,5.886563321983984
2019-04-01,5.838029551226759
2019-04-02,5.905333643795558
2019-04-03,5.806780222510156
2019-04-04,6.042233029206151
2019-04-05,5.927615824136985
2019-04-08,5.7901452033775245
2019-04-09,5.664755356255986
2019-04-10,5.550129813574073
2019-04-11,5.44008712377991
2019-04-12,5.3382035489792905
2019-04-15,5.443778357969077
2019-04-16,5.448828116797119
2019-04-17,5.392607299754138
2019-04-18,5.365777541980777
2019-04-19,5.8164560612818414
2019-04-22,5.68052908260628
2019-04-23,5.5560591030759445
2019-04-24,5.44094637850667
2019-04-25,5.4673177415703735
2019-04-26,5.359636349948535
2019-04-29,5.263770989493573
2019-04-30,5.185861420155004
2019-05-01,5.36903245512413
2019-05-02,5.334714015682074
2019-05-03,5.2391450261378685
2019-05-06,5.213213777723521
2019-05-07,5.2533217930490546
2019-05-08,5.990887465877555
2019-05-09,6.6234506601765775
2019-05-10,6.438488765454695
2019-05-13,6.3184176416382645
2019-05-14,6.320216032201618
2019-05-15,6.946945912783522
2019-05-16,6.798953264819651
2019-05-17,6.6065466750456725
2019-05-20,6.408803943079101
2019-05-21,6.395756605997413
2019-05-22,6.213398132364786
2019-05-23,6.100246751985039
2019-05-24,5.985875062134293
2019-05-27,6.777360989642199
2019-05-28,6.5666633522986
2019-05-29,6.396614981948153
2019-05-30,6.500001097970438
2019-05-31,6.316256941258948
2019-06-03,6.153058416264423
2019-06-04,5.98946192838163
2019-06-05,5.938983210232378
2019-06-06,5.9086692182729275
2019-06-07,6.059759461263977
2019-06-10,5.908631880220707
2019-06-11,5.909134902391902
2019-06-12,6.900379812995453
2019-06-13,6.687470269581262
2019-06-14,6.769927709725751
2019-06-17,6.593314547065131
2019-06-18,6.675920427414121
2019-06-19,6.472943460453049
2019-06-20,6.578245368935573
2019-06-21,6.395219649376128
2019-06-24,6.285924127069517
2019-06-25,6.2219385841747945
2019-06-26,6.072724963767728
2019-06-27,7.288000566768459
2019-06-28,7.133037959094369
2019-07-01,6.915443940467837
2019-07-02,6.702493564640178
2019-07-03,6.6311510665587114
2019-07-04,6.451638733595003
2019-07-05,6.265073740067188
2019-07-08,6.129865654387974
2019-07-09,6.059504837627066
2019-07-10,6.055164767748151
2019-07-11,5.903458469746702
2019-07-12,5.760581659787522
2019-07-15,5.638265880489292
2019-07-16,5.707584439470333
2019-07-17,5.580202606473436
2019-07-18,5.505601980883605
2019-07-19,5.402805923743777
2019-07-22,5.308047154459638
2019-07-23,5.270484882869205
2019-07-24,5.184139279886774
2019-07-25,5.213131209659674
2019-07-26,5.134798147106581
2019-07-29,5.057448231351634
2019-07-30,5.061792159718525
2019-07-31,5.054167015940219
2019-08-01,4.983293930950285
2019-08-02,5.251270790284236
2019-08-05,5.335873613843483
2019-08-06,6.065839185173226
2019-08-07,7.799819686582405
2019-08-08,7.515826014071185
2019-08-09,7.313419810669094
2019-08-12,7.149989644987764
2019-08-13,6.965779306038064
2019-08-14,7.684066157833731
2019-08-15,8.023786319118745
2019-08-16,7.732785739489883
2019-08-19,9.2977770009166
2019-08-20,9.321214455138021
2019-08-21,9.109335024754156
2019-08-22,8.971714136694448
2019-08-23,8.67502671280029
2019-08-26,8.361360143979208
2019-08-27,8.891041804854922
2019-08-28,8.535343548419686
2019-08-29,8.223517575429044
2019-08-30,7.939437092974801
2019-09-02,7.731269103449202
2019-09-03,7.640460961686452
2019-09-04,7.377649836272171
2019-09-05,7.4801159501234205
2019-09-06,7.707400748168719
2019-09-09,7.444818233801072
2019-09-10,7.412065250987551
2019-09-11,7.286372628333316
2019-09-12,7.043383410209857
2019-09-13,7.037026605299051
2019-09-16,6.813007429999858
2019-09-17,6.7740995805043775
2019-09-18,6.565128708812674
2019-09-19,6.374402792637743
2019-09-20,6.196707008391158
2019-09-23,6.032848993913759
2019-09-24,6.276573609260859
2019-09-25,6.194498686642132
2019-09-26,6.416463884638504
2019-09-27,6.232763976761019
2019-09-30,6.10629594912853
2019-10-01,6.027451142056351
2019-10-02,5.928235951796629
2019-10-03,6.0448392258459
2019-10-04,7.514458527757257
2019-10-07,7.674769781869613
2019-10-08,7.432532590448814
2019-10-09,7.174510301781385
2019-10-10,6.9437449506567885
2019-10-11,6.859054525081501
2019-10-14,6.727369294110403
2019-10-15,6.652569188947907
2019-10-16,6.466731103614642
2019-10-17,6.70215514035037
2019-10-18,6.589466037847289
2019-10-21,6.635075942595599
2019-10-22,6.6741241187334
2019-10-23,6.989351432581642
2019-10-24,6.776569826726733
2019-10-25,6.676247212580727
2019-10-28,6.480934707898571
2019-10-29,6.4310379142214185
2019-10-30,6.280363029250744
2019-10-31,6.178600504440873
2019-11-01,6.0135018095066695
2019-11-04,5.863311649032404
2019-11-05,6.2274447560576
2019-11-06,6.644619523974488
2019-11-07,6.578619028676999
2019-11-08,7.930345478707953
2019-11-11,7.652931186158127
2019-11-12,7.420978411420219
2019-11-13,7.216618680580787
2019-11-14,9.520726218448697
2019-11-15,9.20625836158115
2019-11-18,8.983378757714666
2019-11-19,8.963896885544774
2019-11-20,9.268676362567142
2019-11-21,9.458149875130621
2019-11-22,9.4013686034725
2019-11-25,9.670082411694068
2019-11-26,9.277523897207713
2019-11-27,8.936631951750703
2019-11-28,8.669804615318982
2019-11-29,9.487380447076827
2019-12-02,10.32182989350083
2019-12-03,15.517509344709627
2019-12-04,15.032771515313433
2019-12-05,14.459778422891748
2019-12-06,13.766803686745313
2019-12-09,13.406124318447215
2019-12-10,12.777202584971343
2019-12-11,12.907698189875523
2019-12-12,12.552362669895942
2019-12-13,11.991721961842378
2019-12-16,11.47306711462546
2019-12-17,11.098497875623167
2019-12-18,10.655607222227811
2019-12-19,10.444819542813208
2019-12-20,10.273799504805433
2019-12-23,9.830600897570188
2019-12-24,9.455212009205871
2019-12-25,9.201772062172495
2019-12-26,8.852567418369254
2019-12-27,8.725577775096367
2019-12-30,8.589239546973253
2019-12-31,8.269966126721688
2020-01-01,7.979606238712907
2020-01-02,7.683926251198336
2020-01-03,7.509672122482507
2020-01-06,8.85695331597335
2020-01-07,8.519954583428405
2020-01-08,8.728358131826852
2020-01-09,8.416093002020858
2020-01-10,9.061588860311694
2020-01-13,8.856349508068499
2020-01-14,8.83327018204632
2020-01-15,9.062729215973594
2020-01-16,9.867539922737379
2020-01-17,9.49619999990173
2020-01-20,9.215106711022088
2020-01-21,8.836989266279216
2020-01-22,8.594175531417184
2020-01-23,9.806169456901197
2020-01-24,9.548576725435893
2020-01-27,9.84475728804156
2020-01-28,9.52953002956899
2020-01-29,9.540194452730702
2020-01-30,9.272562506039765
2020-01-31,9.012553594030814
2020-02-03,8.68676281303147
2020-02-04,8.913546443569432
2020-02-05,10.005070210644643
2020-02-06,9.899456941924566
2020-02-07,9.47919848260701
2020-02-10,9.252664768255173
2020-02-11,8.874389984867463
2020-02-12,8.597944268571625
2020-02-13,8.311330670008608
2020-02-14,7.9935989625627295
2020-02-17,7.770645770909959
2020-02-18,7.756927489887689
2020-02-19,7.483059559678663
2020-02-20,7.364891616385153
2020-02-21,7.179859419565964
2020-02-24,6.981211760813445
2020-02-25,6.784053072080239
2020-02-26,13.338266437673322
2020-02-27,13.147463938831864
2020-02-28,13.049880127051576
2020-03-02,14.950219809977867
2020-03-03,15.448687998568758
2020-03-04,15.892109697261434
2020-03-05,15.551469291648727
2020-03-06,15.416409338612125
2020-03-09,14.820746031188671
2020-03-10,16.523819198221904
2020-03-11,26.052146207512102
2020-03-12,25.34217193716377
2020-03-13,27.892108017451886
2020-03-16,39.94526376060297
2020-03-17,38.71205492230552
2020-03-18,52.672374817841515
2020-03-19,50.37831973706233
2020-03-20,53.35009798165345
2020-03-23,50.552148941080475
2020-03-24,47.90165752506356
2020-03-25,46.922297674080376
2020-03-26,45.75102259598566
2020-03-27,43.75473805979062
2020-03-30,41.98412520517728
2020-03-31,41.523385872031625
2020-04-01,39.89591475633557
2020-04-02,37.88165341589161
2020-04-03,36.71541454008115
2020-04-06,35.01797273229984
2020-04-07,33.25053746183832
2020-04-08,32.24470533701532
2020-04-09,30.57435038315445
2020-04-10,29.47909539965629
2020-04-13,28.035519886173727
2020-04-14,26.590936995140062
2020-04-15,25.268554513100526
2020-04-16,24.621153396385875
2020-04-17,23.681107047725273
2020-04-20,22.57100504962027
2020-04-21,21.84912025876212
2020-04-22,21.117729936392553
2020-04-23,20.95929689480743
2020-04-24,20.026923385214285
2020-04-27,19.026727531584083
2020-04-28,18.29475003024044
2020-04-29,17.88144939242425
2020-04-30,16.996387640460508
2020-05-01,16.179850470334696
2020-05-04,15.399305153971381
2020-05-05,16.526095170668196
2020-05-06,16.22700065878894
2020-05-07,15.51752640367643
2020-05-08,14.831648850964129
2020-05-11,14.125347664452256
2020-05-12,13.490350249164358
2020-05-13,13.138232074905815
2020-05-14,13.114873612356805
2020-05-15,14.272858558418982
2020-05-18,13.592217223910065
2020-05-19,13.089916499247423
2020-05-20,13.59036752648272
2020-05-21,13.071133720105081
2020-05-22,12.459102884319503
2020-05-25,12.774753469019283
2020-05-26,12.209817644750485
2020-05-27,11.734865835306218
2020-05-28,11.576305208028561
2020-05-29,12.03782451442736
2020-06-01,12.180659110973766
2020-06-02,11.991693577947972
2020-06-03,11.452877023980646
2020-06-04,10.992679584509377
2020-06-05,10.512211352639754
2020-06-08,10.31042914963084
2020-06-09,10.033054107428704
2020-06-10,10.41668072945449
2020-06-11,10.139765383428704
2020-06-12,10.684686478578296
2020-06-15,11.403339271252323
2020-06-16,11.303095123442375
2020-06-17,10.794444498977706
2020-06-18,10.550361551304048
2020-06-19,12.444744287138054
2020-06-22,12.28756457187923
2020-06-23,11.757327944692802
2020-06-24,11.241368748809547
2020-06-25,10.950455895380152
2020-06-26,11.152936910376663
2020-06-29,10.805899626473156
2020-06-30,10.330125262295965
2020-07-01,9.954238998238727
2020-07-02,9.811624324594375
2020-07-03,9.398122948554423
2020-07-06,9.019992887832624
2020-07-07,8.830256949888376
2020-07-08,9.21964499806957
2020-07-09,10.515693015565207
2020-07-10,10.168649340770173
2020-07-13,10.453078257110507
2020-07-14,10.68335706464898
2020-07-15,10.412548990293642
2020-07-16,9.973421367048777
2020-07-17,9.552414317142084
2020-07-20,9.43941766754395
2020-07-21,9.0537018302327
2020-07-22,8.786284395652613
2020-07-23,8.48010472429254
2020-07-24,8.770922133833063
2020-07-27,9.467505025413837
2020-07-28,9.078801007402625
2020-07-29,9.203275183878937
2020-07-30,8.857322441055045
2020-07-31,9.09278625003819
2020-08-03,9.775626386353066
2020-08-04,9.50863927401336
2020-08-05,9.292372730588326
2020-08-06,9.387523280364144
2020-08-07,9.43986927250097
2020-08-10,9.04711058361485
2020-08-11,8.77427896847108
2020-08-12,9.335191691906315
2020-08-13,9.36102652413073
2020-08-14,9.00499325062802
2020-08-17,8.666519006053036
2020-08-18,8.371900315900508
2020-08-19,8.414033689011825
2020-08-20,8.973617153540998
2020-08-21,11.754271664411716
2020-08-24,11.223303527650513
2020-08-25,11.118551709036378
2020-08-26,10.622966713733051
2020-08-27,10.27937885542237
2020-08-28,9.911723762613962
2020-08-31,9.552195879080514
2020-09-01,9.152204611724006
2020-09-02,10.091619007792413
2020-09-03,9.670001890589125
2020-09-04,9.437656890349828
2020-09-07,10.013501041768166
2020-09-08,10.30258836474324
2020-09-09,9.856688762131888
2020-09-10,10.154342705691858
2020-09-11,9.866594649127258
2020-09-14,9.952006814479784
2020-09-15,9.689377974056029
2020-09-16,9.592106186271062
2020-09-17,9.576278163538058
2020-09-18,9.201790881625628
2020-09-21,8.832394841841015
2020-09-22,8.59460123498394
2020-09-23,8.902637083754414
2020-09-24,8.56458777152091
2020-09-25,8.516093717595544
2020-09-28,8.244485016030888
2020-09-29,7.930761831527568
2020-09-30,7.8251902758020115
2020-10-01,7.674005485975833
2020-10-02,7.941745895278043
2020-10-05,7.684167156804121
2020-10-06,7.455173098882942
2020-10-07,8.134961539119626
2020-10-08,7.8630182127820065
2020-10-09,7.575329029647639
2020-10-12,8.023799779645154
2020-10-13,7.8900145569175475
2020-10-14,8.746661768813878
2020-10-15,8.611955775084054
2020-10-16,8.273754977368492
2020-10-19,8.336538631830493
2020-10-20,8.252455740286997
2020-10-21,8.880841982035609
2020-10-22,8.582588754950772
2020-10-23,8.272312942965492
2020-10-26,8.254362176233842
2020-10-27,8.141198818213892
2020-10-28,8.63315801687954
2020-10-29,9.7254078645838
2020-10-30,10.421698749660173
2020-11-02,10.27931663460762
2020-11-03,10.297908324007045
2020-11-04,10.00442173275832
2020-11-05,9.695169465029892
2020-11-06,9.632552339993552
2020-11-09,10.822836389037123
2020-11-10,10.719249361976617
2020-11-11,11.392876485392447
2020-11-12,11.108761716975994
2020-11-13,10.779909462225891
2020-11-16,10.432993549829677
2020-11-17,11.195827309379588
2020-11-18,11.095750212640791
2020-11-19,11.010943685967625
2020-11-20,11.204358290415588
2020-11-23,10.707002129244726
2020-11-24,10.337283605236832
2020-11-25,10.26820238363405
2020-11-26,10.703559432764315
2020-11-27,11.010471771930881
2020-11-30,10.698765825197684
2020-12-01,10.339649286782064
2020-12-02,10.845098565723324
2020-12-03,10.481813432220635
2020-12-04,10.267271640276174
2020-12-07,9.831088162587006
2020-12-08,9.42531111927056
2020-12-09,9.047226188925153
2020-12-10,9.059684310969715
2020-12-11,9.246397381845263
2020-12-14,8.869014627516664
2020-12-15,9.454628227793158
2020-12-16,9.062504090602287
2020-12-17,8.959979741804421
2020-12-18,8.711094199163743
2020-12-21,8.727270648468087
2020-12-22,8.384447744187453
2020-12-23,8.093183016590153
2020-12-24,7.852852342011339
2020-12-25,8.825885207659223
2020-12-28,8.488676775720155
2020-12-29,8.759941250867962
2020-12-30,8.606917160868644
2020-12-31,8.406176788036621
2021-01-01,8.188937498133896
2021-01-04,7.913679732415778
2021-01-05,7.7149296248255315
2021-01-06,7.7448042196740765
2021-01-07,7.72368627667404
2021-01-08,7.468465229972073
2021-01-11,10.325911642495738
2021-01-12,10.084340474604831
2021-01-13,9.65451638673502
2021-01-14,10.115193215722803
2021-01-15,10.444915014875015
2021-01-18,10.48383301077116
2021-01-19,10.719692927297961
2021-01-20,10.328997526874202
2021-01-21,9.891385677801487
2021-01-22,9.510713642256638
2021-01-25,11.748984304482056
2021-01-26,11.332189208779692
2021-01-27,11.334478145194081
2021-01-28,11.817203050326818
2021-01-29,11.712505438457814
2021-02-01,11.179188663748954
2021-02-02,13.884340051530987
2021-02-03,13.739816591979723
2021-02-04,14.072440399998001
2021-02-05,13.656857266684609
2021-02-08,13.201218663093474
2021-02-09,12.633990659960176
2021-02-10,12.128175961048093
2021-02-11,11.580882579036661
2021-02-12,11.056654110680253
2021-02-15,10.812484864454298
2021-02-16,10.476627970653826
2021-02-17,10.362835028754084
2021-02-18,9.926242934572246
2021-02-19,9.554542141968819
2021-02-22,12.686971272997347
2021-02-23,12.095578719435013
2021-02-24,12.771975406215876
2021-02-25,12.516665298350492
2021-02-26,12.125258224652612
2021-03-01,11.56766676834024
2021-03-02,11.259777985995436
2021-03-03,11.766819246438697
2021-03-04,11.269659829603015
2021-03-05,10.897340924894092
2021-03-08,13.567636082191802
2021-03-09,12.962765762681927
2021-03-10,13.140540518925581
2021-03-11,12.525139758208171
2021-03-12,12.04446946704687
2021-03-15,11.494665932532374
2021-03-16,11.083689979075324
2021-03-17,10.60915047629
2021-03-18,10.242067627206461
2021-03-19,9.994406143382305
2021-03-22,10.62234701915499
2021-03-23,11.676529654245178
2021-03-24,11.147185834351376
2021-03-25,10.78558315414957
2021-03-26,10.556003251998312
2021-03-29,10.33035008837875
2021-03-30,10.443768716966112
2021-03-31,10.126198086020208
2021-04-01,9.889371682638942
2021-04-02,10.486612647112365
2021-04-05,10.039475245152374
2021-04-06,9.608946648272271
2021-04-07,9.322207294668166
2021-04-08,8.939873802133983
2021-04-09,8.93654342440709
2021-04-12,8.652244317129679
2021-04-13,8.311988455984501
2021-04-14,8.321343933917703
2021-04-15,8.037794080831526
2021-04-16,7.737362192370025
2021-04-19,7.501722888035621
2021-04-20,7.81613153062012
2021-04-21,7.6428155852493616
2021-04-22,9.032399451650198
2021-04-23,8.668745404946252
2021-04-26,8.87144292541264
2021-04-27,9.025361671333775
2021-04-28,9.300524094906066
2021-04-29,9.353503524403397
2021-04-30,9.106769065877016
2021-05-03,8.814437961653056
2021-05-04,8.700303598326288
2021-05-05,8.493603812267425
2021-05-06,8.290247115173633
2021-05-07,7.978798926948049
2021-05-10,7.788431405717161
2021-05-11,7.607323628197983
2021-05-12,7.685293036018486
2021-05-13,7.524509340104549
2021-05-14,7.313511716170298
2021-05-17,7.107176945370535
2021-05-18,6.938624532235095
2021-05-19,6.873028923725904
2021-05-20,7.035037859761115
2021-05-21,7.215087262164298
2021-05-24,6.974668007327425
2021-05-25,7.00869045006868
2021-05-26,8.852011360307282
2021-05-27,8.789936476948983
2021-05-28,8.507036391984867
2021-05-31,8.189534832341694
2021-06-01,7.9260553429445935
2021-06-02,7.636325828417949
2021-06-03,7.468336857870608
2021-06-04,7.3177283973344815
2021-06-07,8.047027496423002
2021-06-08,7.749983053401689
2021-06-09,7.489837162096048
2021-06-10,7.248293197879303
2021-06-11,7.012320925756337
2021-06-14,6.935787739450917
2021-06-15,6.769484790145566
2021-06-16,6.563325659145061
2021-06-17,6.393699893290882
2021-06-18,6.375690109057929
2021-06-21,6.415019944172626
2021-06-22,6.289921594867942
2021-06-23,6.585678610032771
2021-06-24,6.562987354288055
2021-06-25,9.657300249162432
2021-06-28,9.462877734737846
2021-06-29,9.0978879046705
2021-06-30,8.734737546582226
2021-07-01,8.393157895064515
2021-07-02,9.548556785906309
2021-07-05,9.703878756422903
2021-07-06,9.654334380926997
2021-07-07,9.324789882074901
2021-07-08,9.016080473132039
2021-07-09,8.886316959143599
2021-07-12,9.667332802516508
2021-07-13,9.446932725007862
2021-07-14,9.072213583420245
2021-07-15,8.708448129313945
2021-07-16,8.412323890342991
2021-07-19,8.102642886628008
2021-07-20,7.913908960592356
2021-07-21,7.760947496557756
2021-07-22,7.611256293868821
2021-07-23,7.361451596964508
2021-07-26,7.468860471956368
2021-07-27,7.265878069312399
2021-07-28,7.171948195445478
2021-07-29,8.465308450590458
2021-07-30,9.547928844253036
2021-08-02,9.409714830939498
2021-08-03,9.056557253008743
2021-08-04,8.830012138946863
2021-08-05,9.812819263245645
2021-08-06,9.567726689969357
2021-08-09,9.218015837286462
2021-08-10,9.129245259728444
2021-08-11,8.76103597537354
2021-08-12,8.883167057412765
2021-08-13,8.903218453116637
2021-08-16,8.581514577472843
2021-08-17,8.2823222984195
2021-08-18,8.021970739761002
2021-08-19,7.831807420818171
2021-08-20,7.8720970690403
2021-08-23,8.401554698006237
2021-08-24,8.077892709857228
2021-08-25,8.081727144923175
2021-08-26,7.872227906767798
2021-08-27,7.586276693081756
2021-08-30,7.382299366887886
2021-08-31,7.26201456493584
2021-09-01,7.164751284445136
2021-09-02,7.034595323056619
2021-09-03,7.699358370108496
2021-09-06,7.469930107430843
2021-09-07,7.300006393075524
2021-09-08,7.536626319058758
2021-09-09,7.382988594326116
2021-09-10,7.130598853630153
2021-09-13,6.894117223995961
2021-09-14,6.694534111860875
2021-09-15,7.706874872231546
2021-09-16,7.605313969733772
2021-09-17,7.344299552444305
2021-09-20,7.09270167189128
2021-09-21,8.159361927203053
2021-09-22,8.614744449889269
2021-09-23,8.276960473438843
2021-09-24,8.147738558731108
2021-09-27,8.295977789518258
2021-09-28,8.296139706067494
2021-09-29,8.262145493839531
2021-09-30,9.949381009046085
2021-10-01,9.602646138170899
2021-10-04,9.450136784331724
2021-10-05,10.18652388978471
2021-10-06,9.91975938833888
2021-10-07,9.616126898869716
2021-10-08,9.35175049164648
2021-10-11,9.163946301481715
2021-10-12,8.877849130001415
2021-10-13,8.702623135635916
2021-10-14,8.407707560237634
2021-10-15,9.049477492775813
2021-10-18,8.794123724207013
2021-10-19,9.972016010462458
2021-10-20,10.863978096410863
2021-10-21,10.46465858048988
2021-10-22,10.00889995775968
2021-10-25,9.630443992903999
2021-10-26,9.239296294853943
2021-10-27,8.940506897877706
2021-10-28,8.616858569982535
2021-10-29,9.821801950393292
2021-11-01,9.442696895589506
2021-11-02,9.090234849745046
2021-11-03,8.995668790050821
2021-11-04,8.680234966933739
2021-11-05,8.444434358225973
2021-11-08,8.175410131640945
2021-11-09,7.925991092733452
2021-11-10,8.128449161489693
2021-11-11,8.97351204880731
2021-11-12,9.64131123045259
2021-11-15,9.376747905245908
2021-11-16,9.278017739844877
2021-11-17,8.900634218413419
2021-11-18,8.551325698961437
2021-11-19,9.014001682843842
2021-11-22,8.984147072280456
2021-11-23,9.214107851989674
2021-11-24,12.331837345222329
2021-11-25,11.761876492297132
2021-11-26,11.400430680939333
2021-11-29,11.251314469258139
2021-11-30,11.643114109765357
2021-12-01,11.348810960243865
2021-12-02,11.905917655056067
2021-12-03,12.092161603130629
2021-12-06,12.299339979304834
2021-12-07,12.031724799351027
2021-12-08,11.537711908707687
2021-12-09,11.040410639400703
2021-12-10,11.804735758677078
2021-12-13,11.298178149836875
2021-12-14,10.93546831382615
2021-12-15,12.467779395590377
2021-12-16,12.051477059815968
2021-12-17,11.52094445996325
2021-12-20,11.249681137228501
2021-12-21,13.323382988588945
2021-12-22,12.727835945105118
2021-12-23,13.024464589064975
2021-12-24,12.416330124367313
2021-12-27,12.058850104410764
2021-12-28,11.782251121649095
2021-12-29,11.302283492772997
2021-12-30,10.803788676030399
2021-12-31,11.026503797090438
2022-01-03,10.575091102269301
2022-01-04,10.388680992716807
2022-01-05,10.268709158971339
2022-01-06,9.886628654936011
2022-01-07,13.972933152615289
2022-01-10,13.611347284436503
2022-01-11,13.32446980640585
2022-01-12,12.73740439650254
2022-01-13,12.277275889805756
2022-01-14,11.771166003572704
2022-01-17,12.314029817882684
2022-01-18,13.180132798245834
2022-01-19,12.945508378334525
2022-01-20,13.850197970551958
2022-01-21,13.620362889637855
2022-01-24,13.360025090280534
2022-01-25,14.096078954954383
2022-01-26,13.966868706359314
2022-01-27,13.303786531214483
2022-01-28,12.775279228053071
2022-01-31,13.579292950401799
2022-02-01,13.569294507874476
2022-02-02,12.935657517470387
2022-02-03,12.400918460327437
2022-02-04,12.043095271728161
2022-02-07,11.493816726313527
2022-02-08,11.181709008570493
2022-02-09,10.680592091905913
2022-02-10,10.230595284058541
2022-02-11,10.101252032839563
2022-02-14,14.596207778466495
2022-02-15,13.97554073796233
2022-02-16,13.559690117296853
2022-02-17,13.00441658147217
2022-02-18,12.401963732795258
2022-02-21,12.614078022430956
2022-02-22,13.17468841455241
2022-02-23,12.564602964268754
2022-02-24,13.305084623531894
2022-02-25,13.685906185641489
2022-02-28,13.043671543391694
2022-03-01,13.405588097931206
2022-03-02,13.763177981056065
2022-03-03,13.113262080674232
2022-03-04,12.651645038438229
2022-03-07,13.865040839680693
2022-03-08,13.638980888636045
2022-03-09,16.331149189533217
2022-03-10,15.532700331180635
2022-03-11,14.881999046203555
2022-03-14,14.210645374753163
2022-03-15,14.389838108991285
2022-03-16,14.079501446100405
2022-03-17,13.411898807406665
2022-03-18,13.975636920749885
2022-03-21,13.367597205748268
2022-03-22,13.104223693553312
2022-03-23,12.53577261993273
2022-03-24,11.962818544689053
2022-03-25,11.4622337621955
2022-03-28,10.979338178328144
2022-03-29,10.627103566770302
2022-03-30,11.168357662941782
2022-03-31,10.944183337460212
2022-04-01,11.361508810845933
2022-04-04,11.518898045641198
2022-04-05,10.99782267151946
2022-04-06,10.50939511710792
2022-04-07,10.34341383598117
2022-04-08,9.912419993672422
2022-04-11,10.242945813577963
2022-04-12,9.803463049677616
2022-04-13,9.766997407489194
2022-04-14,11.18714405039775
2022-04-15,10.790675828954946
2022-04-18,10.339913968827933
2022-04-19,10.087435631433447
2022-04-20,9.690095085595642
2022-04-21,9.324411356259539
2022-04-22,8.949992268525389
2022-04-25,9.377214462715534
2022-04-26,9.233307957611057
2022-04-27,8.945794600114052
2022-04-28,11.260442237835779
2022-04-29,10.799329936730953
2022-05-02,11.669207328640818
2022-05-03,12.81349392419696
2022-05-04,12.320926944775191
2022-05-05,11.835357201878974
2022-05-06,11.811266382252633
2022-05-09,12.78118066699393
2022-05-10,14.526428288903837
2022-05-11,14.001246203076546
2022-05-12,13.383200325573357
2022-05-13,13.509393832849803
2022-05-16,12.937403907231454
2022-05-17,12.565635537044773
2022-05-18,11.983858097171638
2022-05-19,11.660549583408534
2022-05-20,13.69641394060462
2022-05-23,13.090413995954268
2022-05-24,12.64123423053307
2022-05-25,12.151281621446724
2022-05-26,11.665457694432506
2022-05-27,11.19113829866697
2022-05-30,10.730593171240507
2022-05-31,10.681790180444617
2022-06-01,10.492513256136041
2022-06-02,11.00446011708131
2022-06-03,10.740242082831424
2022-06-06,10.345736766366016
2022-06-07,10.253261789970061
2022-06-08,10.2296837750134
2022-06-09,10.234395782283675
2022-06-10,12.572554902456377
2022-06-13,12.129420928022839
2022-06-14,11.964420548421204
2022-06-15,11.434602323238616
2022-06-16,10.922013316963977
2022-06-17,10.438214323296902
2022-06-20,10.748364448623741
2022-06-21,10.42788801457198
2022-06-22,10.007526173868277
2022-06-23,10.106168310721818
2022-06-24,9.704069603382496
2022-06-27,10.01580525764258
2022-06-28,9.806795119668289
2022-06-29,13.319950374582566
2022-06-30,15.325249163645129
2022-07-01,14.72637316663062
2022-07-04,14.030530076510429
2022-07-05,13.370680558798362
2022-07-06,13.102432102010805
2022-07-07,12.894319993803071
2022-07-08,13.471031105056674
2022-07-11,13.032980531367604
2022-07-12,12.500702708282425
2022-07-13,12.092231249375013
2022-07-14,11.755596774983218
2022-07-15,11.233818023801508
2022-07-18,12.387603545250014
2022-07-19,23.762730773326613
2022-07-20,26.74295707149119
2022-07-21,25.49882986607708
2022-07-22,24.34695721742932
2022-07-25,23.322297911148333
2022-07-26,22.13906361370492
2022-07-27,21.19740415777823
2022-07-28,22.857400526752986
2022-07-29,21.928833424443376
2022-08-01,20.833086808927916
2022-08-02,19.828659620028525
2022-08-03,19.693807337309273
2022-08-04,18.704322376363766
2022-08-05,18.153071345926456
2022-08-08,17.300903607074325
2022-08-09,16.680477335145017
2022-08-10,16.091134656363998
2022-08-11,15.895071293290668
2022-08-12,15.13520919842028
2022-08-15,14.450882419287836
2022-08-16,13.773413475911584
2022-08-17,13.332608853138057
2022-08-18,12.739601166736314
2022-08-19,12.355355560234432
2022-08-22,12.576217069792309
2022-08-23,12.214445336010776
2022-08-24,12.901730160517017
2022-08-25,13.689303921765314
2022-08-26,13.301814152029523
2022-08-29,12.780067346853224
2022-08-30,15.27889879220445
2022-08-31,15.435080247780373
2022-09-01,15.64023346803922
2022-09-02,15.250711922579242
2022-09-05,15.446812492278672
2022-09-06,15.240802950409462
2022-09-07,15.29571543843198
2022-09-08,15.237579407572792
2022-09-09,14.741211753792257
2022-09-12,14.030266806371039
2022-09-13,14.122546631396657
2022-09-14,14.156859080439363
2022-09-15,14.127728793813848
2022-09-16,13.515519513900447
2022-09-19,12.896621483662235
2022-09-20,12.315974925938372
2022-09-21,12.925350663549962
2022-09-22,12.322964155441738
2022-09-23,11.753129391070138
2022-09-26,11.585235451485582
2022-09-27,11.06362138836078
2022-09-28,10.778747152046405
2022-09-29,10.87079469712723
2022-09-30,11.646012481758135
2022-10-03,12.205625373292369
2022-10-04,11.885083783913826
2022-10-05,11.706879036101165
2022-10-06,11.378281852558617
2022-10-07,11.283168261844063
2022-10-10,10.88248673545242
2022-10-11,10.42052830167887
2022-10-12,13.77080808950223
2022-10-13,15.015900425937813
2022-10-14,14.297612699262718
2022-10-17,14.434272431100624
2022-10-18,13.740956443800506
2022-10-19,15.18157939604922
2022-10-20,14.530561767095344
2022-10-21,14.279119425755292
2022-10-24,13.836996926193777
2022-10-25,13.567618752492836
2022-10-26,12.938627471315987
2022-10-27,12.679682831934562
2022-10-28,12.71001591796012
2022-10-31,12.374006232367954
2022-11-01,11.801134330281029
2022-11-02,11.26464944821685
2022-11-03,10.758536070262668
2022-11-04,10.304680845727159
2022-11-07,9.952801152454638
2022-11-08,9.531392272651086
2022-11-09,9.936548798133769
2022-11-10,9.778877944982689
2022-11-11,10.400222233783886
2022-11-14,10.118207741823884
2022-11-15,10.001541213547256
2022-11-16,9.897241078022038
2022-11-17,9.645474422691098
2022-11-18,9.301585090473722
2022-11-21,9.732178813231133
2022-11-22,9.580792981233305
2022-11-23,9.864638178266715
2022-11-24,10.672106886916987
2022-11-25,10.617095690228082
2022-11-28,10.508893125530122
2022-11-29,10.049805699731237
2022-11-30,10.31476036447904
2022-12-01,9.867336714512366
2022-12-02,9.468321997442414
2022-12-05,9.093432472200151
2022-12-06,8.921626186155008
2022-12-07,8.562973150821726
2022-12-08,9.204322822735035
2022-12-09,8.834327051072256
2022-12-12,8.986092058529216
2022-12-13,11.758710350718255
2022-12-14,11.226547261086235
2022-12-15,10.821775470536302
2022-12-16,10.34280216135148
2022-12-19,9.90704023750306
2022-12-20,9.52380125335197
2022-12-21,9.13266878024151
2022-12-22,8.78592737772307
2022-12-23,8.835235147983173
2022-12-26,11.002205940373978
2022-12-27,11.203660443148213
2022-12-28,10.701052125717279
2022-12-29,10.490884298155509
2022-12-30,14.023537499175292
2023-01-02,13.847303128483691
2023-01-03,13.269069001779672
2023-01-04,12.863196948999963
2023-01-05,12.500178610401504
2023-01-06,12.218551916730615
2023-01-09,11.667019081965659
2023-01-10,11.142710405950167
2023-01-11,10.672728954744287
2023-01-12,10.225130028288227
2023-01-13,9.79311066590993
2023-01-16,9.457945153774467
2023-01-17,9.175967194881538
2023-01-18,8.950850392067174
2023-01-19,8.621592172434383
2023-01-20,9.344484670257764
2023-01-23,9.890229002516197
2023-01-24,9.714081768592651
2023-01-25,9.311650479084857
2023-01-26,9.74989791103633
2023-01-27,9.344079323729705
2023-01-30,9.136459800596251
2023-01-31,8.765290817708829
2023-02-01,8.427420519440735
2023-02-02,8.706359360597684
2023-02-03,8.912584295428454
2023-02-06,8.844947079830458
2023-02-07,8.490647578971913
2023-02-08,8.379085819132236
2023-02-09,8.468158833099688
2023-02-10,8.855403574497187
2023-02-13,8.604425693550843
2023-02-14,8.279657877017426
2023-02-15,8.0289031443676
2023-02-16,8.180904209213558
2023-02-17,7.870762145423662
2023-02-20,7.587664962783733
2023-02-21,8.80461043057285
2023-02-22,8.549601252431854
2023-02-23,8.709340461757655
2023-02-24,8.490789730690182
2023-02-27,8.497571778382266
2023-02-28,8.294324999262376
2023-03-01,8.940911691471287
2023-03-02,8.93787339242722
2023-03-03,9.83133267250181
2023-03-06,9.454556652058823
2023-03-07,9.132929541532658
2023-03-08,9.621520100071626
2023-03-09,11.171827545258893
2023-03-10,10.823682580265398
2023-03-13,11.477568013967815
2023-03-14,12.455149470173993
2023-03-15,11.936734337814839
2023-03-16,11.447755223855365
2023-03-17,11.011180577364275
2023-03-20,10.872687598317553
2023-03-21,10.390598481157403
2023-03-22,10.13127264218456
2023-03-23,9.992138749085147
2023-03-24,10.009900097051169
2023-03-27,10.427500009545897
2023-03-28,10.043543549921745
2023-03-29,9.709732548151992
2023-03-30,9.4134503761306
2023-03-31,9.035289119576895
2023-04-03,8.756933853410661
2023-04-04,8.570470784719632
2023-04-05,8.846667964520599
2023-04-06,8.518981328690852
2023-04-07,8.612941572639961
2023-04-10,8.275688544751556
2023-04-11,8.042035135111918
2023-04-12,8.04425611636786
2023-04-13,8.24449984076599
2023-04-14,8.704411859525907
2023-04-17,8.369470778804562
2023-04-18,8.061131797467164
2023-04-19,7.896836438250378
2023-04-20,8.652337093144121
2023-04-21,8.575416880527555
2023-04-24,9.16326945413532
2023-04-25,9.275336315220855
2023-04-26,10.91089323493237
2023-04-27,12.126738667622904
2023-04-28,12.291592784617476
2023-05-01,11.800302290640424
2023-05-02,11.306575778965716
2023-05-03,10.98087147136162
2023-05-04,10.642148568705402
2023-05-05,10.316985325717585
2023-05-08,10.620949980663763
2023-05-09,10.232526210312658
2023-05-10,9.798367398627423
2023-05-11,9.90732269219955
2023-05-12,9.50826090899262
2023-05-15,9.40194811594765
2023-05-16,11.177651315915034
2023-05-17,10.73886313630398
2023-05-18,10.493846097205731
2023-05-19,10.055013899077315
2023-05-22,9.678056618083875
2023-05-23,9.308315264803127
2023-05-24,8.997600152923336
2023-05-25,8.91234148448192
2023-05-26,8.572883630484558
2023-05-29,8.313168029986333
2023-05-30,8.069648119845171
2023-05-31,7.811174835372559
2023-06-01,7.532168045459872
2023-06-02,7.268072599827841
2023-06-05,7.045218658227059
2023-06-06,7.162046666216111
2023-06-07,7.0573530055703975
2023-06-08,6.920077732285404
2023-06-09,6.90329464055512
2023-06-12,6.724396105591908
2023-06-13,6.518545412304401
2023-06-14,9.568367346417457
2023-06-15,9.226002908473774
2023-06-16,9.016382078252262
2023-06-19,8.810726583467059
2023-06-20,8.692185055252024
2023-06-21,8.348303304755676
2023-06-22,8.029105970758447
2023-06-23,7.770665501271992
2023-06-26,7.504141300143905
2023-06-27,7.250794814929612
2023-06-28,7.497595416399048
2023-06-29,7.4258896332709226
2023-06-30,7.178914278689598
2023-07-03,7.000770442854184
2023-07-04,7.031041669569288
2023-07-05,6.832310844976944
2023-07-06,6.789999725663048
2023-07-07,6.918916548985148
2023-07-10,7.081001971373111
2023-07-11,7.247690403391518
2023-07-12,7.368977420170685
2023-07-13,7.6346175294735925
2023-07-14,7.371383772248233
2023-07-17,7.297696857866278
2023-07-18,7.0769108279411315
2023-07-19,7.136292441343204
2023-07-20,7.036504594150438
2023-07-21,6.888316936055351
2023-07-24,7.397917771898056
2023-07-25,8.598295433520214
2023-07-26,8.47205547292056
2023-07-27,8.315356752735251
2023-07-28,8.236211142713305
2023-07-31,7.930474768354468
2023-08-01,7.992531924730069
2023-08-02,9.121984766081317
2023-08-03,9.524804583117023
2023-08-04,9.447776867746335
2023-08-07,9.09606597765464
2023-08-08,8.991587715993454
2023-08-09,8.904066568152153
2023-08-10,8.548455916463073
2023-08-11,8.540342943949382
2023-08-14,8.704883266589492
2023-08-15,8.861422622990407
2023-08-16,8.511638598411807
2023-08-17,8.84996324435292
2023-08-18,8.727244753751211
2023-08-21,8.38118066382934
2023-08-22,8.082790673654618
2023-08-23,7.7806822006097205
2023-08-24,7.497870427694276
2023-08-25,7.2449417734578505
2023-08-28,8.778429787454161
2023-08-29,10.285823887997463
2023-08-30,10.638454586871184
2023-08-31,11.118551365779473
2023-09-01,10.914008643495293
2023-09-04,10.59247143908718
2023-09-05,10.130516898469072
2023-09-06,9.893374473011969
2023-09-07,9.547449663359151
2023-09-08,9.263935869088744
2023-09-11,8.882900001776381
2023-09-12,9.109040727484784
2023-09-13,8.737655510569832
2023-09-14,8.527856974546445
2023-09-15,9.399985307524798
2023-09-18,9.126307546706432
2023-09-19,8.77154093662508
2023-09-20,8.423830918836076
2023-09-21,8.325619681985426
2023-09-22,8.896946017510494
2023-09-25,8.82849202526705
2023-09-26,8.476833745614126
2023-09-27,8.266743730685596
2023-09-28,8.362838432321379
2023-09-29,8.063298268941363
2023-10-02,7.8847781074415355
2023-10-03,8.64389133688375
2023-10-04,8.3117631285714
2023-10-05,7.996314615498095
2023-10-06,7.949667574564559
2023-10-09,7.729404333916757
2023-10-10,7.468319428756056
2023-10-11,7.459671667678785
2023-10-12,8.99173608563355
2023-10-13,8.663687058265824
2023-10-16,8.388827111709315
2023-10-17,8.071806250332406
2023-10-18,7.769663725679624
2023-10-19,7.518941096158857
2023-10-20,11.869946907132523
2023-10-23,11.45035281360053
2023-10-24,11.464387077120257
2023-10-25,11.314379746681958
2023-10-26,10.937713393936226
2023-10-27,11.849734033281235
2023-10-30,11.324377981179627
2023-10-31,10.924114557842003
2023-11-01,13.58810005622562
2023-11-02,12.974354384231011
2023-11-03,13.036497538612739
2023-11-06,12.638373959144502
2023-11-07,12.273024485830076
2023-11-08,11.706293106910461
2023-11-09,11.263503679543604
2023-11-10,10.946351268041592
2023-11-13,10.461221881047035
2023-11-14,10.566462305133053
2023-11-15,10.164955247428576
2023-11-16,9.736465382424077
2023-11-17,10.50825746307074
2023-11-20,11.03534901697796
2023-11-21,10.813263083370318
2023-11-22,10.33712808151036
2023-11-23,10.544267064437664
2023-11-24,10.096428923007695
2023-11-27,9.728404215003726
2023-11-28,9.317581087022615
2023-11-29,9.204613537619181
2023-11-30,8.83964565209365
2023-12-01,8.489640475570571
2023-12-04,8.176245561992696
2023-12-05,7.930314923872935
2023-12-06,7.864316400307471
2023-12-07,8.010742742735049
2023-12-08,7.723219298352989
2023-12-11,7.466520685584247
2023-12-12,7.3159925424978764
2023-12-13,7.774603029446298
2023-12-14,7.523231812457073
2023-12-15,7.36154230460792
2023-12-18,7.449375916107957
2023-12-19,7.238494414652706
2023-12-20,7.023964701354258
2023-12-21,7.659931056067833
2023-12-22,7.389763254872764
2023-12-25,7.655170774160408
2023-12-26,7.523288129793206
2023-12-27,8.216766806087287
2023-12-28,8.640569784205978
2023-12-29,9.002261767815433
2024-01-01,8.70730901257417
2024-01-02,8.403603115986535
2024-01-03,9.09628822963503
2024-01-04,8.959914578729931
2024-01-05,8.789721063801004
2024-01-08,8.867947327316173
2024-01-09,8.821733186606519
2024-01-10,8.809772070014633
2024-01-11,8.756120142939247
2024-01-12,8.43799341570023
2024-01-15,8.980263382245171
2024-01-16,8.622169147951553
2024-01-17,8.294439699486118
2024-01-18,7.976870875077066
2024-01-19,8.648643453637158
2024-01-22,8.416912900192692
2024-01-23,8.172499569657946
2024-01-24,8.125227670200033
2024-01-25,8.065530353537062
2024-01-26,7.9588999443441955
2024-01-29,7.719245767419822
2024-01-30,7.579798087451799
2024-01-31,8.070723228778132
2024-02-01,7.8162984914798965
2024-02-02,7.778072544630444
2024-02-05,8.292736153587482
2024-02-06,7.977449403462088
2024-02-07,7.85383959419719
2024-02-08,7.623648859362907
2024-02-09,7.362030876605745
2024-02-12,7.461269728423484
2024-02-13,7.730131014331086
2024-02-14,7.572552741836463
2024-02-15,9.824353842702305
2024-02-16,9.61534679029495
2024-02-19,9.850859603653516
2024-02-20,9.555759919317348
2024-02-21,9.228075648209252
2024-02-22,8.950859975951948
2024-02-23,8.643670347059766
2024-02-26,8.830137723884716
2024-02-27,8.718167380802225
2024-02-28,8.424527517776617
2024-02-29,8.116260167760721
2024-03-01,8.743376228266897
2024-03-04,8.535040983805363
2024-03-05,8.301392725730313
2024-03-06,8.01716472896477
2024-03-07,7.778156575417095
2024-03-08,8.130239182160434
2024-03-11,7.86026099285606
2024-03-12,11.582977469984886
2024-03-13,11.156201469405952
2024-03-14,10.693632323735724
2024-03-15,12.574047310892688
2024-03-18,12.210351943629362
2024-03-19,11.938915382990922
2024-03-20,11.525720225879121
2024-03-21,11.629300602052759
2024-03-22,12.09452943209563
2024-03-25,11.621796517112339
2024-03-26,11.130432347203492
2024-03-27,11.010159279752852
2024-03-28,10.635338622087074
2024-03-29,10.236576736394438
2024-04-01,9.824701551081029
2024-04-02,9.42518914642092
2024-04-03,9.18628080918361
2024-04-04,9.171109953383384
2024-04-05,11.041047529102512
2024-04-08,13.197915839590674
2024-04-09,12.785465418039212
2024-04-10,12.216378080769845
2024-04-11,11.693324123203986
2024-04-12,11.161425529631488
2024-04-15,10.727356777091861
2024-04-16,10.62343521781374
2024-04-17,10.187884543603563
2024-04-18,10.143013077702431
2024-04-19,10.380371841424951
2024-04-22,10.290357011841134
2024-04-23,11.268257499909447
2024-04-24,10.8524447617531
2024-04-25,10.514110690293077
2024-04-26,10.05376115928257
2024-04-29,10.933667587565562
2024-04-30,10.829255211936822
2024-05-01,10.385125164566325
2024-05-02,9.95802362913364
2024-05-03,9.532474680310292
2024-05-06,9.414803149404843
2024-05-07,9.715250036312778
2024-05-08,9.324076208240667
2024-05-09,9.146305425440719
2024-05-10,8.784949721090081
2024-05-13,8.469937493420451
2024-05-14,9.405856967263997
2024-05-15,9.065419876357122
2024-05-16,8.750615622668311
2024-05-17,8.403780200862032
2024-05-20,8.875125996363353
2024-05-21,8.578551531437562
2024-05-22,8.241924527175051
2024-05-23,9.824477749272324
2024-05-24,10.5327425772993
2024-05-27,10.265368768323892
2024-05-28,10.035991693278596
2024-05-29,9.609547685603212
2024-05-30,9.54121111214826
2024-05-31,9.182746667035493
2024-06-03,9.205077302980033
2024-06-04,8.8274501462193
2024-06-05,9.562659244103923
2024-06-06,9.228034830119192
2024-06-07,9.224406684481403
2024-06-10,8.915685990293131
2024-06-11,8.655265069341839
2024-06-12,8.358481480575115
2024-06-13,8.099742492567282
2024-06-14,7.909967501210302
2024-06-17,7.663711630120841
2024-06-18,7.52110077612542
2024-06-19,7.715472892851733
2024-06-20,7.440651258252278
2024-06-21,7.19365122246992
2024-06-24,7.87204847554804
2024-06-25,7.761256780790322
2024-06-26,7.610991174685959
2024-06-27,7.450875557658318
2024-06-28,7.242028597360157
2024-07-01,7.067077289141816
2024-07-02,7.977285574728619
2024-07-03,7.788041216131131
2024-07-04,7.587596656474646
2024-07-05,7.321443647822055
2024-07-08,7.075778317496139
2024-07-09,6.877205725995146
2024-07-10,6.878714839741359
2024-07-11,7.411113183184101
2024-07-12,7.626062979039619
2024-07-15,7.359982178845316
2024-07-16,7.263457132927574
2024-07-17,7.046110323202731
2024-07-18,6.950877185339359
2024-07-19,6.94476637378742
2024-07-22,7.096850833876051
2024-07-23,7.335875578145137
2024-07-24,7.5784582165406125
2024-07-25,8.166650458140278
2024-07-26,8.924104064688166
2024-07-29,8.644581637612454
2024-07-30,9.026359016482813
2024-07-31,8.675782596918484
2024-08-01,8.334059495514412
2024-08-02,8.030796940389088
2024-08-05,10.365083984858522
2024-08-06,9.918072481146925
2024-08-07,11.88094017711037
2024-08-08,11.359875129085346
2024-08-09,10.847765311403503
2024-08-12,10.459045359527694
2024-08-13,10.00327563553188
2024-08-14,9.574834733005542
2024-08-15,9.752073214239832
2024-08-16,9.446034938583804
2024-08-19,9.3779988240426
2024-08-20,9.133710247046782
2024-08-21,8.770691951189432
2024-08-22,9.411248434263795
2024-08-23,9.02082843394926
2024-08-26,9.163048254153184
2024-08-27,8.842279230150893
2024-08-28,9.017219085503966
2024-08-29,8.685166582584271
2024-08-30,8.345682767238074
2024-09-02,8.185234501716907
2024-09-03,7.901291114228915
2024-09-04,7.627291176095316
2024-09-05,7.381487383132562
2024-09-06,7.8073526817887995
2024-09-09,7.525478969159954
2024-09-10,8.424576045960082
2024-09-11,8.332630202144772
2024-09-12,8.014026447232697
2024-09-13,7.747842256455662
2024-09-16,7.573302292605692
2024-09-17,7.305831205651542
2024-09-18,7.059404598453072
2024-09-19,6.835440310277234
2024-09-20,6.623300329413176
2024-09-23,6.427041367718737
2024-09-24,6.645896752684979
2024-09-25,6.50562820143384
2024-09-26,6.492547543483639
2024-09-27,6.393848357777196
2024-09-30,6.2297390818554135
2024-10-01,6.114429532281584
2024-10-02,5.979628115720315
2024-10-03,5.829786835156926
2024-10-04,6.159765363169561
2024-10-07,6.002513239462449
2024-10-08,6.120674328231248
2024-10-09,6.155898541918661
2024-10-10,6.1917337290224586
2024-10-11,6.390506724671425
2024-10-14,6.412268284208796
2024-10-15,6.229356351472373
2024-10-16,6.115962315845632
2024-10-17,5.976327143652362
2024-10-18,5.975900204286984
2024-10-21,5.917749250744682
2024-10-22,6.3215302642161
2024-10-23,6.381995817959266
2024-10-24,7.180720642645553
2024-10-25,7.314073599410397
2024-10-28,7.065189111353413
2024-10-29,6.863434590584442
2024-10-30,6.786456718565103
2024-10-31,6.643969957362247
2024-11-01,6.461216824851191
2024-11-04,6.2764141929399395
2024-11-05,6.222498121783399
2024-11-06,6.171416376634196
2024-11-07,6.242256106877429
2024-11-08,7.870093558920852
2024-11-11,8.854691500648084
2024-11-12,8.623360523810833
2024-11-13,9.516195417002391
2024-11-14,10.841842221713764
2024-11-15,10.42532234809201
2024-11-18,10.87241987898627
2024-11-19,10.723589545437985
2024-11-20,10.434287457903572
2024-11-21,10.025037043388359
2024-11-22,9.611558256605091
2024-11-25,9.21065626201502
2024-11-26,9.28748449392389
2024-11-27,8.90933326747433
2024-11-28,8.717526464633332
2024-11-29,8.4484803217503
2024-12-02,8.26680671429447
2024-12-03,8.05338372154372
2024-12-04,7.7582186433924605
2024-12-05,7.748026839168786
2024-12-06,7.525999431000497
2024-12-09,7.445745643120594
2024-12-10,7.186997171837743
2024-12-11,6.9517414686094074
2024-12-12,7.155621208389582
2024-12-13,7.187486526534343
2024-12-16,7.59804554403636
2024-12-17,7.358559878987678
2024-12-18,7.180774987560441
2024-12-19,7.380330642727143
2024-12-20,10.25325865476498
2024-12-23,9.853707988416385
2024-12-24,9.452970190138753
2024-12-25,9.062910441388299
2024-12-26,8.696885736727971
2024-12-27,8.355011676766797
2024-12-30,8.035426789452476
2024-12-31,7.793538098178691
2025-01-01,7.6769641269203985
2025-01-02,7.4017812591275245
2025-01-03,7.166750193626543
2025-01-06,6.934954878652315
2025-01-07,7.877087257089833
2025-01-08,7.587811217044649
2025-01-09,8.408664542495323
2025-01-10,8.095178670335262
2025-01-13,7.887938101316161
2025-01-14,8.538816024909133
2025-01-15,8.205421346472628
2025-01-16,7.904010690708768
2025-01-17,8.508266039325619
2025-01-20,8.614791721212352
2025-01-21,8.328581286199075
2025-01-22,8.641634306072119
2025-01-23,8.60240482220198
2025-01-24,8.64032725876222
2025-01-27,8.383967221181512
2025-01-28,8.107515631643077
2025-01-29,7.998061200473744
2025-01-30,8.035054384057956
2025-01-31,7.754617423878751
2025-02-03,7.568349180352743
2025-02-04,7.581261650357936
2025-02-05,7.704223065422031
2025-02-06,7.433638627463173
2025-02-07,7.241009575405245
2025-02-10,7.00128819481696
2025-02-11,8.816813661252102
2025-02-12,8.562650655382885
2025-02-13,8.299519292772445
2025-02-14,9.431827556989923
2025-02-17,9.118313652725677
2025-02-18,8.883587079129633
2025-02-19,8.783045777307347
2025-02-20,8.437303848624648
2025-02-21,8.114018266593723
2025-02-24,8.167021954315787
2025-02-25,8.477338436534092
2025-02-26,8.16659253444688
2025-02-27,8.32148939556298
2025-02-28,8.102124327202889
2025-03-03,7.817116271895851
2025-03-04,7.559060747181846
2025-03-05,7.726511028805377
2025-03-06,8.844358712571665
2025-03-07,8.532491805285783
2025-03-10,9.85511355740955
2025-03-11,9.565955883201015
2025-03-12,10.054399337433743
2025-03-13,9.640430372928304
2025-03-14,9.50011886480313
2025-03-17,9.203350521264717
2025-03-18,8.936872085776095
2025-03-19,8.610877520562592
2025-03-20,8.57246719259541
2025-03-21,8.391115397400984
2025-03-24,8.187049110361958
2025-03-25,7.893684564307695
2025-03-26,7.650867744511763
2025-03-27,7.634080781174504
2025-03-28,7.671291621952922
2025-03-31,7.885305683412828
2025-04-01,7.662371471942468
2025-04-02,7.433177636449968
2025-04-03,7.177245988965254
2025-04-04,7.048927515677579
2025-04-07,11.094708059600372
2025-04-08,10.98804156954395
2025-04-09,12.864889350132467
2025-04-10,12.263153346489549
2025-04-11,14.20879627072348
2025-04-14,15.633781821094608
2025-04-15,14.888970287147604
2025-04-16,14.308079213275581
2025-04-17,13.648206501099283
2025-04-18,13.039422645641608
2025-04-21,12.428386906945908
2025-04-22,11.861841928135533
2025-04-23,13.256409914009685
2025-04-24,12.76325666859736
2025-04-25,12.206389982147186
2025-04-28,12.166176338482204
2025-04-29,11.609373858197461
2025-04-30,11.179687623425405
2025-05-01,11.254443013857305
2025-05-02,10.861706744788384
2025-05-05,10.845854251282333
2025-05-06,12.06191287422113
2025-05-07,11.524575826767242
2025-05-08,11.002734385574476
2025-05-09,10.830216227006101
2025-05-12,10.864976359858455
2025-05-13,10.513934320639086
2025-05-14,11.48705740622484
2025-05-15,10.968218961042561
2025-05-16,10.494791354897469
2025-05-19,10.149817734383236
2025-05-20,9.752404500792919
2025-05-21,9.858879808032375
2025-05-22,9.441867559480787
2025-05-23,9.064901908961335
2025-05-26,8.743206847259623
2025-05-27,8.56442597835039
2025-05-28,8.228603231752105
2025-05-29,8.389528465578872
2025-05-30,8.648175279196824
2025-06-02,8.313425664182473
2025-06-03,8.001797645008807
2025-06-04,7.731614055899751
2025-06-05,7.640954559578088
2025-06-06,7.391813581495597
2025-06-09,8.117431566977338
2025-06-10,7.858969080851641
2025-06-11,7.751436306050949
2025-06-12,7.5428108756226155
2025-06-13,7.287833100933946
2025-06-16,7.3337043225594
2025-06-17,7.2631390833947425
2025-06-18,7.087203156276021
2025-06-19,6.911552294309128
2025-06-20,6.775347603880833
2025-06-23,6.588667500532517
2025-06-24,6.400739988999499
2025-06-25,6.599522338164853
2025-06-26,6.4080523327717405
2025-06-27,6.275814531196177
2025-06-30,6.159924867078013
2025-07-01,6.1058432208144
2025-07-02,6.003725187504414
2025-07-03,6.713545387338951
2025-07-04,6.528682715776965
2025-07-07,6.3979679074831735
2025-07-08,6.241293546841274
2025-07-09,6.094840899056258
2025-07-10,6.206195646594893
2025-07-11,6.270980066321457
2025-07-14,6.10010307194537
2025-07-15,6.061653143593622
2025-07-16,6.6206833479717915
2025-07-17,6.510084315997723
2025-07-18,7.002681868046471
2025-07-21,7.1917263869094255
2025-07-22,7.388448573759739
2025-07-23,7.138415506920669
2025-07-24,6.901495357704731
2025-07-25,6.68164729636479
2025-07-28,6.478385597858259
2025-07-29,6.585573982082847
2025-07-30,6.504936281341904
2025-07-31,6.340942412924805
2025-08-01,6.226150360369532
2025-08-04,6.822381993219218
2025-08-05,7.490792938642943
2025-08-06,7.762988578106805
2025-08-07,7.481669795967792
2025-08-08,8.10602064830218
2025-08-11,8.051241521629926
2025-08-12,7.892138467870465
2025-08-13,7.767571883325189
2025-08-14,7.487023498402814
2025-08-15,7.225535848989192
2025-08-18,6.991582688653425
2025-08-19,6.821875572722518
2025-08-20,6.753389287222433
2025-08-21,7.381026373540221
2025-08-22,7.129973775364175
2025-08-25,6.89637212771274
2025-08-26,7.457776803849724
2025-08-27,7.52021162672707
2025-08-28,7.288705624592647
2025-08-29,7.123679661389037
2025-09-01,6.927176562252419
2025-09-02,7.208349738706021
2025-09-03,7.070839282227782
2025-09-04,7.096987715718613
2025-09-05,6.883670950756991
2025-09-08,6.937414880769927
2025-09-09,6.720189106948371
2025-09-10,6.525287324602854
2025-09-11,6.491857332894837
2025-09-12,6.3125278926316515
2025-09-15,6.212406197766353
2025-09-16,6.558834511648854
2025-09-17,6.415353118391815
2025-09-18,6.277926341339969
2025-09-19,6.105211302765988
2025-09-22,5.9477241845811
2025-09-23,5.910579557278276
2025-09-24,5.766295176921797
2025-09-25,5.633686988316545
2025-09-26,5.844858961457881
2025-09-29,5.9301483160571795
2025-09-30,5.887600387491784
2025-10-01,6.06794978515205
2025-10-02,5.91756455352695
2025-10-03,5.7798126176567015
2025-10-06,5.701659753474262
2025-10-07,5.574369493817285
2025-10-08,5.500060402216154
2025-10-09,5.562195807097101
2025-10-10,6.293923740415938
2025-10-13,6.28512575070786
2025-10-14,7.4258314283865925
2025-10-15,7.965982789658057
2025-10-16,7.68614983105408
2025-10-17,7.536427234898809
2025-10-20,7.441071241483646
2025-10-21,7.188359935606977
2025-10-22,7.025985110658574
2025-10-23,6.850276273376118
2025-10-24,7.359453503003071
2025-10-27,7.132411574106086
2025-10-28,7.057895534144242
2025-10-29,6.861422478352315
2025-10-30,6.654475029516317
2025-10-31,6.6353585322525035
2025-11-03,6.434795238246545
2025-11-04,6.306663952555137
2025-11-05,6.131209413019253
2025-11-06,6.669288366665036
2025-11-07,6.497763166230685
2025-11-10,6.503428321378891
2025-11-11,6.387019476013146
2025-11-12,6.426176264982579
2025-11-13,6.246946895062345
2025-11-14,6.09807974333784
2025-11-17,8.85046298966158
2025-11-18,8.52825094407866
2025-11-19,10.187878608584441
2025-11-20,9.76052041324117
2025-11-21,9.397099570090408
2025-11-24,9.187386094380276
2025-11-25,8.91171865315536
2025-11-26,8.89866449187857
2025-11-27,8.691467823475715
2025-11-28,8.359325086417229
2025-12-01,8.065280769598605
2025-12-02,7.78255909908301
2025-12-03,7.8160828117664884
2025-12-04,7.5501662771993585
2025-12-05,7.445013985441332
2025-12-08,7.185635328416133
2025-12-09,6.9463020823125525
2025-12-10,6.789433259926565
2025-12-11,6.597750940510646
2025-12-12,6.497386395530282
2025-12-15,6.608186636911718
2025-12-16,6.670294604962387
2025-12-17,6.5625396828702165
2025-12-18,6.931226214066909
2025-12-19,6.718660332032725
2025-12-22,6.51192592367799
2025-12-23,6.336213937661443
2025-12-24,6.247012062048273
2025-12-25,6.12987490203731
2025-12-26,5.970537672391169
2025-12-29,5.825256914851448
2025-12-30,5.708306116495866
2025-12-31,5.813519173615676
2026-01-01,5.679272081885542
2026-01-02,5.564642084705691
2026-01-05,6.662155506802596
2026-01-06,6.473005270936671
2026-01-07,7.612247531408401
2026-01-08,7.349973532054421
2026-01-09,7.836946153955264
2026-01-12,7.5633277901393505
2026-01-13,7.351299622556286
2026-01-14,7.772352662970076
2026-01-15,7.51999741912473
2026-01-16,7.268662451958381
2026-01-19,7.112284394496104
2026-01-20,6.914878106622131
2026-01-21,6.7140627327043605
2026-01-22,7.654919510834681
2026-01-23,7.417658949220025
2026-01-26,7.189163650709195
2026-01-27,6.955588989039822
2026-01-28,7.139504966983565
2026-01-29,7.39325102845768
2026-01-30,7.308745593220285
2026-02-02,7.059149266653739
2026-02-03,6.827661551145902
2026-02-04,6.624745181976968
2026-02-05,6.42654185036172
2026-02-06,7.1392816305124045
2026-02-09,6.912918831936971
2026-02-10,6.7740108917066175
2026-02-11,6.645427573459706
2026-02-12,6.4584718975902025
2026-02-13,6.348956380130454
2026-02-16,6.752503317693536
2026-02-17,6.737273103819477
2026-02-18,6.575196501756246
2026-02-19,6.409754323567761
2026-02-20,6.277049394645268
2026-02-23,6.13595910856174
2026-02-24,6.137013307145235
2026-02-25,6.06518573748826
2026-02-26,6.071993093705137
2026-02-27,5.9164954892802095
2026-03-02,5.824359730910965
2026-03-03,5.8044477128014975
2026-03-04,6.000975778302741
2026-03-05,6.683982219045843
2026-03-06,7.015746238411758
2026-03-09,6.881788473792717
2026-03-10,6.680918924624188
2026-03-11,6.916926327703975
2026-03-12,7.308572689266053
2026-03-13,7.061315469375015
2026-03-16,7.5607672457329835
2026-03-17,7.301921028416756
2026-03-18,7.291070284739518
2026-03-19,7.087088038862037
2026-03-20,7.1317601307380665
2026-03-23,7.157253930952676
2026-03-24,8.969440016758755
2026-03-25,8.612811314156886
2026-03-26,8.303424959119981
2026-03-27,8.333974895243482
2026-03-30,8.870885703557981
2026-03-31,8.51923388274233
2026-04-01,8.190191536893764
2026-04-02,8.45488149683833
2026-04-03,8.150348740947473
2026-04-06,7.867209115627414
2026-04-07,7.578582043383113
2026-04-08,7.64657381334539
2026-04-09,8.406712716124316
2026-04-10,8.128251810189202
2026-04-13,7.824802654673654
2026-04-14,7.538998439967362
2026-04-15,8.168026846959355
2026-04-16,7.862577744092759
2026-04-17,7.581708459901284
2026-04-20,7.473401127342524
2026-04-21,7.3943635283740745
2026-04-22,7.143328268093826
2026-04-23,6.908050351860314
2026-04-24,6.688907249575628
2026-04-27,6.82646841050525
2026-04-28,7.0781047033130475
2026-04-29,7.0946103404074
2026-04-30,7.275062186299095
2026-05-01,7.056318526566689
2026-05-04,6.841391640677428
2026-05-05,7.039219969421683
2026-05-06,6.834682738836183
2026-05-07,6.779459128140767
2026-05-08,6.696749119749032
2026-05-11,8.003334839490584
2026-05-12,7.8871946379208095
2026-05-13,7.597185558781088
2026-05-14,7.7753014067212565
2026-05-15,7.944961382598779
2026-05-18,7.7290764100564635
2026-05-19,7.8053596115961
2026-05-20,7.930160551781234
2026-05-21,7.809996122601584
2026-05-22,7.52521285780916
2026-05-25,8.26234266831844
2026-05-26,7.947286186338745
2026-05-27,7.656023155679189
2026-05-28,8.032644795294278
2026-05-29,7.887560556178579
2026-06-01,7.606296350274292
2026-06-02,7.4810590071159435
2026-06-03,7.281288745053137
2026-06-04,7.5047366198555725
2026-06-05,7.241982493400619
2026-06-08,7.584246980770217
2026-06-09,8.567822841177085
2026-06-10,8.43428921405417
2026-06-11,8.192121997113183
2026-06-12,9.92707175853188
2026-06-15,10.391552935615334
2026-06-16,10.027367786044035
2026-06-17,9.796939940493358
2026-06-18,10.253036015083078
2026-06-19,10.242510226312145
2026-06-22,11.134673765769978
2026-06-23,10.659260348388292
2026-06-24,10.388006451844289
2026-06-25,10.60955158768099
2026-06-26,10.316218487661512
2026-06-29,9.971299825517802
2026-06-30,9.545521850862107
2026-07-01,9.287566455424678
2026-07-02,8.911648655047557
2026-07-03,8.553656412007204
2026-07-06,9.660090797953778
2026-07-07,9.411629634930115
2026-07-08,9.12200732916611
2026-07-09,10.560424884739842
2026-07-10,10.127596519480326
2026-07-13,9.89843370389763
2026-07-14,9.861293688033623
2026-07-15,10.098178708992426
2026-07-16,9.760191800548602
2026-07-17,9.359373488938527
2026-07-20,9.89839079605398
2026-07-21,9.532168384143155
2026-07-22,9.142969674855676
2026-07-23,9.094635210804189
2026-07-24,8.7252043792237
2026-07-27,8.445687651653175
2026-07-28,8.318991741166997
2026-07-29,8.19360598680577
2026-07-30,10.180807638467714
2026-07-31,10.27024096585513
2026-08-03,10.017217646402232
2026-08-04,9.88348248624304
2026-08-05,9.469502656126936
2026-08-06,9.283614491449034
2026-08-07,8.912092192512308
2026-08-10,8.5561555411729
2026-08-11,8.221082916843557
2026-08-12,7.920844275075456
2026-08-13,7.838267210636036
2026-08-14,7.592638185402163
2026-08-17,7.388823802446188
2026-08-18,7.161393397306996
2026-08-19,6.9226589752764855
2026-08-20,6.702244003155323
2026-08-21,6.602078065723798
2026-08-24,6.408529792509212
2026-08-25,6.229369699403287
2026-08-26,6.482265743817079
2026-08-27,6.329121501672684
2026-08-28,6.4273030807093265
2026-08-31,6.55263104485377
2026-09-01,6.557632942037171
2026-09-02,6.374515358355457
2026-09-03,6.242659286281933
2026-09-04,6.326358102271626
2026-09-07,6.155751702433916
2026-09-08,6.019103844029469
2026-09-09,5.872926707585678
2026-09-10,7.354908083348003
2026-09-11,7.533225104608768
2026-09-14,7.295799303224548
2026-09-15,7.116773478178305
2026-09-16,6.9186795580669616
2026-09-17,6.912362816621826
2026-09-18,6.709310046027002
2026-09-21,6.505001432986412
2026-09-22,6.833087159176211
2026-09-23,6.6872373289011025
2026-09-24,7.143457819726984
2026-09-25,6.921269856044088
2026-09-28,6.899580015398967
2026-09-29,6.697236445235746
2026-09-30,7.21041459634856
2026-10-01,6.978611476051387
